path,original_class,label_index,label_name,mask_ok,coverage
C:\Users\vitor\.cache\kagglehub\datasets\sujitraarw\coffee-green-bean-with-17-defects-original\versions\1\Broken\Broken_01.jpg,Broken,0,Broken,True,1.0
C:\Users\vitor\.cache\kagglehub\datasets\sujitraarw\coffee-green-bean-with-17-defects-original\versions\1\Broken\Broken_02.jpg,Broken,0,Broken,True,1.0
C:\Users\vitor\.cache\kagglehub\datasets\sujitraarw\coffee-green-bean-with-17-defects-original\versions\1\Broken\Broken_03.jpg,Broken,0,Broken,True,1.0
C:\Users\vitor\.cache\kagglehub\datasets\sujitraarw\coffee-green-bean-with-17-defects-original\versions\1\Broken\Broken_04.jpg,Broken,0,Broken,True,1.0
C:\Users\vitor\.cache\kagglehub\datasets\sujitraarw\coffee-green-bean-with-17-defects-original\versions\1\Broken\Broken_05.jpg,Broken,0,Broken,True,1.0
C:\Users\vitor\.cache\kagglehub\datasets\sujitraarw\coffee-green-bean-with-17-defects-original\versions\1\Broken\Broken_06.jpg,Broken,0,Broken,True,1.0
C:\Users\vitor\.cache\kagglehub\datasets\sujitraarw\coffee-green-bean-with-17-defects-original\versions\1\Broken\Broken_07.jpg,Broken,0,Broken,True,1.0
C:\Users\vitor\.cache\kagglehub\datasets\sujitraarw\coffee-green-bean-with-17-defects-original\versions\1\Broken\Broken_08.jpg,Broken,0,Broken,True,1.0
C:\Users\vitor\.cache\kagglehub\datasets\sujitraarw\coffee-green-bean-with-17-defects-original\versions\1\Broken\Broken_09.jpg,Broken,0,Broken,True,1.0
C:\Users\vitor\.cache\kagglehub\datasets\sujitraarw\coffee-green-bean-with-17-defects-original\versions\1\Broken\Broken_10.jpg,Broken,0,Broken,True,1.0
C:\Users\vitor\.cache\kagglehub\datasets\sujitraarw\coffee-green-bean-with-17-defects-original\versions\1\Broken\Broken_11.jpg,Broken,0,Broken,True,1.0
C:\Users\vitor\.cache\kagglehub\datasets\sujitraarw\coffee-green-bean-with-17-defects-original\versions\1\Broken\Broken_12.jpg,Broken,0,Broken,True,1.0
C:\Users\vitor\.cache\kagglehub\datasets\sujitraarw\coffee-green-bean-with-17-defects-original\versions\1\Broken\Broken_13.jpg,Broken,0,Broken,True,1.0
C:\Users\vitor\.cache\kagglehub\datasets\sujitraarw\coffee-green-bean-with-17-defects-original\versions\1\Broken\Broken_14.jpg,Broken,0,Broken,True,1.0
C:\Users\vitor\.cache\kagglehub\datasets\sujitraarw\coffee-green-bean-with-17-defects-original\versions\1\Broken\Broken_15.jpg,Broken,0,Broken,True,1.0
C:\Users\vitor\.cache\kagglehub\datasets\sujitraarw\coffee-green-bean-with-17-defects-original\versions\1\Broken\Broken_16.jpg,Broken,0,Broken,True,1.0
C:\Users\vitor\.cache\kagglehub\datasets\sujitraarw\coffee-green-bean-with-17-defects-original\versions\1\Broken\Broken_17.jpg,Broken,0,Broken,True,1.0
C:\Users\vitor\.cache\kagglehub\datasets\sujitraarw\coffee-green-bean-with-17-defects-original\versions\1\Broken\Broken_18.jpg,Broken,0,Broken,True,1.0
C:\Users\vitor\.cache\kagglehub\datasets\sujitraarw\coffee-green-bean-with-17-defects-original\versions\1\Broken\Broken_19.jpg,Broken,0,Broken,True,1.0
C:\Users\vitor\.cache\kagglehub\datasets\sujitraarw\coffee-green-bean-with-17-defects-original\versions\1\Broken\Broken_20.jpg,Broken,0,Broken,True,1.0
C:\Users\vitor\.cache\kagglehub\datasets\sujitraarw\coffee-green-bean-with-17-defects-original\versions\1\Broken\Broken_21.jpg,Broken,0,Broken,True,1.0
C:\Users\vitor\.cache\kagglehub\datasets\sujitraarw\coffee-green-bean-with-17-defects-original\versions\1\Broken\Broken_22.jpg,Broken,0,Broken,True,1.0
C:\Users\vitor\.cache\kagglehub\datasets\sujitraarw\coffee-green-bean-with-17-defects-original\versions\1\Broken\Broken_23.jpg,Broken,0,Broken,True,1.0
C:\Users\vitor\.cache\kagglehub\datasets\sujitraarw\coffee-green-bean-with-17-defects-original\versions\1\Broken\Broken_24.jpg,Broken,0,Broken,True,1.0
C:\Users\vitor\.cache\kagglehub\datasets\sujitraarw\coffee-green-bean-with-17-defects-original\versions\1\Broken\Broken_25.jpg,Broken,0,Broken,True,1.0
C:\Users\vitor\.cache\kagglehub\datasets\sujitraarw\coffee-green-bean-with-17-defects-original\versions\1\Broken\Broken_26.jpg,Broken,0,Broken,True,1.0
C:\Users\vitor\.cache\kagglehub\datasets\sujitraarw\coffee-green-bean-with-17-defects-original\versions\1\Broken\Broken_27.jpg,Broken,0,Broken,True,1.0
C:\Users\vitor\.cache\kagglehub\datasets\sujitraarw\coffee-green-bean-with-17-defects-original\versions\1\Broken\Broken_28.jpg,Broken,0,Broken,True,1.0
C:\Users\vitor\.cache\kagglehub\datasets\sujitraarw\coffee-green-bean-with-17-defects-original\versions\1\Broken\Broken_29.jpg,Broken,0,Broken,True,1.0
C:\Users\vitor\.cache\kagglehub\datasets\sujitraarw\coffee-green-bean-with-17-defects-original\versions\1\Broken\Broken_30.jpg,Broken,0,Broken,True,1.0
C:\Users\vitor\.cache\kagglehub\datasets\sujitraarw\coffee-green-bean-with-17-defects-original\versions\1\Broken\Broken_31.jpg,Broken,0,Broken,True,1.0
C:\Users\vitor\.cache\kagglehub\datasets\sujitraarw\coffee-green-bean-with-17-defects-original\versions\1\Broken\Broken_32.jpg,Broken,0,Broken,True,1.0
C:\Users\vitor\.cache\kagglehub\datasets\sujitraarw\coffee-green-bean-with-17-defects-original\versions\1\Broken\Broken_33.jpg,Broken,0,Broken,True,1.0
C:\Users\vitor\.cache\kagglehub\datasets\sujitraarw\coffee-green-bean-with-17-defects-original\versions\1\Broken\Broken_34.jpg,Broken,0,Broken,True,1.0
C:\Users\vitor\.cache\kagglehub\datasets\sujitraarw\coffee-green-bean-with-17-defects-original\versions\1\Broken\Broken_35.jpg,Broken,0,Broken,True,1.0
C:\Users\vitor\.cache\kagglehub\datasets\sujitraarw\coffee-green-bean-with-17-defects-original\versions\1\Broken\Broken_36.jpg,Broken,0,Broken,True,1.0
C:\Users\vitor\.cache\kagglehub\datasets\sujitraarw\coffee-green-bean-with-17-defects-original\versions\1\Broken\Broken_37.jpg,Broken,0,Broken,True,1.0
C:\Users\vitor\.cache\kagglehub\datasets\sujitraarw\coffee-green-bean-with-17-defects-original\versions\1\Broken\Broken_38.jpg,Broken,0,Broken,True,1.0
C:\Users\vitor\.cache\kagglehub\datasets\sujitraarw\coffee-green-bean-with-17-defects-original\versions\1\Broken\Broken_39.jpg,Broken,0,Broken,True,1.0
C:\Users\vitor\.cache\kagglehub\datasets\sujitraarw\coffee-green-bean-with-17-defects-original\versions\1\Broken\Broken_40.jpg,Broken,0,Broken,True,1.0
C:\Users\vitor\.cache\kagglehub\datasets\sujitraarw\coffee-green-bean-with-17-defects-original\versions\1\Broken\Broken_41.jpg,Broken,0,Broken,True,1.0
C:\Users\vitor\.cache\kagglehub\datasets\sujitraarw\coffee-green-bean-with-17-defects-original\versions\1\Broken\Broken_42.jpg,Broken,0,Broken,True,1.0
C:\Users\vitor\.cache\kagglehub\datasets\sujitraarw\coffee-green-bean-with-17-defects-original\versions\1\Broken\Broken_43.jpg,Broken,0,Broken,True,1.0
C:\Users\vitor\.cache\kagglehub\datasets\sujitraarw\coffee-green-bean-with-17-defects-original\versions\1\Broken\Broken_44.jpg,Broken,0,Broken,True,1.0
C:\Users\vitor\.cache\kagglehub\datasets\sujitraarw\coffee-green-bean-with-17-defects-original\versions\1\Broken\Broken_45.jpg,Broken,0,Broken,True,1.0
C:\Users\vitor\.cache\kagglehub\datasets\sujitraarw\coffee-green-bean-with-17-defects-original\versions\1\Broken\Broken_46.jpg,Broken,0,Broken,True,1.0
C:\Users\vitor\.cache\kagglehub\datasets\sujitraarw\coffee-green-bean-with-17-defects-original\versions\1\Broken\Broken_47.jpg,Broken,0,Broken,True,1.0
C:\Users\vitor\.cache\kagglehub\datasets\sujitraarw\coffee-green-bean-with-17-defects-original\versions\1\Broken\Broken_48.jpg,Broken,0,Broken,True,1.0
C:\Users\vitor\.cache\kagglehub\datasets\sujitraarw\coffee-green-bean-with-17-defects-original\versions\1\Broken\Broken_49.jpg,Broken,0,Broken,True,1.0
C:\Users\vitor\.cache\kagglehub\datasets\sujitraarw\coffee-green-bean-with-17-defects-original\versions\1\Broken\Broken_50.jpg,Broken,0,Broken,True,1.0
C:\Users\vitor\.cache\kagglehub\datasets\sujitraarw\coffee-green-bean-with-17-defects-original\versions\1\Broken\Broken_51.jpg,Broken,0,Broken,True,1.0
C:\Users\vitor\.cache\kagglehub\datasets\sujitraarw\coffee-green-bean-with-17-defects-original\versions\1\Broken\Broken_52.jpg,Broken,0,Broken,True,1.0
C:\Users\vitor\.cache\kagglehub\datasets\sujitraarw\coffee-green-bean-with-17-defects-original\versions\1\Broken\Broken_53.jpg,Broken,0,Broken,True,1.0
C:\Users\vitor\.cache\kagglehub\datasets\sujitraarw\coffee-green-bean-with-17-defects-original\versions\1\Broken\Broken_54.jpg,Broken,0,Broken,True,1.0
C:\Users\vitor\.cache\kagglehub\datasets\sujitraarw\coffee-green-bean-with-17-defects-original\versions\1\Broken\Broken_55.jpg,Broken,0,Broken,True,1.0
C:\Users\vitor\.cache\kagglehub\datasets\sujitraarw\coffee-green-bean-with-17-defects-original\versions\1\Broken\Broken_56.jpg,Broken,0,Broken,True,1.0
C:\Users\vitor\.cache\kagglehub\datasets\sujitraarw\coffee-green-bean-with-17-defects-original\versions\1\Broken\Broken_57.jpg,Broken,0,Broken,True,1.0
C:\Users\vitor\.cache\kagglehub\datasets\sujitraarw\coffee-green-bean-with-17-defects-original\versions\1\Broken\Broken_58.jpg,Broken,0,Broken,True,1.0
C:\Users\vitor\.cache\kagglehub\datasets\sujitraarw\coffee-green-bean-with-17-defects-original\versions\1\Broken\Broken_59.jpg,Broken,0,Broken,True,1.0
C:\Users\vitor\.cache\kagglehub\datasets\sujitraarw\coffee-green-bean-with-17-defects-original\versions\1\Broken\Broken_60.jpg,Broken,0,Broken,True,1.0
C:\Users\vitor\.cache\kagglehub\datasets\sujitraarw\coffee-green-bean-with-17-defects-original\versions\1\Broken\Broken_61.jpg,Broken,0,Broken,True,1.0
C:\Users\vitor\.cache\kagglehub\datasets\sujitraarw\coffee-green-bean-with-17-defects-original\versions\1\Broken\Broken_62.jpg,Broken,0,Broken,True,1.0
C:\Users\vitor\.cache\kagglehub\datasets\sujitraarw\coffee-green-bean-with-17-defects-original\versions\1\Broken\Broken_01.jpg,Broken,0,Broken,True,1.0
C:\Users\vitor\.cache\kagglehub\datasets\sujitraarw\coffee-green-bean-with-17-defects-original\versions\1\Broken\Broken_02.jpg,Broken,0,Broken,True,1.0
C:\Users\vitor\.cache\kagglehub\datasets\sujitraarw\coffee-green-bean-with-17-defects-original\versions\1\Broken\Broken_03.jpg,Broken,0,Broken,True,1.0
C:\Users\vitor\.cache\kagglehub\datasets\sujitraarw\coffee-green-bean-with-17-defects-original\versions\1\Broken\Broken_04.jpg,Broken,0,Broken,True,1.0
C:\Users\vitor\.cache\kagglehub\datasets\sujitraarw\coffee-green-bean-with-17-defects-original\versions\1\Broken\Broken_05.jpg,Broken,0,Broken,True,1.0
C:\Users\vitor\.cache\kagglehub\datasets\sujitraarw\coffee-green-bean-with-17-defects-original\versions\1\Broken\Broken_06.jpg,Broken,0,Broken,True,1.0
C:\Users\vitor\.cache\kagglehub\datasets\sujitraarw\coffee-green-bean-with-17-defects-original\versions\1\Broken\Broken_07.jpg,Broken,0,Broken,True,1.0
C:\Users\vitor\.cache\kagglehub\datasets\sujitraarw\coffee-green-bean-with-17-defects-original\versions\1\Broken\Broken_08.jpg,Broken,0,Broken,True,1.0
C:\Users\vitor\.cache\kagglehub\datasets\sujitraarw\coffee-green-bean-with-17-defects-original\versions\1\Broken\Broken_09.jpg,Broken,0,Broken,True,1.0
C:\Users\vitor\.cache\kagglehub\datasets\sujitraarw\coffee-green-bean-with-17-defects-original\versions\1\Broken\Broken_10.jpg,Broken,0,Broken,True,1.0
C:\Users\vitor\.cache\kagglehub\datasets\sujitraarw\coffee-green-bean-with-17-defects-original\versions\1\Broken\Broken_11.jpg,Broken,0,Broken,True,1.0
C:\Users\vitor\.cache\kagglehub\datasets\sujitraarw\coffee-green-bean-with-17-defects-original\versions\1\Broken\Broken_12.jpg,Broken,0,Broken,True,1.0
C:\Users\vitor\.cache\kagglehub\datasets\sujitraarw\coffee-green-bean-with-17-defects-original\versions\1\Broken\Broken_13.jpg,Broken,0,Broken,True,1.0
C:\Users\vitor\.cache\kagglehub\datasets\sujitraarw\coffee-green-bean-with-17-defects-original\versions\1\Broken\Broken_14.jpg,Broken,0,Broken,True,1.0
C:\Users\vitor\.cache\kagglehub\datasets\sujitraarw\coffee-green-bean-with-17-defects-original\versions\1\Broken\Broken_15.jpg,Broken,0,Broken,True,1.0
C:\Users\vitor\.cache\kagglehub\datasets\sujitraarw\coffee-green-bean-with-17-defects-original\versions\1\Broken\Broken_16.jpg,Broken,0,Broken,True,1.0
C:\Users\vitor\.cache\kagglehub\datasets\sujitraarw\coffee-green-bean-with-17-defects-original\versions\1\Broken\Broken_17.jpg,Broken,0,Broken,True,1.0
C:\Users\vitor\.cache\kagglehub\datasets\sujitraarw\coffee-green-bean-with-17-defects-original\versions\1\Broken\Broken_18.jpg,Broken,0,Broken,True,1.0
C:\Users\vitor\.cache\kagglehub\datasets\sujitraarw\coffee-green-bean-with-17-defects-original\versions\1\Broken\Broken_19.jpg,Broken,0,Broken,True,1.0
C:\Users\vitor\.cache\kagglehub\datasets\sujitraarw\coffee-green-bean-with-17-defects-original\versions\1\Broken\Broken_20.jpg,Broken,0,Broken,True,1.0
C:\Users\vitor\.cache\kagglehub\datasets\sujitraarw\coffee-green-bean-with-17-defects-original\versions\1\Broken\Broken_21.jpg,Broken,0,Broken,True,1.0
C:\Users\vitor\.cache\kagglehub\datasets\sujitraarw\coffee-green-bean-with-17-defects-original\versions\1\Broken\Broken_22.jpg,Broken,0,Broken,True,1.0
C:\Users\vitor\.cache\kagglehub\datasets\sujitraarw\coffee-green-bean-with-17-defects-original\versions\1\Broken\Broken_23.jpg,Broken,0,Broken,True,1.0
C:\Users\vitor\.cache\kagglehub\datasets\sujitraarw\coffee-green-bean-with-17-defects-original\versions\1\Broken\Broken_24.jpg,Broken,0,Broken,True,1.0
C:\Users\vitor\.cache\kagglehub\datasets\sujitraarw\coffee-green-bean-with-17-defects-original\versions\1\Broken\Broken_25.jpg,Broken,0,Broken,True,1.0
C:\Users\vitor\.cache\kagglehub\datasets\sujitraarw\coffee-green-bean-with-17-defects-original\versions\1\Broken\Broken_26.jpg,Broken,0,Broken,True,1.0
C:\Users\vitor\.cache\kagglehub\datasets\sujitraarw\coffee-green-bean-with-17-defects-original\versions\1\Broken\Broken_27.jpg,Broken,0,Broken,True,1.0
C:\Users\vitor\.cache\kagglehub\datasets\sujitraarw\coffee-green-bean-with-17-defects-original\versions\1\Broken\Broken_28.jpg,Broken,0,Broken,True,1.0
C:\Users\vitor\.cache\kagglehub\datasets\sujitraarw\coffee-green-bean-with-17-defects-original\versions\1\Broken\Broken_29.jpg,Broken,0,Broken,True,1.0
C:\Users\vitor\.cache\kagglehub\datasets\sujitraarw\coffee-green-bean-with-17-defects-original\versions\1\Broken\Broken_30.jpg,Broken,0,Broken,True,1.0
C:\Users\vitor\.cache\kagglehub\datasets\sujitraarw\coffee-green-bean-with-17-defects-original\versions\1\Broken\Broken_31.jpg,Broken,0,Broken,True,1.0
C:\Users\vitor\.cache\kagglehub\datasets\sujitraarw\coffee-green-bean-with-17-defects-original\versions\1\Broken\Broken_32.jpg,Broken,0,Broken,True,1.0
C:\Users\vitor\.cache\kagglehub\datasets\sujitraarw\coffee-green-bean-with-17-defects-original\versions\1\Broken\Broken_33.jpg,Broken,0,Broken,True,1.0
C:\Users\vitor\.cache\kagglehub\datasets\sujitraarw\coffee-green-bean-with-17-defects-original\versions\1\Broken\Broken_34.jpg,Broken,0,Broken,True,1.0
C:\Users\vitor\.cache\kagglehub\datasets\sujitraarw\coffee-green-bean-with-17-defects-original\versions\1\Broken\Broken_35.jpg,Broken,0,Broken,True,1.0
C:\Users\vitor\.cache\kagglehub\datasets\sujitraarw\coffee-green-bean-with-17-defects-original\versions\1\Broken\Broken_36.jpg,Broken,0,Broken,True,1.0
C:\Users\vitor\.cache\kagglehub\datasets\sujitraarw\coffee-green-bean-with-17-defects-original\versions\1\Broken\Broken_37.jpg,Broken,0,Broken,True,1.0
C:\Users\vitor\.cache\kagglehub\datasets\sujitraarw\coffee-green-bean-with-17-defects-original\versions\1\Broken\Broken_38.jpg,Broken,0,Broken,True,1.0
C:\Users\vitor\.cache\kagglehub\datasets\sujitraarw\coffee-green-bean-with-17-defects-original\versions\1\Broken\Broken_39.jpg,Broken,0,Broken,True,1.0
C:\Users\vitor\.cache\kagglehub\datasets\sujitraarw\coffee-green-bean-with-17-defects-original\versions\1\Broken\Broken_40.jpg,Broken,0,Broken,True,1.0
C:\Users\vitor\.cache\kagglehub\datasets\sujitraarw\coffee-green-bean-with-17-defects-original\versions\1\Broken\Broken_41.jpg,Broken,0,Broken,True,1.0
C:\Users\vitor\.cache\kagglehub\datasets\sujitraarw\coffee-green-bean-with-17-defects-original\versions\1\Broken\Broken_42.jpg,Broken,0,Broken,True,1.0
C:\Users\vitor\.cache\kagglehub\datasets\sujitraarw\coffee-green-bean-with-17-defects-original\versions\1\Broken\Broken_43.jpg,Broken,0,Broken,True,1.0
C:\Users\vitor\.cache\kagglehub\datasets\sujitraarw\coffee-green-bean-with-17-defects-original\versions\1\Broken\Broken_44.jpg,Broken,0,Broken,True,1.0
C:\Users\vitor\.cache\kagglehub\datasets\sujitraarw\coffee-green-bean-with-17-defects-original\versions\1\Broken\Broken_45.jpg,Broken,0,Broken,True,1.0
C:\Users\vitor\.cache\kagglehub\datasets\sujitraarw\coffee-green-bean-with-17-defects-original\versions\1\Broken\Broken_46.jpg,Broken,0,Broken,True,1.0
C:\Users\vitor\.cache\kagglehub\datasets\sujitraarw\coffee-green-bean-with-17-defects-original\versions\1\Broken\Broken_47.jpg,Broken,0,Broken,True,1.0
C:\Users\vitor\.cache\kagglehub\datasets\sujitraarw\coffee-green-bean-with-17-defects-original\versions\1\Broken\Broken_48.jpg,Broken,0,Broken,True,1.0
C:\Users\vitor\.cache\kagglehub\datasets\sujitraarw\coffee-green-bean-with-17-defects-original\versions\1\Broken\Broken_49.jpg,Broken,0,Broken,True,1.0
C:\Users\vitor\.cache\kagglehub\datasets\sujitraarw\coffee-green-bean-with-17-defects-original\versions\1\Broken\Broken_50.jpg,Broken,0,Broken,True,1.0
C:\Users\vitor\.cache\kagglehub\datasets\sujitraarw\coffee-green-bean-with-17-defects-original\versions\1\Broken\Broken_51.jpg,Broken,0,Broken,True,1.0
C:\Users\vitor\.cache\kagglehub\datasets\sujitraarw\coffee-green-bean-with-17-defects-original\versions\1\Broken\Broken_52.jpg,Broken,0,Broken,True,1.0
C:\Users\vitor\.cache\kagglehub\datasets\sujitraarw\coffee-green-bean-with-17-defects-original\versions\1\Broken\Broken_53.jpg,Broken,0,Broken,True,1.0
C:\Users\vitor\.cache\kagglehub\datasets\sujitraarw\coffee-green-bean-with-17-defects-original\versions\1\Broken\Broken_54.jpg,Broken,0,Broken,True,1.0
C:\Users\vitor\.cache\kagglehub\datasets\sujitraarw\coffee-green-bean-with-17-defects-original\versions\1\Broken\Broken_55.jpg,Broken,0,Broken,True,1.0
C:\Users\vitor\.cache\kagglehub\datasets\sujitraarw\coffee-green-bean-with-17-defects-original\versions\1\Broken\Broken_56.jpg,Broken,0,Broken,True,1.0
C:\Users\vitor\.cache\kagglehub\datasets\sujitraarw\coffee-green-bean-with-17-defects-original\versions\1\Broken\Broken_57.jpg,Broken,0,Broken,True,1.0
C:\Users\vitor\.cache\kagglehub\datasets\sujitraarw\coffee-green-bean-with-17-defects-original\versions\1\Broken\Broken_58.jpg,Broken,0,Broken,True,1.0
C:\Users\vitor\.cache\kagglehub\datasets\sujitraarw\coffee-green-bean-with-17-defects-original\versions\1\Broken\Broken_59.jpg,Broken,0,Broken,True,1.0
C:\Users\vitor\.cache\kagglehub\datasets\sujitraarw\coffee-green-bean-with-17-defects-original\versions\1\Broken\Broken_60.jpg,Broken,0,Broken,True,1.0
C:\Users\vitor\.cache\kagglehub\datasets\sujitraarw\coffee-green-bean-with-17-defects-original\versions\1\Broken\Broken_61.jpg,Broken,0,Broken,True,1.0
C:\Users\vitor\.cache\kagglehub\datasets\sujitraarw\coffee-green-bean-with-17-defects-original\versions\1\Broken\Broken_62.jpg,Broken,0,Broken,True,1.0
C:\Users\vitor\.cache\kagglehub\datasets\sujitraarw\coffee-green-bean-with-17-defects-original\versions\1\Cut\Cut_01.jpg,Cut,1,Cut,True,1.0
C:\Users\vitor\.cache\kagglehub\datasets\sujitraarw\coffee-green-bean-with-17-defects-original\versions\1\Cut\Cut_02.jpg,Cut,1,Cut,True,1.0
C:\Users\vitor\.cache\kagglehub\datasets\sujitraarw\coffee-green-bean-with-17-defects-original\versions\1\Cut\Cut_03.jpg,Cut,1,Cut,True,1.0
C:\Users\vitor\.cache\kagglehub\datasets\sujitraarw\coffee-green-bean-with-17-defects-original\versions\1\Cut\Cut_04.jpg,Cut,1,Cut,True,1.0
C:\Users\vitor\.cache\kagglehub\datasets\sujitraarw\coffee-green-bean-with-17-defects-original\versions\1\Cut\Cut_05.jpg,Cut,1,Cut,True,1.0
C:\Users\vitor\.cache\kagglehub\datasets\sujitraarw\coffee-green-bean-with-17-defects-original\versions\1\Cut\Cut_06.jpg,Cut,1,Cut,True,1.0
C:\Users\vitor\.cache\kagglehub\datasets\sujitraarw\coffee-green-bean-with-17-defects-original\versions\1\Cut\Cut_07.jpg,Cut,1,Cut,True,1.0
C:\Users\vitor\.cache\kagglehub\datasets\sujitraarw\coffee-green-bean-with-17-defects-original\versions\1\Cut\Cut_08.jpg,Cut,1,Cut,True,1.0
C:\Users\vitor\.cache\kagglehub\datasets\sujitraarw\coffee-green-bean-with-17-defects-original\versions\1\Cut\Cut_09.jpg,Cut,1,Cut,True,1.0
C:\Users\vitor\.cache\kagglehub\datasets\sujitraarw\coffee-green-bean-with-17-defects-original\versions\1\Cut\Cut_10.jpg,Cut,1,Cut,True,1.0
C:\Users\vitor\.cache\kagglehub\datasets\sujitraarw\coffee-green-bean-with-17-defects-original\versions\1\Cut\Cut_11.jpg,Cut,1,Cut,True,1.0
C:\Users\vitor\.cache\kagglehub\datasets\sujitraarw\coffee-green-bean-with-17-defects-original\versions\1\Cut\Cut_12.jpg,Cut,1,Cut,True,1.0
C:\Users\vitor\.cache\kagglehub\datasets\sujitraarw\coffee-green-bean-with-17-defects-original\versions\1\Cut\Cut_13.jpg,Cut,1,Cut,True,1.0
C:\Users\vitor\.cache\kagglehub\datasets\sujitraarw\coffee-green-bean-with-17-defects-original\versions\1\Cut\Cut_14.jpg,Cut,1,Cut,True,1.0
C:\Users\vitor\.cache\kagglehub\datasets\sujitraarw\coffee-green-bean-with-17-defects-original\versions\1\Cut\Cut_15.jpg,Cut,1,Cut,True,1.0
C:\Users\vitor\.cache\kagglehub\datasets\sujitraarw\coffee-green-bean-with-17-defects-original\versions\1\Cut\Cut_16.jpg,Cut,1,Cut,True,1.0
C:\Users\vitor\.cache\kagglehub\datasets\sujitraarw\coffee-green-bean-with-17-defects-original\versions\1\Cut\Cut_17.jpg,Cut,1,Cut,True,1.0
C:\Users\vitor\.cache\kagglehub\datasets\sujitraarw\coffee-green-bean-with-17-defects-original\versions\1\Cut\Cut_18.jpg,Cut,1,Cut,True,1.0
C:\Users\vitor\.cache\kagglehub\datasets\sujitraarw\coffee-green-bean-with-17-defects-original\versions\1\Cut\Cut_19.jpg,Cut,1,Cut,True,1.0
C:\Users\vitor\.cache\kagglehub\datasets\sujitraarw\coffee-green-bean-with-17-defects-original\versions\1\Cut\Cut_20.jpg,Cut,1,Cut,True,1.0
C:\Users\vitor\.cache\kagglehub\datasets\sujitraarw\coffee-green-bean-with-17-defects-original\versions\1\Cut\Cut_21.jpg,Cut,1,Cut,True,1.0
C:\Users\vitor\.cache\kagglehub\datasets\sujitraarw\coffee-green-bean-with-17-defects-original\versions\1\Cut\Cut_22.jpg,Cut,1,Cut,True,1.0
C:\Users\vitor\.cache\kagglehub\datasets\sujitraarw\coffee-green-bean-with-17-defects-original\versions\1\Cut\Cut_23.jpg,Cut,1,Cut,True,1.0
C:\Users\vitor\.cache\kagglehub\datasets\sujitraarw\coffee-green-bean-with-17-defects-original\versions\1\Cut\Cut_24.jpg,Cut,1,Cut,True,1.0
C:\Users\vitor\.cache\kagglehub\datasets\sujitraarw\coffee-green-bean-with-17-defects-original\versions\1\Cut\Cut_25.jpg,Cut,1,Cut,True,1.0
C:\Users\vitor\.cache\kagglehub\datasets\sujitraarw\coffee-green-bean-with-17-defects-original\versions\1\Cut\Cut_26.jpg,Cut,1,Cut,True,1.0
C:\Users\vitor\.cache\kagglehub\datasets\sujitraarw\coffee-green-bean-with-17-defects-original\versions\1\Cut\Cut_27.jpg,Cut,1,Cut,True,1.0
C:\Users\vitor\.cache\kagglehub\datasets\sujitraarw\coffee-green-bean-with-17-defects-original\versions\1\Cut\Cut_28.jpg,Cut,1,Cut,True,1.0
C:\Users\vitor\.cache\kagglehub\datasets\sujitraarw\coffee-green-bean-with-17-defects-original\versions\1\Cut\Cut_29.jpg,Cut,1,Cut,True,1.0
C:\Users\vitor\.cache\kagglehub\datasets\sujitraarw\coffee-green-bean-with-17-defects-original\versions\1\Cut\Cut_30.jpg,Cut,1,Cut,True,1.0
C:\Users\vitor\.cache\kagglehub\datasets\sujitraarw\coffee-green-bean-with-17-defects-original\versions\1\Cut\Cut_31.jpg,Cut,1,Cut,True,1.0
C:\Users\vitor\.cache\kagglehub\datasets\sujitraarw\coffee-green-bean-with-17-defects-original\versions\1\Cut\Cut_32.jpg,Cut,1,Cut,True,1.0
C:\Users\vitor\.cache\kagglehub\datasets\sujitraarw\coffee-green-bean-with-17-defects-original\versions\1\Cut\Cut_33.jpg,Cut,1,Cut,True,1.0
C:\Users\vitor\.cache\kagglehub\datasets\sujitraarw\coffee-green-bean-with-17-defects-original\versions\1\Cut\Cut_34.jpg,Cut,1,Cut,True,1.0
C:\Users\vitor\.cache\kagglehub\datasets\sujitraarw\coffee-green-bean-with-17-defects-original\versions\1\Cut\Cut_35.jpg,Cut,1,Cut,True,1.0
C:\Users\vitor\.cache\kagglehub\datasets\sujitraarw\coffee-green-bean-with-17-defects-original\versions\1\Cut\Cut_36.jpg,Cut,1,Cut,True,1.0
C:\Users\vitor\.cache\kagglehub\datasets\sujitraarw\coffee-green-bean-with-17-defects-original\versions\1\Cut\Cut_37.jpg,Cut,1,Cut,True,1.0
C:\Users\vitor\.cache\kagglehub\datasets\sujitraarw\coffee-green-bean-with-17-defects-original\versions\1\Cut\Cut_38.jpg,Cut,1,Cut,True,1.0
C:\Users\vitor\.cache\kagglehub\datasets\sujitraarw\coffee-green-bean-with-17-defects-original\versions\1\Cut\Cut_39.jpg,Cut,1,Cut,True,1.0
C:\Users\vitor\.cache\kagglehub\datasets\sujitraarw\coffee-green-bean-with-17-defects-original\versions\1\Cut\Cut_40.jpg,Cut,1,Cut,True,1.0
C:\Users\vitor\.cache\kagglehub\datasets\sujitraarw\coffee-green-bean-with-17-defects-original\versions\1\Cut\Cut_41.jpg,Cut,1,Cut,True,1.0
C:\Users\vitor\.cache\kagglehub\datasets\sujitraarw\coffee-green-bean-with-17-defects-original\versions\1\Cut\Cut_42.jpg,Cut,1,Cut,True,1.0
C:\Users\vitor\.cache\kagglehub\datasets\sujitraarw\coffee-green-bean-with-17-defects-original\versions\1\Cut\Cut_43.jpg,Cut,1,Cut,True,1.0
C:\Users\vitor\.cache\kagglehub\datasets\sujitraarw\coffee-green-bean-with-17-defects-original\versions\1\Cut\Cut_44.jpg,Cut,1,Cut,True,1.0
C:\Users\vitor\.cache\kagglehub\datasets\sujitraarw\coffee-green-bean-with-17-defects-original\versions\1\Cut\Cut_45.jpg,Cut,1,Cut,True,1.0
C:\Users\vitor\.cache\kagglehub\datasets\sujitraarw\coffee-green-bean-with-17-defects-original\versions\1\Cut\Cut_46.jpg,Cut,1,Cut,True,1.0
C:\Users\vitor\.cache\kagglehub\datasets\sujitraarw\coffee-green-bean-with-17-defects-original\versions\1\Cut\Cut_47.jpg,Cut,1,Cut,True,1.0
C:\Users\vitor\.cache\kagglehub\datasets\sujitraarw\coffee-green-bean-with-17-defects-original\versions\1\Cut\Cut_48.jpg,Cut,1,Cut,True,1.0
C:\Users\vitor\.cache\kagglehub\datasets\sujitraarw\coffee-green-bean-with-17-defects-original\versions\1\Cut\Cut_49.jpg,Cut,1,Cut,True,1.0
C:\Users\vitor\.cache\kagglehub\datasets\sujitraarw\coffee-green-bean-with-17-defects-original\versions\1\Cut\Cut_50.jpg,Cut,1,Cut,True,1.0
C:\Users\vitor\.cache\kagglehub\datasets\sujitraarw\coffee-green-bean-with-17-defects-original\versions\1\Cut\Cut_51.jpg,Cut,1,Cut,True,1.0
C:\Users\vitor\.cache\kagglehub\datasets\sujitraarw\coffee-green-bean-with-17-defects-original\versions\1\Cut\Cut_52.jpg,Cut,1,Cut,True,1.0
C:\Users\vitor\.cache\kagglehub\datasets\sujitraarw\coffee-green-bean-with-17-defects-original\versions\1\Cut\Cut_53.jpg,Cut,1,Cut,True,1.0
C:\Users\vitor\.cache\kagglehub\datasets\sujitraarw\coffee-green-bean-with-17-defects-original\versions\1\Cut\Cut_54.jpg,Cut,1,Cut,True,1.0
C:\Users\vitor\.cache\kagglehub\datasets\sujitraarw\coffee-green-bean-with-17-defects-original\versions\1\Cut\Cut_55.jpg,Cut,1,Cut,True,1.0
C:\Users\vitor\.cache\kagglehub\datasets\sujitraarw\coffee-green-bean-with-17-defects-original\versions\1\Cut\Cut_56.jpg,Cut,1,Cut,True,1.0
C:\Users\vitor\.cache\kagglehub\datasets\sujitraarw\coffee-green-bean-with-17-defects-original\versions\1\Cut\Cut_57.jpg,Cut,1,Cut,True,1.0
C:\Users\vitor\.cache\kagglehub\datasets\sujitraarw\coffee-green-bean-with-17-defects-original\versions\1\Cut\Cut_58.jpg,Cut,1,Cut,True,1.0
C:\Users\vitor\.cache\kagglehub\datasets\sujitraarw\coffee-green-bean-with-17-defects-original\versions\1\Cut\Cut_59.jpg,Cut,1,Cut,True,1.0
C:\Users\vitor\.cache\kagglehub\datasets\sujitraarw\coffee-green-bean-with-17-defects-original\versions\1\Cut\Cut_60.jpg,Cut,1,Cut,True,1.0
C:\Users\vitor\.cache\kagglehub\datasets\sujitraarw\coffee-green-bean-with-17-defects-original\versions\1\Cut\Cut_61.jpg,Cut,1,Cut,True,1.0
C:\Users\vitor\.cache\kagglehub\datasets\sujitraarw\coffee-green-bean-with-17-defects-original\versions\1\Cut\Cut_62.jpg,Cut,1,Cut,True,1.0
C:\Users\vitor\.cache\kagglehub\datasets\sujitraarw\coffee-green-bean-with-17-defects-original\versions\1\Cut\Cut_63.jpg,Cut,1,Cut,True,1.0
C:\Users\vitor\.cache\kagglehub\datasets\sujitraarw\coffee-green-bean-with-17-defects-original\versions\1\Cut\Cut_64.jpg,Cut,1,Cut,True,1.0
C:\Users\vitor\.cache\kagglehub\datasets\sujitraarw\coffee-green-bean-with-17-defects-original\versions\1\Cut\Cut_65.jpg,Cut,1,Cut,True,1.0
C:\Users\vitor\.cache\kagglehub\datasets\sujitraarw\coffee-green-bean-with-17-defects-original\versions\1\Cut\Cut_66.jpg,Cut,1,Cut,True,1.0
C:\Users\vitor\.cache\kagglehub\datasets\sujitraarw\coffee-green-bean-with-17-defects-original\versions\1\Cut\Cut_01.jpg,Cut,1,Cut,True,1.0
C:\Users\vitor\.cache\kagglehub\datasets\sujitraarw\coffee-green-bean-with-17-defects-original\versions\1\Cut\Cut_02.jpg,Cut,1,Cut,True,1.0
C:\Users\vitor\.cache\kagglehub\datasets\sujitraarw\coffee-green-bean-with-17-defects-original\versions\1\Cut\Cut_03.jpg,Cut,1,Cut,True,1.0
C:\Users\vitor\.cache\kagglehub\datasets\sujitraarw\coffee-green-bean-with-17-defects-original\versions\1\Cut\Cut_04.jpg,Cut,1,Cut,True,1.0
C:\Users\vitor\.cache\kagglehub\datasets\sujitraarw\coffee-green-bean-with-17-defects-original\versions\1\Cut\Cut_05.jpg,Cut,1,Cut,True,1.0
C:\Users\vitor\.cache\kagglehub\datasets\sujitraarw\coffee-green-bean-with-17-defects-original\versions\1\Cut\Cut_06.jpg,Cut,1,Cut,True,1.0
C:\Users\vitor\.cache\kagglehub\datasets\sujitraarw\coffee-green-bean-with-17-defects-original\versions\1\Cut\Cut_07.jpg,Cut,1,Cut,True,1.0
C:\Users\vitor\.cache\kagglehub\datasets\sujitraarw\coffee-green-bean-with-17-defects-original\versions\1\Cut\Cut_08.jpg,Cut,1,Cut,True,1.0
C:\Users\vitor\.cache\kagglehub\datasets\sujitraarw\coffee-green-bean-with-17-defects-original\versions\1\Cut\Cut_09.jpg,Cut,1,Cut,True,1.0
C:\Users\vitor\.cache\kagglehub\datasets\sujitraarw\coffee-green-bean-with-17-defects-original\versions\1\Cut\Cut_10.jpg,Cut,1,Cut,True,1.0
C:\Users\vitor\.cache\kagglehub\datasets\sujitraarw\coffee-green-bean-with-17-defects-original\versions\1\Cut\Cut_11.jpg,Cut,1,Cut,True,1.0
C:\Users\vitor\.cache\kagglehub\datasets\sujitraarw\coffee-green-bean-with-17-defects-original\versions\1\Cut\Cut_12.jpg,Cut,1,Cut,True,1.0
C:\Users\vitor\.cache\kagglehub\datasets\sujitraarw\coffee-green-bean-with-17-defects-original\versions\1\Cut\Cut_13.jpg,Cut,1,Cut,True,1.0
C:\Users\vitor\.cache\kagglehub\datasets\sujitraarw\coffee-green-bean-with-17-defects-original\versions\1\Cut\Cut_14.jpg,Cut,1,Cut,True,1.0
C:\Users\vitor\.cache\kagglehub\datasets\sujitraarw\coffee-green-bean-with-17-defects-original\versions\1\Cut\Cut_15.jpg,Cut,1,Cut,True,1.0
C:\Users\vitor\.cache\kagglehub\datasets\sujitraarw\coffee-green-bean-with-17-defects-original\versions\1\Cut\Cut_16.jpg,Cut,1,Cut,True,1.0
C:\Users\vitor\.cache\kagglehub\datasets\sujitraarw\coffee-green-bean-with-17-defects-original\versions\1\Cut\Cut_17.jpg,Cut,1,Cut,True,1.0
C:\Users\vitor\.cache\kagglehub\datasets\sujitraarw\coffee-green-bean-with-17-defects-original\versions\1\Cut\Cut_18.jpg,Cut,1,Cut,True,1.0
C:\Users\vitor\.cache\kagglehub\datasets\sujitraarw\coffee-green-bean-with-17-defects-original\versions\1\Cut\Cut_19.jpg,Cut,1,Cut,True,1.0
C:\Users\vitor\.cache\kagglehub\datasets\sujitraarw\coffee-green-bean-with-17-defects-original\versions\1\Cut\Cut_20.jpg,Cut,1,Cut,True,1.0
C:\Users\vitor\.cache\kagglehub\datasets\sujitraarw\coffee-green-bean-with-17-defects-original\versions\1\Cut\Cut_21.jpg,Cut,1,Cut,True,1.0
C:\Users\vitor\.cache\kagglehub\datasets\sujitraarw\coffee-green-bean-with-17-defects-original\versions\1\Cut\Cut_22.jpg,Cut,1,Cut,True,1.0
C:\Users\vitor\.cache\kagglehub\datasets\sujitraarw\coffee-green-bean-with-17-defects-original\versions\1\Cut\Cut_23.jpg,Cut,1,Cut,True,1.0
C:\Users\vitor\.cache\kagglehub\datasets\sujitraarw\coffee-green-bean-with-17-defects-original\versions\1\Cut\Cut_24.jpg,Cut,1,Cut,True,1.0
C:\Users\vitor\.cache\kagglehub\datasets\sujitraarw\coffee-green-bean-with-17-defects-original\versions\1\Cut\Cut_25.jpg,Cut,1,Cut,True,1.0
C:\Users\vitor\.cache\kagglehub\datasets\sujitraarw\coffee-green-bean-with-17-defects-original\versions\1\Cut\Cut_26.jpg,Cut,1,Cut,True,1.0
C:\Users\vitor\.cache\kagglehub\datasets\sujitraarw\coffee-green-bean-with-17-defects-original\versions\1\Cut\Cut_27.jpg,Cut,1,Cut,True,1.0
C:\Users\vitor\.cache\kagglehub\datasets\sujitraarw\coffee-green-bean-with-17-defects-original\versions\1\Cut\Cut_28.jpg,Cut,1,Cut,True,1.0
C:\Users\vitor\.cache\kagglehub\datasets\sujitraarw\coffee-green-bean-with-17-defects-original\versions\1\Cut\Cut_29.jpg,Cut,1,Cut,True,1.0
C:\Users\vitor\.cache\kagglehub\datasets\sujitraarw\coffee-green-bean-with-17-defects-original\versions\1\Cut\Cut_30.jpg,Cut,1,Cut,True,1.0
C:\Users\vitor\.cache\kagglehub\datasets\sujitraarw\coffee-green-bean-with-17-defects-original\versions\1\Cut\Cut_31.jpg,Cut,1,Cut,True,1.0
C:\Users\vitor\.cache\kagglehub\datasets\sujitraarw\coffee-green-bean-with-17-defects-original\versions\1\Cut\Cut_32.jpg,Cut,1,Cut,True,1.0
C:\Users\vitor\.cache\kagglehub\datasets\sujitraarw\coffee-green-bean-with-17-defects-original\versions\1\Cut\Cut_33.jpg,Cut,1,Cut,True,1.0
C:\Users\vitor\.cache\kagglehub\datasets\sujitraarw\coffee-green-bean-with-17-defects-original\versions\1\Cut\Cut_34.jpg,Cut,1,Cut,True,1.0
C:\Users\vitor\.cache\kagglehub\datasets\sujitraarw\coffee-green-bean-with-17-defects-original\versions\1\Cut\Cut_35.jpg,Cut,1,Cut,True,1.0
C:\Users\vitor\.cache\kagglehub\datasets\sujitraarw\coffee-green-bean-with-17-defects-original\versions\1\Cut\Cut_36.jpg,Cut,1,Cut,True,1.0
C:\Users\vitor\.cache\kagglehub\datasets\sujitraarw\coffee-green-bean-with-17-defects-original\versions\1\Cut\Cut_37.jpg,Cut,1,Cut,True,1.0
C:\Users\vitor\.cache\kagglehub\datasets\sujitraarw\coffee-green-bean-with-17-defects-original\versions\1\Cut\Cut_38.jpg,Cut,1,Cut,True,1.0
C:\Users\vitor\.cache\kagglehub\datasets\sujitraarw\coffee-green-bean-with-17-defects-original\versions\1\Cut\Cut_39.jpg,Cut,1,Cut,True,1.0
C:\Users\vitor\.cache\kagglehub\datasets\sujitraarw\coffee-green-bean-with-17-defects-original\versions\1\Cut\Cut_40.jpg,Cut,1,Cut,True,1.0
C:\Users\vitor\.cache\kagglehub\datasets\sujitraarw\coffee-green-bean-with-17-defects-original\versions\1\Cut\Cut_41.jpg,Cut,1,Cut,True,1.0
C:\Users\vitor\.cache\kagglehub\datasets\sujitraarw\coffee-green-bean-with-17-defects-original\versions\1\Cut\Cut_42.jpg,Cut,1,Cut,True,1.0
C:\Users\vitor\.cache\kagglehub\datasets\sujitraarw\coffee-green-bean-with-17-defects-original\versions\1\Cut\Cut_43.jpg,Cut,1,Cut,True,1.0
C:\Users\vitor\.cache\kagglehub\datasets\sujitraarw\coffee-green-bean-with-17-defects-original\versions\1\Cut\Cut_44.jpg,Cut,1,Cut,True,1.0
C:\Users\vitor\.cache\kagglehub\datasets\sujitraarw\coffee-green-bean-with-17-defects-original\versions\1\Cut\Cut_45.jpg,Cut,1,Cut,True,1.0
C:\Users\vitor\.cache\kagglehub\datasets\sujitraarw\coffee-green-bean-with-17-defects-original\versions\1\Cut\Cut_46.jpg,Cut,1,Cut,True,1.0
C:\Users\vitor\.cache\kagglehub\datasets\sujitraarw\coffee-green-bean-with-17-defects-original\versions\1\Cut\Cut_47.jpg,Cut,1,Cut,True,1.0
C:\Users\vitor\.cache\kagglehub\datasets\sujitraarw\coffee-green-bean-with-17-defects-original\versions\1\Cut\Cut_48.jpg,Cut,1,Cut,True,1.0
C:\Users\vitor\.cache\kagglehub\datasets\sujitraarw\coffee-green-bean-with-17-defects-original\versions\1\Cut\Cut_49.jpg,Cut,1,Cut,True,1.0
C:\Users\vitor\.cache\kagglehub\datasets\sujitraarw\coffee-green-bean-with-17-defects-original\versions\1\Cut\Cut_50.jpg,Cut,1,Cut,True,1.0
C:\Users\vitor\.cache\kagglehub\datasets\sujitraarw\coffee-green-bean-with-17-defects-original\versions\1\Cut\Cut_51.jpg,Cut,1,Cut,True,1.0
C:\Users\vitor\.cache\kagglehub\datasets\sujitraarw\coffee-green-bean-with-17-defects-original\versions\1\Cut\Cut_52.jpg,Cut,1,Cut,True,1.0
C:\Users\vitor\.cache\kagglehub\datasets\sujitraarw\coffee-green-bean-with-17-defects-original\versions\1\Cut\Cut_53.jpg,Cut,1,Cut,True,1.0
C:\Users\vitor\.cache\kagglehub\datasets\sujitraarw\coffee-green-bean-with-17-defects-original\versions\1\Cut\Cut_54.jpg,Cut,1,Cut,True,1.0
C:\Users\vitor\.cache\kagglehub\datasets\sujitraarw\coffee-green-bean-with-17-defects-original\versions\1\Cut\Cut_55.jpg,Cut,1,Cut,True,1.0
C:\Users\vitor\.cache\kagglehub\datasets\sujitraarw\coffee-green-bean-with-17-defects-original\versions\1\Cut\Cut_56.jpg,Cut,1,Cut,True,1.0
C:\Users\vitor\.cache\kagglehub\datasets\sujitraarw\coffee-green-bean-with-17-defects-original\versions\1\Cut\Cut_57.jpg,Cut,1,Cut,True,1.0
C:\Users\vitor\.cache\kagglehub\datasets\sujitraarw\coffee-green-bean-with-17-defects-original\versions\1\Cut\Cut_58.jpg,Cut,1,Cut,True,1.0
C:\Users\vitor\.cache\kagglehub\datasets\sujitraarw\coffee-green-bean-with-17-defects-original\versions\1\Cut\Cut_59.jpg,Cut,1,Cut,True,1.0
C:\Users\vitor\.cache\kagglehub\datasets\sujitraarw\coffee-green-bean-with-17-defects-original\versions\1\Cut\Cut_60.jpg,Cut,1,Cut,True,1.0
C:\Users\vitor\.cache\kagglehub\datasets\sujitraarw\coffee-green-bean-with-17-defects-original\versions\1\Cut\Cut_61.jpg,Cut,1,Cut,True,1.0
C:\Users\vitor\.cache\kagglehub\datasets\sujitraarw\coffee-green-bean-with-17-defects-original\versions\1\Cut\Cut_62.jpg,Cut,1,Cut,True,1.0
C:\Users\vitor\.cache\kagglehub\datasets\sujitraarw\coffee-green-bean-with-17-defects-original\versions\1\Cut\Cut_63.jpg,Cut,1,Cut,True,1.0
C:\Users\vitor\.cache\kagglehub\datasets\sujitraarw\coffee-green-bean-with-17-defects-original\versions\1\Cut\Cut_64.jpg,Cut,1,Cut,True,1.0
C:\Users\vitor\.cache\kagglehub\datasets\sujitraarw\coffee-green-bean-with-17-defects-original\versions\1\Cut\Cut_65.jpg,Cut,1,Cut,True,1.0
C:\Users\vitor\.cache\kagglehub\datasets\sujitraarw\coffee-green-bean-with-17-defects-original\versions\1\Cut\Cut_66.jpg,Cut,1,Cut,True,1.0
C:\Users\vitor\.cache\kagglehub\datasets\sujitraarw\coffee-green-bean-with-17-defects-original\versions\1\Dry Cherry\Dry Cherry_01.jpg,Dry Cherry,2,Dry Cherry,True,1.0
C:\Users\vitor\.cache\kagglehub\datasets\sujitraarw\coffee-green-bean-with-17-defects-original\versions\1\Dry Cherry\Dry Cherry_02.jpg,Dry Cherry,2,Dry Cherry,True,1.0
C:\Users\vitor\.cache\kagglehub\datasets\sujitraarw\coffee-green-bean-with-17-defects-original\versions\1\Dry Cherry\Dry Cherry_03.jpg,Dry Cherry,2,Dry Cherry,True,1.0
C:\Users\vitor\.cache\kagglehub\datasets\sujitraarw\coffee-green-bean-with-17-defects-original\versions\1\Dry Cherry\Dry Cherry_04.jpg,Dry Cherry,2,Dry Cherry,True,1.0
C:\Users\vitor\.cache\kagglehub\datasets\sujitraarw\coffee-green-bean-with-17-defects-original\versions\1\Dry Cherry\Dry Cherry_05.jpg,Dry Cherry,2,Dry Cherry,True,1.0
C:\Users\vitor\.cache\kagglehub\datasets\sujitraarw\coffee-green-bean-with-17-defects-original\versions\1\Dry Cherry\Dry Cherry_06.jpg,Dry Cherry,2,Dry Cherry,True,1.0
C:\Users\vitor\.cache\kagglehub\datasets\sujitraarw\coffee-green-bean-with-17-defects-original\versions\1\Dry Cherry\Dry Cherry_07.jpg,Dry Cherry,2,Dry Cherry,True,1.0
C:\Users\vitor\.cache\kagglehub\datasets\sujitraarw\coffee-green-bean-with-17-defects-original\versions\1\Dry Cherry\Dry Cherry_08.jpg,Dry Cherry,2,Dry Cherry,True,1.0
C:\Users\vitor\.cache\kagglehub\datasets\sujitraarw\coffee-green-bean-with-17-defects-original\versions\1\Dry Cherry\Dry Cherry_09.jpg,Dry Cherry,2,Dry Cherry,True,1.0
C:\Users\vitor\.cache\kagglehub\datasets\sujitraarw\coffee-green-bean-with-17-defects-original\versions\1\Dry Cherry\Dry Cherry_10.jpg,Dry Cherry,2,Dry Cherry,True,1.0
C:\Users\vitor\.cache\kagglehub\datasets\sujitraarw\coffee-green-bean-with-17-defects-original\versions\1\Dry Cherry\Dry Cherry_11.jpg,Dry Cherry,2,Dry Cherry,True,1.0
C:\Users\vitor\.cache\kagglehub\datasets\sujitraarw\coffee-green-bean-with-17-defects-original\versions\1\Dry Cherry\Dry Cherry_12.jpg,Dry Cherry,2,Dry Cherry,True,1.0
C:\Users\vitor\.cache\kagglehub\datasets\sujitraarw\coffee-green-bean-with-17-defects-original\versions\1\Dry Cherry\Dry Cherry_13.jpg,Dry Cherry,2,Dry Cherry,True,1.0
C:\Users\vitor\.cache\kagglehub\datasets\sujitraarw\coffee-green-bean-with-17-defects-original\versions\1\Dry Cherry\Dry Cherry_14.jpg,Dry Cherry,2,Dry Cherry,True,1.0
C:\Users\vitor\.cache\kagglehub\datasets\sujitraarw\coffee-green-bean-with-17-defects-original\versions\1\Dry Cherry\Dry Cherry_15.jpg,Dry Cherry,2,Dry Cherry,True,1.0
C:\Users\vitor\.cache\kagglehub\datasets\sujitraarw\coffee-green-bean-with-17-defects-original\versions\1\Dry Cherry\Dry Cherry_16.jpg,Dry Cherry,2,Dry Cherry,True,1.0
C:\Users\vitor\.cache\kagglehub\datasets\sujitraarw\coffee-green-bean-with-17-defects-original\versions\1\Dry Cherry\Dry Cherry_17.jpg,Dry Cherry,2,Dry Cherry,True,1.0
C:\Users\vitor\.cache\kagglehub\datasets\sujitraarw\coffee-green-bean-with-17-defects-original\versions\1\Dry Cherry\Dry Cherry_18.jpg,Dry Cherry,2,Dry Cherry,True,1.0
C:\Users\vitor\.cache\kagglehub\datasets\sujitraarw\coffee-green-bean-with-17-defects-original\versions\1\Dry Cherry\Dry Cherry_19.jpg,Dry Cherry,2,Dry Cherry,True,1.0
C:\Users\vitor\.cache\kagglehub\datasets\sujitraarw\coffee-green-bean-with-17-defects-original\versions\1\Dry Cherry\Dry Cherry_20.jpg,Dry Cherry,2,Dry Cherry,True,1.0
C:\Users\vitor\.cache\kagglehub\datasets\sujitraarw\coffee-green-bean-with-17-defects-original\versions\1\Dry Cherry\Dry Cherry_21.jpg,Dry Cherry,2,Dry Cherry,True,1.0
C:\Users\vitor\.cache\kagglehub\datasets\sujitraarw\coffee-green-bean-with-17-defects-original\versions\1\Dry Cherry\Dry Cherry_22.jpg,Dry Cherry,2,Dry Cherry,True,1.0
C:\Users\vitor\.cache\kagglehub\datasets\sujitraarw\coffee-green-bean-with-17-defects-original\versions\1\Dry Cherry\Dry Cherry_23.jpg,Dry Cherry,2,Dry Cherry,True,1.0
C:\Users\vitor\.cache\kagglehub\datasets\sujitraarw\coffee-green-bean-with-17-defects-original\versions\1\Dry Cherry\Dry Cherry_24.jpg,Dry Cherry,2,Dry Cherry,True,1.0
C:\Users\vitor\.cache\kagglehub\datasets\sujitraarw\coffee-green-bean-with-17-defects-original\versions\1\Dry Cherry\Dry Cherry_25.jpg,Dry Cherry,2,Dry Cherry,True,1.0
C:\Users\vitor\.cache\kagglehub\datasets\sujitraarw\coffee-green-bean-with-17-defects-original\versions\1\Dry Cherry\Dry Cherry_26.jpg,Dry Cherry,2,Dry Cherry,True,1.0
C:\Users\vitor\.cache\kagglehub\datasets\sujitraarw\coffee-green-bean-with-17-defects-original\versions\1\Dry Cherry\Dry Cherry_27.jpg,Dry Cherry,2,Dry Cherry,True,1.0
C:\Users\vitor\.cache\kagglehub\datasets\sujitraarw\coffee-green-bean-with-17-defects-original\versions\1\Dry Cherry\Dry Cherry_28.jpg,Dry Cherry,2,Dry Cherry,True,1.0
C:\Users\vitor\.cache\kagglehub\datasets\sujitraarw\coffee-green-bean-with-17-defects-original\versions\1\Dry Cherry\Dry Cherry_29.jpg,Dry Cherry,2,Dry Cherry,True,1.0
C:\Users\vitor\.cache\kagglehub\datasets\sujitraarw\coffee-green-bean-with-17-defects-original\versions\1\Dry Cherry\Dry Cherry_30.jpg,Dry Cherry,2,Dry Cherry,True,1.0
C:\Users\vitor\.cache\kagglehub\datasets\sujitraarw\coffee-green-bean-with-17-defects-original\versions\1\Dry Cherry\Dry Cherry_31.jpg,Dry Cherry,2,Dry Cherry,True,1.0
C:\Users\vitor\.cache\kagglehub\datasets\sujitraarw\coffee-green-bean-with-17-defects-original\versions\1\Dry Cherry\Dry Cherry_32.jpg,Dry Cherry,2,Dry Cherry,True,1.0
C:\Users\vitor\.cache\kagglehub\datasets\sujitraarw\coffee-green-bean-with-17-defects-original\versions\1\Dry Cherry\Dry Cherry_33.jpg,Dry Cherry,2,Dry Cherry,True,1.0
C:\Users\vitor\.cache\kagglehub\datasets\sujitraarw\coffee-green-bean-with-17-defects-original\versions\1\Dry Cherry\Dry Cherry_34.jpg,Dry Cherry,2,Dry Cherry,True,1.0
C:\Users\vitor\.cache\kagglehub\datasets\sujitraarw\coffee-green-bean-with-17-defects-original\versions\1\Dry Cherry\Dry Cherry_35.jpg,Dry Cherry,2,Dry Cherry,True,1.0
C:\Users\vitor\.cache\kagglehub\datasets\sujitraarw\coffee-green-bean-with-17-defects-original\versions\1\Dry Cherry\Dry Cherry_36.jpg,Dry Cherry,2,Dry Cherry,True,1.0
C:\Users\vitor\.cache\kagglehub\datasets\sujitraarw\coffee-green-bean-with-17-defects-original\versions\1\Dry Cherry\Dry Cherry_37.jpg,Dry Cherry,2,Dry Cherry,True,1.0
C:\Users\vitor\.cache\kagglehub\datasets\sujitraarw\coffee-green-bean-with-17-defects-original\versions\1\Dry Cherry\Dry Cherry_38.jpg,Dry Cherry,2,Dry Cherry,True,1.0
C:\Users\vitor\.cache\kagglehub\datasets\sujitraarw\coffee-green-bean-with-17-defects-original\versions\1\Dry Cherry\Dry Cherry_39.jpg,Dry Cherry,2,Dry Cherry,True,1.0
C:\Users\vitor\.cache\kagglehub\datasets\sujitraarw\coffee-green-bean-with-17-defects-original\versions\1\Dry Cherry\Dry Cherry_40.jpg,Dry Cherry,2,Dry Cherry,True,1.0
C:\Users\vitor\.cache\kagglehub\datasets\sujitraarw\coffee-green-bean-with-17-defects-original\versions\1\Dry Cherry\Dry Cherry_41.jpg,Dry Cherry,2,Dry Cherry,True,1.0
C:\Users\vitor\.cache\kagglehub\datasets\sujitraarw\coffee-green-bean-with-17-defects-original\versions\1\Dry Cherry\Dry Cherry_42.jpg,Dry Cherry,2,Dry Cherry,True,1.0
C:\Users\vitor\.cache\kagglehub\datasets\sujitraarw\coffee-green-bean-with-17-defects-original\versions\1\Dry Cherry\Dry Cherry_43.jpg,Dry Cherry,2,Dry Cherry,True,1.0
C:\Users\vitor\.cache\kagglehub\datasets\sujitraarw\coffee-green-bean-with-17-defects-original\versions\1\Dry Cherry\Dry Cherry_44.jpg,Dry Cherry,2,Dry Cherry,True,1.0
C:\Users\vitor\.cache\kagglehub\datasets\sujitraarw\coffee-green-bean-with-17-defects-original\versions\1\Dry Cherry\Dry Cherry_45.jpg,Dry Cherry,2,Dry Cherry,True,1.0
C:\Users\vitor\.cache\kagglehub\datasets\sujitraarw\coffee-green-bean-with-17-defects-original\versions\1\Dry Cherry\Dry Cherry_46.jpg,Dry Cherry,2,Dry Cherry,True,1.0
C:\Users\vitor\.cache\kagglehub\datasets\sujitraarw\coffee-green-bean-with-17-defects-original\versions\1\Dry Cherry\Dry Cherry_47.jpg,Dry Cherry,2,Dry Cherry,True,1.0
C:\Users\vitor\.cache\kagglehub\datasets\sujitraarw\coffee-green-bean-with-17-defects-original\versions\1\Dry Cherry\Dry Cherry_48.jpg,Dry Cherry,2,Dry Cherry,True,1.0
C:\Users\vitor\.cache\kagglehub\datasets\sujitraarw\coffee-green-bean-with-17-defects-original\versions\1\Dry Cherry\Dry Cherry_49.jpg,Dry Cherry,2,Dry Cherry,True,1.0
C:\Users\vitor\.cache\kagglehub\datasets\sujitraarw\coffee-green-bean-with-17-defects-original\versions\1\Dry Cherry\Dry Cherry_50.jpg,Dry Cherry,2,Dry Cherry,True,1.0
C:\Users\vitor\.cache\kagglehub\datasets\sujitraarw\coffee-green-bean-with-17-defects-original\versions\1\Dry Cherry\Dry Cherry_51.jpg,Dry Cherry,2,Dry Cherry,True,1.0
C:\Users\vitor\.cache\kagglehub\datasets\sujitraarw\coffee-green-bean-with-17-defects-original\versions\1\Dry Cherry\Dry Cherry_52.jpg,Dry Cherry,2,Dry Cherry,True,1.0
C:\Users\vitor\.cache\kagglehub\datasets\sujitraarw\coffee-green-bean-with-17-defects-original\versions\1\Dry Cherry\Dry Cherry_53.jpg,Dry Cherry,2,Dry Cherry,True,1.0
C:\Users\vitor\.cache\kagglehub\datasets\sujitraarw\coffee-green-bean-with-17-defects-original\versions\1\Dry Cherry\Dry Cherry_54.jpg,Dry Cherry,2,Dry Cherry,True,1.0
C:\Users\vitor\.cache\kagglehub\datasets\sujitraarw\coffee-green-bean-with-17-defects-original\versions\1\Dry Cherry\Dry Cherry_01.jpg,Dry Cherry,2,Dry Cherry,True,1.0
C:\Users\vitor\.cache\kagglehub\datasets\sujitraarw\coffee-green-bean-with-17-defects-original\versions\1\Dry Cherry\Dry Cherry_02.jpg,Dry Cherry,2,Dry Cherry,True,1.0
C:\Users\vitor\.cache\kagglehub\datasets\sujitraarw\coffee-green-bean-with-17-defects-original\versions\1\Dry Cherry\Dry Cherry_03.jpg,Dry Cherry,2,Dry Cherry,True,1.0
C:\Users\vitor\.cache\kagglehub\datasets\sujitraarw\coffee-green-bean-with-17-defects-original\versions\1\Dry Cherry\Dry Cherry_04.jpg,Dry Cherry,2,Dry Cherry,True,1.0
C:\Users\vitor\.cache\kagglehub\datasets\sujitraarw\coffee-green-bean-with-17-defects-original\versions\1\Dry Cherry\Dry Cherry_05.jpg,Dry Cherry,2,Dry Cherry,True,1.0
C:\Users\vitor\.cache\kagglehub\datasets\sujitraarw\coffee-green-bean-with-17-defects-original\versions\1\Dry Cherry\Dry Cherry_06.jpg,Dry Cherry,2,Dry Cherry,True,1.0
C:\Users\vitor\.cache\kagglehub\datasets\sujitraarw\coffee-green-bean-with-17-defects-original\versions\1\Dry Cherry\Dry Cherry_07.jpg,Dry Cherry,2,Dry Cherry,True,1.0
C:\Users\vitor\.cache\kagglehub\datasets\sujitraarw\coffee-green-bean-with-17-defects-original\versions\1\Dry Cherry\Dry Cherry_08.jpg,Dry Cherry,2,Dry Cherry,True,1.0
C:\Users\vitor\.cache\kagglehub\datasets\sujitraarw\coffee-green-bean-with-17-defects-original\versions\1\Dry Cherry\Dry Cherry_09.jpg,Dry Cherry,2,Dry Cherry,True,1.0
C:\Users\vitor\.cache\kagglehub\datasets\sujitraarw\coffee-green-bean-with-17-defects-original\versions\1\Dry Cherry\Dry Cherry_10.jpg,Dry Cherry,2,Dry Cherry,True,1.0
C:\Users\vitor\.cache\kagglehub\datasets\sujitraarw\coffee-green-bean-with-17-defects-original\versions\1\Dry Cherry\Dry Cherry_11.jpg,Dry Cherry,2,Dry Cherry,True,1.0
C:\Users\vitor\.cache\kagglehub\datasets\sujitraarw\coffee-green-bean-with-17-defects-original\versions\1\Dry Cherry\Dry Cherry_12.jpg,Dry Cherry,2,Dry Cherry,True,1.0
C:\Users\vitor\.cache\kagglehub\datasets\sujitraarw\coffee-green-bean-with-17-defects-original\versions\1\Dry Cherry\Dry Cherry_13.jpg,Dry Cherry,2,Dry Cherry,True,1.0
C:\Users\vitor\.cache\kagglehub\datasets\sujitraarw\coffee-green-bean-with-17-defects-original\versions\1\Dry Cherry\Dry Cherry_14.jpg,Dry Cherry,2,Dry Cherry,True,1.0
C:\Users\vitor\.cache\kagglehub\datasets\sujitraarw\coffee-green-bean-with-17-defects-original\versions\1\Dry Cherry\Dry Cherry_15.jpg,Dry Cherry,2,Dry Cherry,True,1.0
C:\Users\vitor\.cache\kagglehub\datasets\sujitraarw\coffee-green-bean-with-17-defects-original\versions\1\Dry Cherry\Dry Cherry_16.jpg,Dry Cherry,2,Dry Cherry,True,1.0
C:\Users\vitor\.cache\kagglehub\datasets\sujitraarw\coffee-green-bean-with-17-defects-original\versions\1\Dry Cherry\Dry Cherry_17.jpg,Dry Cherry,2,Dry Cherry,True,1.0
C:\Users\vitor\.cache\kagglehub\datasets\sujitraarw\coffee-green-bean-with-17-defects-original\versions\1\Dry Cherry\Dry Cherry_18.jpg,Dry Cherry,2,Dry Cherry,True,1.0
C:\Users\vitor\.cache\kagglehub\datasets\sujitraarw\coffee-green-bean-with-17-defects-original\versions\1\Dry Cherry\Dry Cherry_19.jpg,Dry Cherry,2,Dry Cherry,True,1.0
C:\Users\vitor\.cache\kagglehub\datasets\sujitraarw\coffee-green-bean-with-17-defects-original\versions\1\Dry Cherry\Dry Cherry_20.jpg,Dry Cherry,2,Dry Cherry,True,1.0
C:\Users\vitor\.cache\kagglehub\datasets\sujitraarw\coffee-green-bean-with-17-defects-original\versions\1\Dry Cherry\Dry Cherry_21.jpg,Dry Cherry,2,Dry Cherry,True,1.0
C:\Users\vitor\.cache\kagglehub\datasets\sujitraarw\coffee-green-bean-with-17-defects-original\versions\1\Dry Cherry\Dry Cherry_22.jpg,Dry Cherry,2,Dry Cherry,True,1.0
C:\Users\vitor\.cache\kagglehub\datasets\sujitraarw\coffee-green-bean-with-17-defects-original\versions\1\Dry Cherry\Dry Cherry_23.jpg,Dry Cherry,2,Dry Cherry,True,1.0
C:\Users\vitor\.cache\kagglehub\datasets\sujitraarw\coffee-green-bean-with-17-defects-original\versions\1\Dry Cherry\Dry Cherry_24.jpg,Dry Cherry,2,Dry Cherry,True,1.0
C:\Users\vitor\.cache\kagglehub\datasets\sujitraarw\coffee-green-bean-with-17-defects-original\versions\1\Dry Cherry\Dry Cherry_25.jpg,Dry Cherry,2,Dry Cherry,True,1.0
C:\Users\vitor\.cache\kagglehub\datasets\sujitraarw\coffee-green-bean-with-17-defects-original\versions\1\Dry Cherry\Dry Cherry_26.jpg,Dry Cherry,2,Dry Cherry,True,1.0
C:\Users\vitor\.cache\kagglehub\datasets\sujitraarw\coffee-green-bean-with-17-defects-original\versions\1\Dry Cherry\Dry Cherry_27.jpg,Dry Cherry,2,Dry Cherry,True,1.0
C:\Users\vitor\.cache\kagglehub\datasets\sujitraarw\coffee-green-bean-with-17-defects-original\versions\1\Dry Cherry\Dry Cherry_28.jpg,Dry Cherry,2,Dry Cherry,True,1.0
C:\Users\vitor\.cache\kagglehub\datasets\sujitraarw\coffee-green-bean-with-17-defects-original\versions\1\Dry Cherry\Dry Cherry_29.jpg,Dry Cherry,2,Dry Cherry,True,1.0
C:\Users\vitor\.cache\kagglehub\datasets\sujitraarw\coffee-green-bean-with-17-defects-original\versions\1\Dry Cherry\Dry Cherry_30.jpg,Dry Cherry,2,Dry Cherry,True,1.0
C:\Users\vitor\.cache\kagglehub\datasets\sujitraarw\coffee-green-bean-with-17-defects-original\versions\1\Dry Cherry\Dry Cherry_31.jpg,Dry Cherry,2,Dry Cherry,True,1.0
C:\Users\vitor\.cache\kagglehub\datasets\sujitraarw\coffee-green-bean-with-17-defects-original\versions\1\Dry Cherry\Dry Cherry_32.jpg,Dry Cherry,2,Dry Cherry,True,1.0
C:\Users\vitor\.cache\kagglehub\datasets\sujitraarw\coffee-green-bean-with-17-defects-original\versions\1\Dry Cherry\Dry Cherry_33.jpg,Dry Cherry,2,Dry Cherry,True,1.0
C:\Users\vitor\.cache\kagglehub\datasets\sujitraarw\coffee-green-bean-with-17-defects-original\versions\1\Dry Cherry\Dry Cherry_34.jpg,Dry Cherry,2,Dry Cherry,True,1.0
C:\Users\vitor\.cache\kagglehub\datasets\sujitraarw\coffee-green-bean-with-17-defects-original\versions\1\Dry Cherry\Dry Cherry_35.jpg,Dry Cherry,2,Dry Cherry,True,1.0
C:\Users\vitor\.cache\kagglehub\datasets\sujitraarw\coffee-green-bean-with-17-defects-original\versions\1\Dry Cherry\Dry Cherry_36.jpg,Dry Cherry,2,Dry Cherry,True,1.0
C:\Users\vitor\.cache\kagglehub\datasets\sujitraarw\coffee-green-bean-with-17-defects-original\versions\1\Dry Cherry\Dry Cherry_37.jpg,Dry Cherry,2,Dry Cherry,True,1.0
C:\Users\vitor\.cache\kagglehub\datasets\sujitraarw\coffee-green-bean-with-17-defects-original\versions\1\Dry Cherry\Dry Cherry_38.jpg,Dry Cherry,2,Dry Cherry,True,1.0
C:\Users\vitor\.cache\kagglehub\datasets\sujitraarw\coffee-green-bean-with-17-defects-original\versions\1\Dry Cherry\Dry Cherry_39.jpg,Dry Cherry,2,Dry Cherry,True,1.0
C:\Users\vitor\.cache\kagglehub\datasets\sujitraarw\coffee-green-bean-with-17-defects-original\versions\1\Dry Cherry\Dry Cherry_40.jpg,Dry Cherry,2,Dry Cherry,True,1.0
C:\Users\vitor\.cache\kagglehub\datasets\sujitraarw\coffee-green-bean-with-17-defects-original\versions\1\Dry Cherry\Dry Cherry_41.jpg,Dry Cherry,2,Dry Cherry,True,1.0
C:\Users\vitor\.cache\kagglehub\datasets\sujitraarw\coffee-green-bean-with-17-defects-original\versions\1\Dry Cherry\Dry Cherry_42.jpg,Dry Cherry,2,Dry Cherry,True,1.0
C:\Users\vitor\.cache\kagglehub\datasets\sujitraarw\coffee-green-bean-with-17-defects-original\versions\1\Dry Cherry\Dry Cherry_43.jpg,Dry Cherry,2,Dry Cherry,True,1.0
C:\Users\vitor\.cache\kagglehub\datasets\sujitraarw\coffee-green-bean-with-17-defects-original\versions\1\Dry Cherry\Dry Cherry_44.jpg,Dry Cherry,2,Dry Cherry,True,1.0
C:\Users\vitor\.cache\kagglehub\datasets\sujitraarw\coffee-green-bean-with-17-defects-original\versions\1\Dry Cherry\Dry Cherry_45.jpg,Dry Cherry,2,Dry Cherry,True,1.0
C:\Users\vitor\.cache\kagglehub\datasets\sujitraarw\coffee-green-bean-with-17-defects-original\versions\1\Dry Cherry\Dry Cherry_46.jpg,Dry Cherry,2,Dry Cherry,True,1.0
C:\Users\vitor\.cache\kagglehub\datasets\sujitraarw\coffee-green-bean-with-17-defects-original\versions\1\Dry Cherry\Dry Cherry_47.jpg,Dry Cherry,2,Dry Cherry,True,1.0
C:\Users\vitor\.cache\kagglehub\datasets\sujitraarw\coffee-green-bean-with-17-defects-original\versions\1\Dry Cherry\Dry Cherry_48.jpg,Dry Cherry,2,Dry Cherry,True,1.0
C:\Users\vitor\.cache\kagglehub\datasets\sujitraarw\coffee-green-bean-with-17-defects-original\versions\1\Dry Cherry\Dry Cherry_49.jpg,Dry Cherry,2,Dry Cherry,True,1.0
C:\Users\vitor\.cache\kagglehub\datasets\sujitraarw\coffee-green-bean-with-17-defects-original\versions\1\Dry Cherry\Dry Cherry_50.jpg,Dry Cherry,2,Dry Cherry,True,1.0
C:\Users\vitor\.cache\kagglehub\datasets\sujitraarw\coffee-green-bean-with-17-defects-original\versions\1\Dry Cherry\Dry Cherry_51.jpg,Dry Cherry,2,Dry Cherry,True,1.0
C:\Users\vitor\.cache\kagglehub\datasets\sujitraarw\coffee-green-bean-with-17-defects-original\versions\1\Dry Cherry\Dry Cherry_52.jpg,Dry Cherry,2,Dry Cherry,True,1.0
C:\Users\vitor\.cache\kagglehub\datasets\sujitraarw\coffee-green-bean-with-17-defects-original\versions\1\Dry Cherry\Dry Cherry_53.jpg,Dry Cherry,2,Dry Cherry,True,1.0
C:\Users\vitor\.cache\kagglehub\datasets\sujitraarw\coffee-green-bean-with-17-defects-original\versions\1\Dry Cherry\Dry Cherry_54.jpg,Dry Cherry,2,Dry Cherry,True,1.0
C:\Users\vitor\.cache\kagglehub\datasets\sujitraarw\coffee-green-bean-with-17-defects-original\versions\1\Fade\Fade_01.jpg,Fade,3,Fade,True,1.0
C:\Users\vitor\.cache\kagglehub\datasets\sujitraarw\coffee-green-bean-with-17-defects-original\versions\1\Fade\Fade_02.jpg,Fade,3,Fade,True,1.0
C:\Users\vitor\.cache\kagglehub\datasets\sujitraarw\coffee-green-bean-with-17-defects-original\versions\1\Fade\Fade_03.jpg,Fade,3,Fade,True,1.0
C:\Users\vitor\.cache\kagglehub\datasets\sujitraarw\coffee-green-bean-with-17-defects-original\versions\1\Fade\Fade_04.jpg,Fade,3,Fade,True,1.0
C:\Users\vitor\.cache\kagglehub\datasets\sujitraarw\coffee-green-bean-with-17-defects-original\versions\1\Fade\Fade_05.jpg,Fade,3,Fade,True,1.0
C:\Users\vitor\.cache\kagglehub\datasets\sujitraarw\coffee-green-bean-with-17-defects-original\versions\1\Fade\Fade_06.jpg,Fade,3,Fade,True,1.0
C:\Users\vitor\.cache\kagglehub\datasets\sujitraarw\coffee-green-bean-with-17-defects-original\versions\1\Fade\Fade_07.jpg,Fade,3,Fade,True,1.0
C:\Users\vitor\.cache\kagglehub\datasets\sujitraarw\coffee-green-bean-with-17-defects-original\versions\1\Fade\Fade_08.jpg,Fade,3,Fade,True,1.0
C:\Users\vitor\.cache\kagglehub\datasets\sujitraarw\coffee-green-bean-with-17-defects-original\versions\1\Fade\Fade_09.jpg,Fade,3,Fade,True,1.0
C:\Users\vitor\.cache\kagglehub\datasets\sujitraarw\coffee-green-bean-with-17-defects-original\versions\1\Fade\Fade_10.jpg,Fade,3,Fade,True,1.0
C:\Users\vitor\.cache\kagglehub\datasets\sujitraarw\coffee-green-bean-with-17-defects-original\versions\1\Fade\Fade_11.jpg,Fade,3,Fade,True,1.0
C:\Users\vitor\.cache\kagglehub\datasets\sujitraarw\coffee-green-bean-with-17-defects-original\versions\1\Fade\Fade_12.jpg,Fade,3,Fade,True,1.0
C:\Users\vitor\.cache\kagglehub\datasets\sujitraarw\coffee-green-bean-with-17-defects-original\versions\1\Fade\Fade_13.jpg,Fade,3,Fade,True,1.0
C:\Users\vitor\.cache\kagglehub\datasets\sujitraarw\coffee-green-bean-with-17-defects-original\versions\1\Fade\Fade_14.jpg,Fade,3,Fade,True,1.0
C:\Users\vitor\.cache\kagglehub\datasets\sujitraarw\coffee-green-bean-with-17-defects-original\versions\1\Fade\Fade_15.jpg,Fade,3,Fade,True,1.0
C:\Users\vitor\.cache\kagglehub\datasets\sujitraarw\coffee-green-bean-with-17-defects-original\versions\1\Fade\Fade_16.jpg,Fade,3,Fade,True,1.0
C:\Users\vitor\.cache\kagglehub\datasets\sujitraarw\coffee-green-bean-with-17-defects-original\versions\1\Fade\Fade_17.jpg,Fade,3,Fade,True,1.0
C:\Users\vitor\.cache\kagglehub\datasets\sujitraarw\coffee-green-bean-with-17-defects-original\versions\1\Fade\Fade_18.jpg,Fade,3,Fade,True,1.0
C:\Users\vitor\.cache\kagglehub\datasets\sujitraarw\coffee-green-bean-with-17-defects-original\versions\1\Fade\Fade_19.jpg,Fade,3,Fade,True,1.0
C:\Users\vitor\.cache\kagglehub\datasets\sujitraarw\coffee-green-bean-with-17-defects-original\versions\1\Fade\Fade_20.jpg,Fade,3,Fade,True,1.0
C:\Users\vitor\.cache\kagglehub\datasets\sujitraarw\coffee-green-bean-with-17-defects-original\versions\1\Fade\Fade_21.jpg,Fade,3,Fade,True,1.0
C:\Users\vitor\.cache\kagglehub\datasets\sujitraarw\coffee-green-bean-with-17-defects-original\versions\1\Fade\Fade_22.jpg,Fade,3,Fade,True,1.0
C:\Users\vitor\.cache\kagglehub\datasets\sujitraarw\coffee-green-bean-with-17-defects-original\versions\1\Fade\Fade_23.jpg,Fade,3,Fade,True,1.0
C:\Users\vitor\.cache\kagglehub\datasets\sujitraarw\coffee-green-bean-with-17-defects-original\versions\1\Fade\Fade_24.jpg,Fade,3,Fade,True,1.0
C:\Users\vitor\.cache\kagglehub\datasets\sujitraarw\coffee-green-bean-with-17-defects-original\versions\1\Fade\Fade_25.jpg,Fade,3,Fade,True,1.0
C:\Users\vitor\.cache\kagglehub\datasets\sujitraarw\coffee-green-bean-with-17-defects-original\versions\1\Fade\Fade_26.jpg,Fade,3,Fade,True,1.0
C:\Users\vitor\.cache\kagglehub\datasets\sujitraarw\coffee-green-bean-with-17-defects-original\versions\1\Fade\Fade_27.jpg,Fade,3,Fade,True,1.0
C:\Users\vitor\.cache\kagglehub\datasets\sujitraarw\coffee-green-bean-with-17-defects-original\versions\1\Fade\Fade_28.jpg,Fade,3,Fade,True,1.0
C:\Users\vitor\.cache\kagglehub\datasets\sujitraarw\coffee-green-bean-with-17-defects-original\versions\1\Fade\Fade_29.jpg,Fade,3,Fade,True,1.0
C:\Users\vitor\.cache\kagglehub\datasets\sujitraarw\coffee-green-bean-with-17-defects-original\versions\1\Fade\Fade_30.jpg,Fade,3,Fade,True,1.0
C:\Users\vitor\.cache\kagglehub\datasets\sujitraarw\coffee-green-bean-with-17-defects-original\versions\1\Fade\Fade_31.jpg,Fade,3,Fade,True,1.0
C:\Users\vitor\.cache\kagglehub\datasets\sujitraarw\coffee-green-bean-with-17-defects-original\versions\1\Fade\Fade_32.jpg,Fade,3,Fade,True,1.0
C:\Users\vitor\.cache\kagglehub\datasets\sujitraarw\coffee-green-bean-with-17-defects-original\versions\1\Fade\Fade_33.jpg,Fade,3,Fade,True,1.0
C:\Users\vitor\.cache\kagglehub\datasets\sujitraarw\coffee-green-bean-with-17-defects-original\versions\1\Fade\Fade_34.jpg,Fade,3,Fade,True,1.0
C:\Users\vitor\.cache\kagglehub\datasets\sujitraarw\coffee-green-bean-with-17-defects-original\versions\1\Fade\Fade_35.jpg,Fade,3,Fade,True,1.0
C:\Users\vitor\.cache\kagglehub\datasets\sujitraarw\coffee-green-bean-with-17-defects-original\versions\1\Fade\Fade_01.jpg,Fade,3,Fade,True,1.0
C:\Users\vitor\.cache\kagglehub\datasets\sujitraarw\coffee-green-bean-with-17-defects-original\versions\1\Fade\Fade_02.jpg,Fade,3,Fade,True,1.0
C:\Users\vitor\.cache\kagglehub\datasets\sujitraarw\coffee-green-bean-with-17-defects-original\versions\1\Fade\Fade_03.jpg,Fade,3,Fade,True,1.0
C:\Users\vitor\.cache\kagglehub\datasets\sujitraarw\coffee-green-bean-with-17-defects-original\versions\1\Fade\Fade_04.jpg,Fade,3,Fade,True,1.0
C:\Users\vitor\.cache\kagglehub\datasets\sujitraarw\coffee-green-bean-with-17-defects-original\versions\1\Fade\Fade_05.jpg,Fade,3,Fade,True,1.0
C:\Users\vitor\.cache\kagglehub\datasets\sujitraarw\coffee-green-bean-with-17-defects-original\versions\1\Fade\Fade_06.jpg,Fade,3,Fade,True,1.0
C:\Users\vitor\.cache\kagglehub\datasets\sujitraarw\coffee-green-bean-with-17-defects-original\versions\1\Fade\Fade_07.jpg,Fade,3,Fade,True,1.0
C:\Users\vitor\.cache\kagglehub\datasets\sujitraarw\coffee-green-bean-with-17-defects-original\versions\1\Fade\Fade_08.jpg,Fade,3,Fade,True,1.0
C:\Users\vitor\.cache\kagglehub\datasets\sujitraarw\coffee-green-bean-with-17-defects-original\versions\1\Fade\Fade_09.jpg,Fade,3,Fade,True,1.0
C:\Users\vitor\.cache\kagglehub\datasets\sujitraarw\coffee-green-bean-with-17-defects-original\versions\1\Fade\Fade_10.jpg,Fade,3,Fade,True,1.0
C:\Users\vitor\.cache\kagglehub\datasets\sujitraarw\coffee-green-bean-with-17-defects-original\versions\1\Fade\Fade_11.jpg,Fade,3,Fade,True,1.0
C:\Users\vitor\.cache\kagglehub\datasets\sujitraarw\coffee-green-bean-with-17-defects-original\versions\1\Fade\Fade_12.jpg,Fade,3,Fade,True,1.0
C:\Users\vitor\.cache\kagglehub\datasets\sujitraarw\coffee-green-bean-with-17-defects-original\versions\1\Fade\Fade_13.jpg,Fade,3,Fade,True,1.0
C:\Users\vitor\.cache\kagglehub\datasets\sujitraarw\coffee-green-bean-with-17-defects-original\versions\1\Fade\Fade_14.jpg,Fade,3,Fade,True,1.0
C:\Users\vitor\.cache\kagglehub\datasets\sujitraarw\coffee-green-bean-with-17-defects-original\versions\1\Fade\Fade_15.jpg,Fade,3,Fade,True,1.0
C:\Users\vitor\.cache\kagglehub\datasets\sujitraarw\coffee-green-bean-with-17-defects-original\versions\1\Fade\Fade_16.jpg,Fade,3,Fade,True,1.0
C:\Users\vitor\.cache\kagglehub\datasets\sujitraarw\coffee-green-bean-with-17-defects-original\versions\1\Fade\Fade_17.jpg,Fade,3,Fade,True,1.0
C:\Users\vitor\.cache\kagglehub\datasets\sujitraarw\coffee-green-bean-with-17-defects-original\versions\1\Fade\Fade_18.jpg,Fade,3,Fade,True,1.0
C:\Users\vitor\.cache\kagglehub\datasets\sujitraarw\coffee-green-bean-with-17-defects-original\versions\1\Fade\Fade_19.jpg,Fade,3,Fade,True,1.0
C:\Users\vitor\.cache\kagglehub\datasets\sujitraarw\coffee-green-bean-with-17-defects-original\versions\1\Fade\Fade_20.jpg,Fade,3,Fade,True,1.0
C:\Users\vitor\.cache\kagglehub\datasets\sujitraarw\coffee-green-bean-with-17-defects-original\versions\1\Fade\Fade_21.jpg,Fade,3,Fade,True,1.0
C:\Users\vitor\.cache\kagglehub\datasets\sujitraarw\coffee-green-bean-with-17-defects-original\versions\1\Fade\Fade_22.jpg,Fade,3,Fade,True,1.0
C:\Users\vitor\.cache\kagglehub\datasets\sujitraarw\coffee-green-bean-with-17-defects-original\versions\1\Fade\Fade_23.jpg,Fade,3,Fade,True,1.0
C:\Users\vitor\.cache\kagglehub\datasets\sujitraarw\coffee-green-bean-with-17-defects-original\versions\1\Fade\Fade_24.jpg,Fade,3,Fade,True,1.0
C:\Users\vitor\.cache\kagglehub\datasets\sujitraarw\coffee-green-bean-with-17-defects-original\versions\1\Fade\Fade_25.jpg,Fade,3,Fade,True,1.0
C:\Users\vitor\.cache\kagglehub\datasets\sujitraarw\coffee-green-bean-with-17-defects-original\versions\1\Fade\Fade_26.jpg,Fade,3,Fade,True,1.0
C:\Users\vitor\.cache\kagglehub\datasets\sujitraarw\coffee-green-bean-with-17-defects-original\versions\1\Fade\Fade_27.jpg,Fade,3,Fade,True,1.0
C:\Users\vitor\.cache\kagglehub\datasets\sujitraarw\coffee-green-bean-with-17-defects-original\versions\1\Fade\Fade_28.jpg,Fade,3,Fade,True,1.0
C:\Users\vitor\.cache\kagglehub\datasets\sujitraarw\coffee-green-bean-with-17-defects-original\versions\1\Fade\Fade_29.jpg,Fade,3,Fade,True,1.0
C:\Users\vitor\.cache\kagglehub\datasets\sujitraarw\coffee-green-bean-with-17-defects-original\versions\1\Fade\Fade_30.jpg,Fade,3,Fade,True,1.0
C:\Users\vitor\.cache\kagglehub\datasets\sujitraarw\coffee-green-bean-with-17-defects-original\versions\1\Fade\Fade_31.jpg,Fade,3,Fade,True,1.0
C:\Users\vitor\.cache\kagglehub\datasets\sujitraarw\coffee-green-bean-with-17-defects-original\versions\1\Fade\Fade_32.jpg,Fade,3,Fade,True,1.0
C:\Users\vitor\.cache\kagglehub\datasets\sujitraarw\coffee-green-bean-with-17-defects-original\versions\1\Fade\Fade_33.jpg,Fade,3,Fade,True,1.0
C:\Users\vitor\.cache\kagglehub\datasets\sujitraarw\coffee-green-bean-with-17-defects-original\versions\1\Fade\Fade_34.jpg,Fade,3,Fade,True,1.0
C:\Users\vitor\.cache\kagglehub\datasets\sujitraarw\coffee-green-bean-with-17-defects-original\versions\1\Fade\Fade_35.jpg,Fade,3,Fade,True,1.0
C:\Users\vitor\.cache\kagglehub\datasets\sujitraarw\coffee-green-bean-with-17-defects-original\versions\1\Floater\Floater_01.jpg,Floater,4,Floater,True,1.0
C:\Users\vitor\.cache\kagglehub\datasets\sujitraarw\coffee-green-bean-with-17-defects-original\versions\1\Floater\Floater_02.jpg,Floater,4,Floater,True,1.0
C:\Users\vitor\.cache\kagglehub\datasets\sujitraarw\coffee-green-bean-with-17-defects-original\versions\1\Floater\Floater_03.jpg,Floater,4,Floater,True,1.0
C:\Users\vitor\.cache\kagglehub\datasets\sujitraarw\coffee-green-bean-with-17-defects-original\versions\1\Floater\Floater_04.jpg,Floater,4,Floater,True,1.0
C:\Users\vitor\.cache\kagglehub\datasets\sujitraarw\coffee-green-bean-with-17-defects-original\versions\1\Floater\Floater_05.jpg,Floater,4,Floater,True,1.0
C:\Users\vitor\.cache\kagglehub\datasets\sujitraarw\coffee-green-bean-with-17-defects-original\versions\1\Floater\Floater_06.jpg,Floater,4,Floater,True,1.0
C:\Users\vitor\.cache\kagglehub\datasets\sujitraarw\coffee-green-bean-with-17-defects-original\versions\1\Floater\Floater_07.jpg,Floater,4,Floater,True,1.0
C:\Users\vitor\.cache\kagglehub\datasets\sujitraarw\coffee-green-bean-with-17-defects-original\versions\1\Floater\Floater_08.jpg,Floater,4,Floater,True,1.0
C:\Users\vitor\.cache\kagglehub\datasets\sujitraarw\coffee-green-bean-with-17-defects-original\versions\1\Floater\Floater_09.jpg,Floater,4,Floater,True,1.0
C:\Users\vitor\.cache\kagglehub\datasets\sujitraarw\coffee-green-bean-with-17-defects-original\versions\1\Floater\Floater_10.jpg,Floater,4,Floater,True,1.0
C:\Users\vitor\.cache\kagglehub\datasets\sujitraarw\coffee-green-bean-with-17-defects-original\versions\1\Floater\Floater_11.jpg,Floater,4,Floater,True,1.0
C:\Users\vitor\.cache\kagglehub\datasets\sujitraarw\coffee-green-bean-with-17-defects-original\versions\1\Floater\Floater_12.jpg,Floater,4,Floater,True,1.0
C:\Users\vitor\.cache\kagglehub\datasets\sujitraarw\coffee-green-bean-with-17-defects-original\versions\1\Floater\Floater_13.jpg,Floater,4,Floater,True,1.0
C:\Users\vitor\.cache\kagglehub\datasets\sujitraarw\coffee-green-bean-with-17-defects-original\versions\1\Floater\Floater_14.jpg,Floater,4,Floater,True,1.0
C:\Users\vitor\.cache\kagglehub\datasets\sujitraarw\coffee-green-bean-with-17-defects-original\versions\1\Floater\Floater_15.jpg,Floater,4,Floater,True,1.0
C:\Users\vitor\.cache\kagglehub\datasets\sujitraarw\coffee-green-bean-with-17-defects-original\versions\1\Floater\Floater_16.jpg,Floater,4,Floater,True,1.0
C:\Users\vitor\.cache\kagglehub\datasets\sujitraarw\coffee-green-bean-with-17-defects-original\versions\1\Floater\Floater_17.jpg,Floater,4,Floater,True,1.0
C:\Users\vitor\.cache\kagglehub\datasets\sujitraarw\coffee-green-bean-with-17-defects-original\versions\1\Floater\Floater_18.jpg,Floater,4,Floater,True,1.0
C:\Users\vitor\.cache\kagglehub\datasets\sujitraarw\coffee-green-bean-with-17-defects-original\versions\1\Floater\Floater_19.jpg,Floater,4,Floater,True,1.0
C:\Users\vitor\.cache\kagglehub\datasets\sujitraarw\coffee-green-bean-with-17-defects-original\versions\1\Floater\Floater_20.jpg,Floater,4,Floater,True,1.0
C:\Users\vitor\.cache\kagglehub\datasets\sujitraarw\coffee-green-bean-with-17-defects-original\versions\1\Floater\Floater_21.jpg,Floater,4,Floater,True,1.0
C:\Users\vitor\.cache\kagglehub\datasets\sujitraarw\coffee-green-bean-with-17-defects-original\versions\1\Floater\Floater_22.jpg,Floater,4,Floater,True,1.0
C:\Users\vitor\.cache\kagglehub\datasets\sujitraarw\coffee-green-bean-with-17-defects-original\versions\1\Floater\Floater_23.jpg,Floater,4,Floater,True,1.0
C:\Users\vitor\.cache\kagglehub\datasets\sujitraarw\coffee-green-bean-with-17-defects-original\versions\1\Floater\Floater_24.jpg,Floater,4,Floater,True,1.0
C:\Users\vitor\.cache\kagglehub\datasets\sujitraarw\coffee-green-bean-with-17-defects-original\versions\1\Floater\Floater_25.jpg,Floater,4,Floater,True,1.0
C:\Users\vitor\.cache\kagglehub\datasets\sujitraarw\coffee-green-bean-with-17-defects-original\versions\1\Floater\Floater_26.jpg,Floater,4,Floater,True,1.0
C:\Users\vitor\.cache\kagglehub\datasets\sujitraarw\coffee-green-bean-with-17-defects-original\versions\1\Floater\Floater_27.jpg,Floater,4,Floater,True,1.0
C:\Users\vitor\.cache\kagglehub\datasets\sujitraarw\coffee-green-bean-with-17-defects-original\versions\1\Floater\Floater_28.jpg,Floater,4,Floater,True,1.0
C:\Users\vitor\.cache\kagglehub\datasets\sujitraarw\coffee-green-bean-with-17-defects-original\versions\1\Floater\Floater_29.jpg,Floater,4,Floater,True,1.0
C:\Users\vitor\.cache\kagglehub\datasets\sujitraarw\coffee-green-bean-with-17-defects-original\versions\1\Floater\Floater_30.jpg,Floater,4,Floater,True,1.0
C:\Users\vitor\.cache\kagglehub\datasets\sujitraarw\coffee-green-bean-with-17-defects-original\versions\1\Floater\Floater_31.jpg,Floater,4,Floater,True,1.0
C:\Users\vitor\.cache\kagglehub\datasets\sujitraarw\coffee-green-bean-with-17-defects-original\versions\1\Floater\Floater_32.jpg,Floater,4,Floater,True,1.0
C:\Users\vitor\.cache\kagglehub\datasets\sujitraarw\coffee-green-bean-with-17-defects-original\versions\1\Floater\Floater_33.jpg,Floater,4,Floater,True,1.0
C:\Users\vitor\.cache\kagglehub\datasets\sujitraarw\coffee-green-bean-with-17-defects-original\versions\1\Floater\Floater_34.jpg,Floater,4,Floater,True,1.0
C:\Users\vitor\.cache\kagglehub\datasets\sujitraarw\coffee-green-bean-with-17-defects-original\versions\1\Floater\Floater_35.jpg,Floater,4,Floater,True,1.0
C:\Users\vitor\.cache\kagglehub\datasets\sujitraarw\coffee-green-bean-with-17-defects-original\versions\1\Floater\Floater_36.jpg,Floater,4,Floater,True,1.0
C:\Users\vitor\.cache\kagglehub\datasets\sujitraarw\coffee-green-bean-with-17-defects-original\versions\1\Floater\Floater_37.jpg,Floater,4,Floater,True,1.0
C:\Users\vitor\.cache\kagglehub\datasets\sujitraarw\coffee-green-bean-with-17-defects-original\versions\1\Floater\Floater_38.jpg,Floater,4,Floater,True,1.0
C:\Users\vitor\.cache\kagglehub\datasets\sujitraarw\coffee-green-bean-with-17-defects-original\versions\1\Floater\Floater_39.jpg,Floater,4,Floater,True,1.0
C:\Users\vitor\.cache\kagglehub\datasets\sujitraarw\coffee-green-bean-with-17-defects-original\versions\1\Floater\Floater_40.jpg,Floater,4,Floater,True,1.0
C:\Users\vitor\.cache\kagglehub\datasets\sujitraarw\coffee-green-bean-with-17-defects-original\versions\1\Floater\Floater_41.jpg,Floater,4,Floater,True,1.0
C:\Users\vitor\.cache\kagglehub\datasets\sujitraarw\coffee-green-bean-with-17-defects-original\versions\1\Floater\Floater_42.jpg,Floater,4,Floater,True,1.0
C:\Users\vitor\.cache\kagglehub\datasets\sujitraarw\coffee-green-bean-with-17-defects-original\versions\1\Floater\Floater_43.jpg,Floater,4,Floater,True,1.0
C:\Users\vitor\.cache\kagglehub\datasets\sujitraarw\coffee-green-bean-with-17-defects-original\versions\1\Floater\Floater_44.jpg,Floater,4,Floater,True,1.0
C:\Users\vitor\.cache\kagglehub\datasets\sujitraarw\coffee-green-bean-with-17-defects-original\versions\1\Floater\Floater_45.jpg,Floater,4,Floater,True,1.0
C:\Users\vitor\.cache\kagglehub\datasets\sujitraarw\coffee-green-bean-with-17-defects-original\versions\1\Floater\Floater_46.jpg,Floater,4,Floater,True,1.0
C:\Users\vitor\.cache\kagglehub\datasets\sujitraarw\coffee-green-bean-with-17-defects-original\versions\1\Floater\Floater_47.jpg,Floater,4,Floater,True,1.0
C:\Users\vitor\.cache\kagglehub\datasets\sujitraarw\coffee-green-bean-with-17-defects-original\versions\1\Floater\Floater_48.jpg,Floater,4,Floater,True,1.0
C:\Users\vitor\.cache\kagglehub\datasets\sujitraarw\coffee-green-bean-with-17-defects-original\versions\1\Floater\Floater_01.jpg,Floater,4,Floater,True,1.0
C:\Users\vitor\.cache\kagglehub\datasets\sujitraarw\coffee-green-bean-with-17-defects-original\versions\1\Floater\Floater_02.jpg,Floater,4,Floater,True,1.0
C:\Users\vitor\.cache\kagglehub\datasets\sujitraarw\coffee-green-bean-with-17-defects-original\versions\1\Floater\Floater_03.jpg,Floater,4,Floater,True,1.0
C:\Users\vitor\.cache\kagglehub\datasets\sujitraarw\coffee-green-bean-with-17-defects-original\versions\1\Floater\Floater_04.jpg,Floater,4,Floater,True,1.0
C:\Users\vitor\.cache\kagglehub\datasets\sujitraarw\coffee-green-bean-with-17-defects-original\versions\1\Floater\Floater_05.jpg,Floater,4,Floater,True,1.0
C:\Users\vitor\.cache\kagglehub\datasets\sujitraarw\coffee-green-bean-with-17-defects-original\versions\1\Floater\Floater_06.jpg,Floater,4,Floater,True,1.0
C:\Users\vitor\.cache\kagglehub\datasets\sujitraarw\coffee-green-bean-with-17-defects-original\versions\1\Floater\Floater_07.jpg,Floater,4,Floater,True,1.0
C:\Users\vitor\.cache\kagglehub\datasets\sujitraarw\coffee-green-bean-with-17-defects-original\versions\1\Floater\Floater_08.jpg,Floater,4,Floater,True,1.0
C:\Users\vitor\.cache\kagglehub\datasets\sujitraarw\coffee-green-bean-with-17-defects-original\versions\1\Floater\Floater_09.jpg,Floater,4,Floater,True,1.0
C:\Users\vitor\.cache\kagglehub\datasets\sujitraarw\coffee-green-bean-with-17-defects-original\versions\1\Floater\Floater_10.jpg,Floater,4,Floater,True,1.0
C:\Users\vitor\.cache\kagglehub\datasets\sujitraarw\coffee-green-bean-with-17-defects-original\versions\1\Floater\Floater_11.jpg,Floater,4,Floater,True,1.0
C:\Users\vitor\.cache\kagglehub\datasets\sujitraarw\coffee-green-bean-with-17-defects-original\versions\1\Floater\Floater_12.jpg,Floater,4,Floater,True,1.0
C:\Users\vitor\.cache\kagglehub\datasets\sujitraarw\coffee-green-bean-with-17-defects-original\versions\1\Floater\Floater_13.jpg,Floater,4,Floater,True,1.0
C:\Users\vitor\.cache\kagglehub\datasets\sujitraarw\coffee-green-bean-with-17-defects-original\versions\1\Floater\Floater_14.jpg,Floater,4,Floater,True,1.0
C:\Users\vitor\.cache\kagglehub\datasets\sujitraarw\coffee-green-bean-with-17-defects-original\versions\1\Floater\Floater_15.jpg,Floater,4,Floater,True,1.0
C:\Users\vitor\.cache\kagglehub\datasets\sujitraarw\coffee-green-bean-with-17-defects-original\versions\1\Floater\Floater_16.jpg,Floater,4,Floater,True,1.0
C:\Users\vitor\.cache\kagglehub\datasets\sujitraarw\coffee-green-bean-with-17-defects-original\versions\1\Floater\Floater_17.jpg,Floater,4,Floater,True,1.0
C:\Users\vitor\.cache\kagglehub\datasets\sujitraarw\coffee-green-bean-with-17-defects-original\versions\1\Floater\Floater_18.jpg,Floater,4,Floater,True,1.0
C:\Users\vitor\.cache\kagglehub\datasets\sujitraarw\coffee-green-bean-with-17-defects-original\versions\1\Floater\Floater_19.jpg,Floater,4,Floater,True,1.0
C:\Users\vitor\.cache\kagglehub\datasets\sujitraarw\coffee-green-bean-with-17-defects-original\versions\1\Floater\Floater_20.jpg,Floater,4,Floater,True,1.0
C:\Users\vitor\.cache\kagglehub\datasets\sujitraarw\coffee-green-bean-with-17-defects-original\versions\1\Floater\Floater_21.jpg,Floater,4,Floater,True,1.0
C:\Users\vitor\.cache\kagglehub\datasets\sujitraarw\coffee-green-bean-with-17-defects-original\versions\1\Floater\Floater_22.jpg,Floater,4,Floater,True,1.0
C:\Users\vitor\.cache\kagglehub\datasets\sujitraarw\coffee-green-bean-with-17-defects-original\versions\1\Floater\Floater_23.jpg,Floater,4,Floater,True,1.0
C:\Users\vitor\.cache\kagglehub\datasets\sujitraarw\coffee-green-bean-with-17-defects-original\versions\1\Floater\Floater_24.jpg,Floater,4,Floater,True,1.0
C:\Users\vitor\.cache\kagglehub\datasets\sujitraarw\coffee-green-bean-with-17-defects-original\versions\1\Floater\Floater_25.jpg,Floater,4,Floater,True,1.0
C:\Users\vitor\.cache\kagglehub\datasets\sujitraarw\coffee-green-bean-with-17-defects-original\versions\1\Floater\Floater_26.jpg,Floater,4,Floater,True,1.0
C:\Users\vitor\.cache\kagglehub\datasets\sujitraarw\coffee-green-bean-with-17-defects-original\versions\1\Floater\Floater_27.jpg,Floater,4,Floater,True,1.0
C:\Users\vitor\.cache\kagglehub\datasets\sujitraarw\coffee-green-bean-with-17-defects-original\versions\1\Floater\Floater_28.jpg,Floater,4,Floater,True,1.0
C:\Users\vitor\.cache\kagglehub\datasets\sujitraarw\coffee-green-bean-with-17-defects-original\versions\1\Floater\Floater_29.jpg,Floater,4,Floater,True,1.0
C:\Users\vitor\.cache\kagglehub\datasets\sujitraarw\coffee-green-bean-with-17-defects-original\versions\1\Floater\Floater_30.jpg,Floater,4,Floater,True,1.0
C:\Users\vitor\.cache\kagglehub\datasets\sujitraarw\coffee-green-bean-with-17-defects-original\versions\1\Floater\Floater_31.jpg,Floater,4,Floater,True,1.0
C:\Users\vitor\.cache\kagglehub\datasets\sujitraarw\coffee-green-bean-with-17-defects-original\versions\1\Floater\Floater_32.jpg,Floater,4,Floater,True,1.0
C:\Users\vitor\.cache\kagglehub\datasets\sujitraarw\coffee-green-bean-with-17-defects-original\versions\1\Floater\Floater_33.jpg,Floater,4,Floater,True,1.0
C:\Users\vitor\.cache\kagglehub\datasets\sujitraarw\coffee-green-bean-with-17-defects-original\versions\1\Floater\Floater_34.jpg,Floater,4,Floater,True,1.0
C:\Users\vitor\.cache\kagglehub\datasets\sujitraarw\coffee-green-bean-with-17-defects-original\versions\1\Floater\Floater_35.jpg,Floater,4,Floater,True,1.0
C:\Users\vitor\.cache\kagglehub\datasets\sujitraarw\coffee-green-bean-with-17-defects-original\versions\1\Floater\Floater_36.jpg,Floater,4,Floater,True,1.0
C:\Users\vitor\.cache\kagglehub\datasets\sujitraarw\coffee-green-bean-with-17-defects-original\versions\1\Floater\Floater_37.jpg,Floater,4,Floater,True,1.0
C:\Users\vitor\.cache\kagglehub\datasets\sujitraarw\coffee-green-bean-with-17-defects-original\versions\1\Floater\Floater_38.jpg,Floater,4,Floater,True,1.0
C:\Users\vitor\.cache\kagglehub\datasets\sujitraarw\coffee-green-bean-with-17-defects-original\versions\1\Floater\Floater_39.jpg,Floater,4,Floater,True,1.0
C:\Users\vitor\.cache\kagglehub\datasets\sujitraarw\coffee-green-bean-with-17-defects-original\versions\1\Floater\Floater_40.jpg,Floater,4,Floater,True,1.0
C:\Users\vitor\.cache\kagglehub\datasets\sujitraarw\coffee-green-bean-with-17-defects-original\versions\1\Floater\Floater_41.jpg,Floater,4,Floater,True,1.0
C:\Users\vitor\.cache\kagglehub\datasets\sujitraarw\coffee-green-bean-with-17-defects-original\versions\1\Floater\Floater_42.jpg,Floater,4,Floater,True,1.0
C:\Users\vitor\.cache\kagglehub\datasets\sujitraarw\coffee-green-bean-with-17-defects-original\versions\1\Floater\Floater_43.jpg,Floater,4,Floater,True,1.0
C:\Users\vitor\.cache\kagglehub\datasets\sujitraarw\coffee-green-bean-with-17-defects-original\versions\1\Floater\Floater_44.jpg,Floater,4,Floater,True,1.0
C:\Users\vitor\.cache\kagglehub\datasets\sujitraarw\coffee-green-bean-with-17-defects-original\versions\1\Floater\Floater_45.jpg,Floater,4,Floater,True,1.0
C:\Users\vitor\.cache\kagglehub\datasets\sujitraarw\coffee-green-bean-with-17-defects-original\versions\1\Floater\Floater_46.jpg,Floater,4,Floater,True,1.0
C:\Users\vitor\.cache\kagglehub\datasets\sujitraarw\coffee-green-bean-with-17-defects-original\versions\1\Floater\Floater_47.jpg,Floater,4,Floater,True,1.0
C:\Users\vitor\.cache\kagglehub\datasets\sujitraarw\coffee-green-bean-with-17-defects-original\versions\1\Floater\Floater_48.jpg,Floater,4,Floater,True,1.0
C:\Users\vitor\.cache\kagglehub\datasets\sujitraarw\coffee-green-bean-with-17-defects-original\versions\1\Full Black\Full Black_01.jpg,Full Black,5,Full Black,True,1.0
C:\Users\vitor\.cache\kagglehub\datasets\sujitraarw\coffee-green-bean-with-17-defects-original\versions\1\Full Black\Full Black_02.jpg,Full Black,5,Full Black,True,1.0
C:\Users\vitor\.cache\kagglehub\datasets\sujitraarw\coffee-green-bean-with-17-defects-original\versions\1\Full Black\Full Black_03.jpg,Full Black,5,Full Black,True,1.0
C:\Users\vitor\.cache\kagglehub\datasets\sujitraarw\coffee-green-bean-with-17-defects-original\versions\1\Full Black\Full Black_04.jpg,Full Black,5,Full Black,True,1.0
C:\Users\vitor\.cache\kagglehub\datasets\sujitraarw\coffee-green-bean-with-17-defects-original\versions\1\Full Black\Full Black_05.jpg,Full Black,5,Full Black,True,1.0
C:\Users\vitor\.cache\kagglehub\datasets\sujitraarw\coffee-green-bean-with-17-defects-original\versions\1\Full Black\Full Black_06.jpg,Full Black,5,Full Black,True,1.0
C:\Users\vitor\.cache\kagglehub\datasets\sujitraarw\coffee-green-bean-with-17-defects-original\versions\1\Full Black\Full Black_07.jpg,Full Black,5,Full Black,True,1.0
C:\Users\vitor\.cache\kagglehub\datasets\sujitraarw\coffee-green-bean-with-17-defects-original\versions\1\Full Black\Full Black_08.jpg,Full Black,5,Full Black,True,1.0
C:\Users\vitor\.cache\kagglehub\datasets\sujitraarw\coffee-green-bean-with-17-defects-original\versions\1\Full Black\Full Black_09.jpg,Full Black,5,Full Black,True,1.0
C:\Users\vitor\.cache\kagglehub\datasets\sujitraarw\coffee-green-bean-with-17-defects-original\versions\1\Full Black\Full Black_10.jpg,Full Black,5,Full Black,True,1.0
C:\Users\vitor\.cache\kagglehub\datasets\sujitraarw\coffee-green-bean-with-17-defects-original\versions\1\Full Black\Full Black_11.jpg,Full Black,5,Full Black,True,1.0
C:\Users\vitor\.cache\kagglehub\datasets\sujitraarw\coffee-green-bean-with-17-defects-original\versions\1\Full Black\Full Black_12.jpg,Full Black,5,Full Black,True,1.0
C:\Users\vitor\.cache\kagglehub\datasets\sujitraarw\coffee-green-bean-with-17-defects-original\versions\1\Full Black\Full Black_13.jpg,Full Black,5,Full Black,True,1.0
C:\Users\vitor\.cache\kagglehub\datasets\sujitraarw\coffee-green-bean-with-17-defects-original\versions\1\Full Black\Full Black_14.jpg,Full Black,5,Full Black,True,1.0
C:\Users\vitor\.cache\kagglehub\datasets\sujitraarw\coffee-green-bean-with-17-defects-original\versions\1\Full Black\Full Black_15.jpg,Full Black,5,Full Black,True,1.0
C:\Users\vitor\.cache\kagglehub\datasets\sujitraarw\coffee-green-bean-with-17-defects-original\versions\1\Full Black\Full Black_16.jpg,Full Black,5,Full Black,True,1.0
C:\Users\vitor\.cache\kagglehub\datasets\sujitraarw\coffee-green-bean-with-17-defects-original\versions\1\Full Black\Full Black_17.jpg,Full Black,5,Full Black,True,1.0
C:\Users\vitor\.cache\kagglehub\datasets\sujitraarw\coffee-green-bean-with-17-defects-original\versions\1\Full Black\Full Black_18.jpg,Full Black,5,Full Black,True,1.0
C:\Users\vitor\.cache\kagglehub\datasets\sujitraarw\coffee-green-bean-with-17-defects-original\versions\1\Full Black\Full Black_19.jpg,Full Black,5,Full Black,True,1.0
C:\Users\vitor\.cache\kagglehub\datasets\sujitraarw\coffee-green-bean-with-17-defects-original\versions\1\Full Black\Full Black_20.jpg,Full Black,5,Full Black,True,1.0
C:\Users\vitor\.cache\kagglehub\datasets\sujitraarw\coffee-green-bean-with-17-defects-original\versions\1\Full Black\Full Black_21.jpg,Full Black,5,Full Black,True,1.0
C:\Users\vitor\.cache\kagglehub\datasets\sujitraarw\coffee-green-bean-with-17-defects-original\versions\1\Full Black\Full Black_22.jpg,Full Black,5,Full Black,True,1.0
C:\Users\vitor\.cache\kagglehub\datasets\sujitraarw\coffee-green-bean-with-17-defects-original\versions\1\Full Black\Full Black_23.jpg,Full Black,5,Full Black,True,1.0
C:\Users\vitor\.cache\kagglehub\datasets\sujitraarw\coffee-green-bean-with-17-defects-original\versions\1\Full Black\Full Black_24.jpg,Full Black,5,Full Black,True,1.0
C:\Users\vitor\.cache\kagglehub\datasets\sujitraarw\coffee-green-bean-with-17-defects-original\versions\1\Full Black\Full Black_25.jpg,Full Black,5,Full Black,True,1.0
C:\Users\vitor\.cache\kagglehub\datasets\sujitraarw\coffee-green-bean-with-17-defects-original\versions\1\Full Black\Full Black_26.jpg,Full Black,5,Full Black,True,1.0
C:\Users\vitor\.cache\kagglehub\datasets\sujitraarw\coffee-green-bean-with-17-defects-original\versions\1\Full Black\Full Black_27.jpg,Full Black,5,Full Black,True,1.0
C:\Users\vitor\.cache\kagglehub\datasets\sujitraarw\coffee-green-bean-with-17-defects-original\versions\1\Full Black\Full Black_28.jpg,Full Black,5,Full Black,True,1.0
C:\Users\vitor\.cache\kagglehub\datasets\sujitraarw\coffee-green-bean-with-17-defects-original\versions\1\Full Black\Full Black_29.jpg,Full Black,5,Full Black,True,0.9939
C:\Users\vitor\.cache\kagglehub\datasets\sujitraarw\coffee-green-bean-with-17-defects-original\versions\1\Full Black\Full Black_30.jpg,Full Black,5,Full Black,True,1.0
C:\Users\vitor\.cache\kagglehub\datasets\sujitraarw\coffee-green-bean-with-17-defects-original\versions\1\Full Black\Full Black_31.jpg,Full Black,5,Full Black,True,1.0
C:\Users\vitor\.cache\kagglehub\datasets\sujitraarw\coffee-green-bean-with-17-defects-original\versions\1\Full Black\Full Black_32.jpg,Full Black,5,Full Black,True,1.0
C:\Users\vitor\.cache\kagglehub\datasets\sujitraarw\coffee-green-bean-with-17-defects-original\versions\1\Full Black\Full Black_33.jpg,Full Black,5,Full Black,True,1.0
C:\Users\vitor\.cache\kagglehub\datasets\sujitraarw\coffee-green-bean-with-17-defects-original\versions\1\Full Black\Full Black_34.jpg,Full Black,5,Full Black,True,1.0
C:\Users\vitor\.cache\kagglehub\datasets\sujitraarw\coffee-green-bean-with-17-defects-original\versions\1\Full Black\Full Black_35.jpg,Full Black,5,Full Black,True,1.0
C:\Users\vitor\.cache\kagglehub\datasets\sujitraarw\coffee-green-bean-with-17-defects-original\versions\1\Full Black\Full Black_36.jpg,Full Black,5,Full Black,True,1.0
C:\Users\vitor\.cache\kagglehub\datasets\sujitraarw\coffee-green-bean-with-17-defects-original\versions\1\Full Black\Full Black_37.jpg,Full Black,5,Full Black,True,1.0
C:\Users\vitor\.cache\kagglehub\datasets\sujitraarw\coffee-green-bean-with-17-defects-original\versions\1\Full Black\Full Black_38.jpg,Full Black,5,Full Black,True,1.0
C:\Users\vitor\.cache\kagglehub\datasets\sujitraarw\coffee-green-bean-with-17-defects-original\versions\1\Full Black\Full Black_39.jpg,Full Black,5,Full Black,True,1.0
C:\Users\vitor\.cache\kagglehub\datasets\sujitraarw\coffee-green-bean-with-17-defects-original\versions\1\Full Black\Full Black_40.jpg,Full Black,5,Full Black,True,1.0
C:\Users\vitor\.cache\kagglehub\datasets\sujitraarw\coffee-green-bean-with-17-defects-original\versions\1\Full Black\Full Black_41.jpg,Full Black,5,Full Black,True,1.0
C:\Users\vitor\.cache\kagglehub\datasets\sujitraarw\coffee-green-bean-with-17-defects-original\versions\1\Full Black\Full Black_01.jpg,Full Black,5,Full Black,True,1.0
C:\Users\vitor\.cache\kagglehub\datasets\sujitraarw\coffee-green-bean-with-17-defects-original\versions\1\Full Black\Full Black_02.jpg,Full Black,5,Full Black,True,1.0
C:\Users\vitor\.cache\kagglehub\datasets\sujitraarw\coffee-green-bean-with-17-defects-original\versions\1\Full Black\Full Black_03.jpg,Full Black,5,Full Black,True,1.0
C:\Users\vitor\.cache\kagglehub\datasets\sujitraarw\coffee-green-bean-with-17-defects-original\versions\1\Full Black\Full Black_04.jpg,Full Black,5,Full Black,True,1.0
C:\Users\vitor\.cache\kagglehub\datasets\sujitraarw\coffee-green-bean-with-17-defects-original\versions\1\Full Black\Full Black_05.jpg,Full Black,5,Full Black,True,1.0
C:\Users\vitor\.cache\kagglehub\datasets\sujitraarw\coffee-green-bean-with-17-defects-original\versions\1\Full Black\Full Black_06.jpg,Full Black,5,Full Black,True,1.0
C:\Users\vitor\.cache\kagglehub\datasets\sujitraarw\coffee-green-bean-with-17-defects-original\versions\1\Full Black\Full Black_07.jpg,Full Black,5,Full Black,True,1.0
C:\Users\vitor\.cache\kagglehub\datasets\sujitraarw\coffee-green-bean-with-17-defects-original\versions\1\Full Black\Full Black_08.jpg,Full Black,5,Full Black,True,1.0
C:\Users\vitor\.cache\kagglehub\datasets\sujitraarw\coffee-green-bean-with-17-defects-original\versions\1\Full Black\Full Black_09.jpg,Full Black,5,Full Black,True,1.0
C:\Users\vitor\.cache\kagglehub\datasets\sujitraarw\coffee-green-bean-with-17-defects-original\versions\1\Full Black\Full Black_10.jpg,Full Black,5,Full Black,True,1.0
C:\Users\vitor\.cache\kagglehub\datasets\sujitraarw\coffee-green-bean-with-17-defects-original\versions\1\Full Black\Full Black_11.jpg,Full Black,5,Full Black,True,1.0
C:\Users\vitor\.cache\kagglehub\datasets\sujitraarw\coffee-green-bean-with-17-defects-original\versions\1\Full Black\Full Black_12.jpg,Full Black,5,Full Black,True,1.0
C:\Users\vitor\.cache\kagglehub\datasets\sujitraarw\coffee-green-bean-with-17-defects-original\versions\1\Full Black\Full Black_13.jpg,Full Black,5,Full Black,True,1.0
C:\Users\vitor\.cache\kagglehub\datasets\sujitraarw\coffee-green-bean-with-17-defects-original\versions\1\Full Black\Full Black_14.jpg,Full Black,5,Full Black,True,1.0
C:\Users\vitor\.cache\kagglehub\datasets\sujitraarw\coffee-green-bean-with-17-defects-original\versions\1\Full Black\Full Black_15.jpg,Full Black,5,Full Black,True,1.0
C:\Users\vitor\.cache\kagglehub\datasets\sujitraarw\coffee-green-bean-with-17-defects-original\versions\1\Full Black\Full Black_16.jpg,Full Black,5,Full Black,True,1.0
C:\Users\vitor\.cache\kagglehub\datasets\sujitraarw\coffee-green-bean-with-17-defects-original\versions\1\Full Black\Full Black_17.jpg,Full Black,5,Full Black,True,1.0
C:\Users\vitor\.cache\kagglehub\datasets\sujitraarw\coffee-green-bean-with-17-defects-original\versions\1\Full Black\Full Black_18.jpg,Full Black,5,Full Black,True,1.0
C:\Users\vitor\.cache\kagglehub\datasets\sujitraarw\coffee-green-bean-with-17-defects-original\versions\1\Full Black\Full Black_19.jpg,Full Black,5,Full Black,True,1.0
C:\Users\vitor\.cache\kagglehub\datasets\sujitraarw\coffee-green-bean-with-17-defects-original\versions\1\Full Black\Full Black_20.jpg,Full Black,5,Full Black,True,1.0
C:\Users\vitor\.cache\kagglehub\datasets\sujitraarw\coffee-green-bean-with-17-defects-original\versions\1\Full Black\Full Black_21.jpg,Full Black,5,Full Black,True,1.0
C:\Users\vitor\.cache\kagglehub\datasets\sujitraarw\coffee-green-bean-with-17-defects-original\versions\1\Full Black\Full Black_22.jpg,Full Black,5,Full Black,True,1.0
C:\Users\vitor\.cache\kagglehub\datasets\sujitraarw\coffee-green-bean-with-17-defects-original\versions\1\Full Black\Full Black_23.jpg,Full Black,5,Full Black,True,1.0
C:\Users\vitor\.cache\kagglehub\datasets\sujitraarw\coffee-green-bean-with-17-defects-original\versions\1\Full Black\Full Black_24.jpg,Full Black,5,Full Black,True,1.0
C:\Users\vitor\.cache\kagglehub\datasets\sujitraarw\coffee-green-bean-with-17-defects-original\versions\1\Full Black\Full Black_25.jpg,Full Black,5,Full Black,True,1.0
C:\Users\vitor\.cache\kagglehub\datasets\sujitraarw\coffee-green-bean-with-17-defects-original\versions\1\Full Black\Full Black_26.jpg,Full Black,5,Full Black,True,1.0
C:\Users\vitor\.cache\kagglehub\datasets\sujitraarw\coffee-green-bean-with-17-defects-original\versions\1\Full Black\Full Black_27.jpg,Full Black,5,Full Black,True,1.0
C:\Users\vitor\.cache\kagglehub\datasets\sujitraarw\coffee-green-bean-with-17-defects-original\versions\1\Full Black\Full Black_28.jpg,Full Black,5,Full Black,True,1.0
C:\Users\vitor\.cache\kagglehub\datasets\sujitraarw\coffee-green-bean-with-17-defects-original\versions\1\Full Black\Full Black_29.jpg,Full Black,5,Full Black,True,0.9939
C:\Users\vitor\.cache\kagglehub\datasets\sujitraarw\coffee-green-bean-with-17-defects-original\versions\1\Full Black\Full Black_30.jpg,Full Black,5,Full Black,True,1.0
C:\Users\vitor\.cache\kagglehub\datasets\sujitraarw\coffee-green-bean-with-17-defects-original\versions\1\Full Black\Full Black_31.jpg,Full Black,5,Full Black,True,1.0
C:\Users\vitor\.cache\kagglehub\datasets\sujitraarw\coffee-green-bean-with-17-defects-original\versions\1\Full Black\Full Black_32.jpg,Full Black,5,Full Black,True,1.0
C:\Users\vitor\.cache\kagglehub\datasets\sujitraarw\coffee-green-bean-with-17-defects-original\versions\1\Full Black\Full Black_33.jpg,Full Black,5,Full Black,True,1.0
C:\Users\vitor\.cache\kagglehub\datasets\sujitraarw\coffee-green-bean-with-17-defects-original\versions\1\Full Black\Full Black_34.jpg,Full Black,5,Full Black,True,1.0
C:\Users\vitor\.cache\kagglehub\datasets\sujitraarw\coffee-green-bean-with-17-defects-original\versions\1\Full Black\Full Black_35.jpg,Full Black,5,Full Black,True,1.0
C:\Users\vitor\.cache\kagglehub\datasets\sujitraarw\coffee-green-bean-with-17-defects-original\versions\1\Full Black\Full Black_36.jpg,Full Black,5,Full Black,True,1.0
C:\Users\vitor\.cache\kagglehub\datasets\sujitraarw\coffee-green-bean-with-17-defects-original\versions\1\Full Black\Full Black_37.jpg,Full Black,5,Full Black,True,1.0
C:\Users\vitor\.cache\kagglehub\datasets\sujitraarw\coffee-green-bean-with-17-defects-original\versions\1\Full Black\Full Black_38.jpg,Full Black,5,Full Black,True,1.0
C:\Users\vitor\.cache\kagglehub\datasets\sujitraarw\coffee-green-bean-with-17-defects-original\versions\1\Full Black\Full Black_39.jpg,Full Black,5,Full Black,True,1.0
C:\Users\vitor\.cache\kagglehub\datasets\sujitraarw\coffee-green-bean-with-17-defects-original\versions\1\Full Black\Full Black_40.jpg,Full Black,5,Full Black,True,1.0
C:\Users\vitor\.cache\kagglehub\datasets\sujitraarw\coffee-green-bean-with-17-defects-original\versions\1\Full Black\Full Black_41.jpg,Full Black,5,Full Black,True,1.0
C:\Users\vitor\.cache\kagglehub\datasets\sujitraarw\coffee-green-bean-with-17-defects-original\versions\1\Full Sour\Full Sour_01.jpg,Full Sour,6,Full Sour,True,1.0
C:\Users\vitor\.cache\kagglehub\datasets\sujitraarw\coffee-green-bean-with-17-defects-original\versions\1\Full Sour\Full Sour_02.jpg,Full Sour,6,Full Sour,True,1.0
C:\Users\vitor\.cache\kagglehub\datasets\sujitraarw\coffee-green-bean-with-17-defects-original\versions\1\Full Sour\Full Sour_03.jpg,Full Sour,6,Full Sour,True,1.0
C:\Users\vitor\.cache\kagglehub\datasets\sujitraarw\coffee-green-bean-with-17-defects-original\versions\1\Full Sour\Full Sour_04.jpg,Full Sour,6,Full Sour,True,1.0
C:\Users\vitor\.cache\kagglehub\datasets\sujitraarw\coffee-green-bean-with-17-defects-original\versions\1\Full Sour\Full Sour_05.jpg,Full Sour,6,Full Sour,True,1.0
C:\Users\vitor\.cache\kagglehub\datasets\sujitraarw\coffee-green-bean-with-17-defects-original\versions\1\Full Sour\Full Sour_06.jpg,Full Sour,6,Full Sour,True,1.0
C:\Users\vitor\.cache\kagglehub\datasets\sujitraarw\coffee-green-bean-with-17-defects-original\versions\1\Full Sour\Full Sour_07.jpg,Full Sour,6,Full Sour,True,1.0
C:\Users\vitor\.cache\kagglehub\datasets\sujitraarw\coffee-green-bean-with-17-defects-original\versions\1\Full Sour\Full Sour_08.jpg,Full Sour,6,Full Sour,True,1.0
C:\Users\vitor\.cache\kagglehub\datasets\sujitraarw\coffee-green-bean-with-17-defects-original\versions\1\Full Sour\Full Sour_09.jpg,Full Sour,6,Full Sour,True,1.0
C:\Users\vitor\.cache\kagglehub\datasets\sujitraarw\coffee-green-bean-with-17-defects-original\versions\1\Full Sour\Full Sour_10.jpg,Full Sour,6,Full Sour,True,1.0
C:\Users\vitor\.cache\kagglehub\datasets\sujitraarw\coffee-green-bean-with-17-defects-original\versions\1\Full Sour\Full Sour_11.jpg,Full Sour,6,Full Sour,True,1.0
C:\Users\vitor\.cache\kagglehub\datasets\sujitraarw\coffee-green-bean-with-17-defects-original\versions\1\Full Sour\Full Sour_12.jpg,Full Sour,6,Full Sour,True,1.0
C:\Users\vitor\.cache\kagglehub\datasets\sujitraarw\coffee-green-bean-with-17-defects-original\versions\1\Full Sour\Full Sour_13.jpg,Full Sour,6,Full Sour,True,1.0
C:\Users\vitor\.cache\kagglehub\datasets\sujitraarw\coffee-green-bean-with-17-defects-original\versions\1\Full Sour\Full Sour_14.jpg,Full Sour,6,Full Sour,True,1.0
C:\Users\vitor\.cache\kagglehub\datasets\sujitraarw\coffee-green-bean-with-17-defects-original\versions\1\Full Sour\Full Sour_15.jpg,Full Sour,6,Full Sour,True,1.0
C:\Users\vitor\.cache\kagglehub\datasets\sujitraarw\coffee-green-bean-with-17-defects-original\versions\1\Full Sour\Full Sour_16.jpg,Full Sour,6,Full Sour,True,1.0
C:\Users\vitor\.cache\kagglehub\datasets\sujitraarw\coffee-green-bean-with-17-defects-original\versions\1\Full Sour\Full Sour_17.jpg,Full Sour,6,Full Sour,True,1.0
C:\Users\vitor\.cache\kagglehub\datasets\sujitraarw\coffee-green-bean-with-17-defects-original\versions\1\Full Sour\Full Sour_18.jpg,Full Sour,6,Full Sour,True,1.0
C:\Users\vitor\.cache\kagglehub\datasets\sujitraarw\coffee-green-bean-with-17-defects-original\versions\1\Full Sour\Full Sour_19.jpg,Full Sour,6,Full Sour,True,1.0
C:\Users\vitor\.cache\kagglehub\datasets\sujitraarw\coffee-green-bean-with-17-defects-original\versions\1\Full Sour\Full Sour_20.jpg,Full Sour,6,Full Sour,True,1.0
C:\Users\vitor\.cache\kagglehub\datasets\sujitraarw\coffee-green-bean-with-17-defects-original\versions\1\Full Sour\Full Sour_21.jpg,Full Sour,6,Full Sour,True,1.0
C:\Users\vitor\.cache\kagglehub\datasets\sujitraarw\coffee-green-bean-with-17-defects-original\versions\1\Full Sour\Full Sour_22.jpg,Full Sour,6,Full Sour,True,1.0
C:\Users\vitor\.cache\kagglehub\datasets\sujitraarw\coffee-green-bean-with-17-defects-original\versions\1\Full Sour\Full Sour_23.jpg,Full Sour,6,Full Sour,True,1.0
C:\Users\vitor\.cache\kagglehub\datasets\sujitraarw\coffee-green-bean-with-17-defects-original\versions\1\Full Sour\Full Sour_24.jpg,Full Sour,6,Full Sour,True,1.0
C:\Users\vitor\.cache\kagglehub\datasets\sujitraarw\coffee-green-bean-with-17-defects-original\versions\1\Full Sour\Full Sour_25.jpg,Full Sour,6,Full Sour,True,1.0
C:\Users\vitor\.cache\kagglehub\datasets\sujitraarw\coffee-green-bean-with-17-defects-original\versions\1\Full Sour\Full Sour_26.jpg,Full Sour,6,Full Sour,True,1.0
C:\Users\vitor\.cache\kagglehub\datasets\sujitraarw\coffee-green-bean-with-17-defects-original\versions\1\Full Sour\Full Sour_27.jpg,Full Sour,6,Full Sour,True,1.0
C:\Users\vitor\.cache\kagglehub\datasets\sujitraarw\coffee-green-bean-with-17-defects-original\versions\1\Full Sour\Full Sour_28.jpg,Full Sour,6,Full Sour,True,1.0
C:\Users\vitor\.cache\kagglehub\datasets\sujitraarw\coffee-green-bean-with-17-defects-original\versions\1\Full Sour\Full Sour_29.jpg,Full Sour,6,Full Sour,True,1.0
C:\Users\vitor\.cache\kagglehub\datasets\sujitraarw\coffee-green-bean-with-17-defects-original\versions\1\Full Sour\Full Sour_30.jpg,Full Sour,6,Full Sour,True,1.0
C:\Users\vitor\.cache\kagglehub\datasets\sujitraarw\coffee-green-bean-with-17-defects-original\versions\1\Full Sour\Full Sour_31.jpg,Full Sour,6,Full Sour,True,1.0
C:\Users\vitor\.cache\kagglehub\datasets\sujitraarw\coffee-green-bean-with-17-defects-original\versions\1\Full Sour\Full Sour_32.jpg,Full Sour,6,Full Sour,True,1.0
C:\Users\vitor\.cache\kagglehub\datasets\sujitraarw\coffee-green-bean-with-17-defects-original\versions\1\Full Sour\Full Sour_33.jpg,Full Sour,6,Full Sour,True,1.0
C:\Users\vitor\.cache\kagglehub\datasets\sujitraarw\coffee-green-bean-with-17-defects-original\versions\1\Full Sour\Full Sour_34.jpg,Full Sour,6,Full Sour,True,1.0
C:\Users\vitor\.cache\kagglehub\datasets\sujitraarw\coffee-green-bean-with-17-defects-original\versions\1\Full Sour\Full Sour_35.jpg,Full Sour,6,Full Sour,True,1.0
C:\Users\vitor\.cache\kagglehub\datasets\sujitraarw\coffee-green-bean-with-17-defects-original\versions\1\Full Sour\Full Sour_36.jpg,Full Sour,6,Full Sour,True,1.0
C:\Users\vitor\.cache\kagglehub\datasets\sujitraarw\coffee-green-bean-with-17-defects-original\versions\1\Full Sour\Full Sour_37.jpg,Full Sour,6,Full Sour,True,1.0
C:\Users\vitor\.cache\kagglehub\datasets\sujitraarw\coffee-green-bean-with-17-defects-original\versions\1\Full Sour\Full Sour_38.jpg,Full Sour,6,Full Sour,True,1.0
C:\Users\vitor\.cache\kagglehub\datasets\sujitraarw\coffee-green-bean-with-17-defects-original\versions\1\Full Sour\Full Sour_39.jpg,Full Sour,6,Full Sour,True,1.0
C:\Users\vitor\.cache\kagglehub\datasets\sujitraarw\coffee-green-bean-with-17-defects-original\versions\1\Full Sour\Full Sour_40.jpg,Full Sour,6,Full Sour,True,1.0
C:\Users\vitor\.cache\kagglehub\datasets\sujitraarw\coffee-green-bean-with-17-defects-original\versions\1\Full Sour\Full Sour_41.jpg,Full Sour,6,Full Sour,True,1.0
C:\Users\vitor\.cache\kagglehub\datasets\sujitraarw\coffee-green-bean-with-17-defects-original\versions\1\Full Sour\Full Sour_42.jpg,Full Sour,6,Full Sour,True,1.0
C:\Users\vitor\.cache\kagglehub\datasets\sujitraarw\coffee-green-bean-with-17-defects-original\versions\1\Full Sour\Full Sour_43.jpg,Full Sour,6,Full Sour,True,1.0
C:\Users\vitor\.cache\kagglehub\datasets\sujitraarw\coffee-green-bean-with-17-defects-original\versions\1\Full Sour\Full Sour_44.jpg,Full Sour,6,Full Sour,True,1.0
C:\Users\vitor\.cache\kagglehub\datasets\sujitraarw\coffee-green-bean-with-17-defects-original\versions\1\Full Sour\Full Sour_45.jpg,Full Sour,6,Full Sour,True,1.0
C:\Users\vitor\.cache\kagglehub\datasets\sujitraarw\coffee-green-bean-with-17-defects-original\versions\1\Full Sour\Full Sour_46.jpg,Full Sour,6,Full Sour,True,1.0
C:\Users\vitor\.cache\kagglehub\datasets\sujitraarw\coffee-green-bean-with-17-defects-original\versions\1\Full Sour\Full Sour_47.jpg,Full Sour,6,Full Sour,True,1.0
C:\Users\vitor\.cache\kagglehub\datasets\sujitraarw\coffee-green-bean-with-17-defects-original\versions\1\Full Sour\Full Sour_48.jpg,Full Sour,6,Full Sour,True,1.0
C:\Users\vitor\.cache\kagglehub\datasets\sujitraarw\coffee-green-bean-with-17-defects-original\versions\1\Full Sour\Full Sour_49.jpg,Full Sour,6,Full Sour,True,1.0
C:\Users\vitor\.cache\kagglehub\datasets\sujitraarw\coffee-green-bean-with-17-defects-original\versions\1\Full Sour\Full Sour_50.jpg,Full Sour,6,Full Sour,True,1.0
C:\Users\vitor\.cache\kagglehub\datasets\sujitraarw\coffee-green-bean-with-17-defects-original\versions\1\Full Sour\Full Sour_51.jpg,Full Sour,6,Full Sour,True,1.0
C:\Users\vitor\.cache\kagglehub\datasets\sujitraarw\coffee-green-bean-with-17-defects-original\versions\1\Full Sour\Full Sour_52.jpg,Full Sour,6,Full Sour,True,1.0
C:\Users\vitor\.cache\kagglehub\datasets\sujitraarw\coffee-green-bean-with-17-defects-original\versions\1\Full Sour\Full Sour_53.jpg,Full Sour,6,Full Sour,True,1.0
C:\Users\vitor\.cache\kagglehub\datasets\sujitraarw\coffee-green-bean-with-17-defects-original\versions\1\Full Sour\Full Sour_54.jpg,Full Sour,6,Full Sour,True,1.0
C:\Users\vitor\.cache\kagglehub\datasets\sujitraarw\coffee-green-bean-with-17-defects-original\versions\1\Full Sour\Full Sour_55.jpg,Full Sour,6,Full Sour,True,1.0
C:\Users\vitor\.cache\kagglehub\datasets\sujitraarw\coffee-green-bean-with-17-defects-original\versions\1\Full Sour\Full Sour_56.jpg,Full Sour,6,Full Sour,True,1.0
C:\Users\vitor\.cache\kagglehub\datasets\sujitraarw\coffee-green-bean-with-17-defects-original\versions\1\Full Sour\Full Sour_57.jpg,Full Sour,6,Full Sour,True,1.0
C:\Users\vitor\.cache\kagglehub\datasets\sujitraarw\coffee-green-bean-with-17-defects-original\versions\1\Full Sour\Full Sour_58.jpg,Full Sour,6,Full Sour,True,1.0
C:\Users\vitor\.cache\kagglehub\datasets\sujitraarw\coffee-green-bean-with-17-defects-original\versions\1\Full Sour\Full Sour_59.jpg,Full Sour,6,Full Sour,True,1.0
C:\Users\vitor\.cache\kagglehub\datasets\sujitraarw\coffee-green-bean-with-17-defects-original\versions\1\Full Sour\Full Sour_60.jpg,Full Sour,6,Full Sour,True,1.0
C:\Users\vitor\.cache\kagglehub\datasets\sujitraarw\coffee-green-bean-with-17-defects-original\versions\1\Full Sour\Full Sour_61.jpg,Full Sour,6,Full Sour,True,1.0
C:\Users\vitor\.cache\kagglehub\datasets\sujitraarw\coffee-green-bean-with-17-defects-original\versions\1\Full Sour\Full Sour_62.jpg,Full Sour,6,Full Sour,True,1.0
C:\Users\vitor\.cache\kagglehub\datasets\sujitraarw\coffee-green-bean-with-17-defects-original\versions\1\Full Sour\Full Sour_63.jpg,Full Sour,6,Full Sour,True,1.0
C:\Users\vitor\.cache\kagglehub\datasets\sujitraarw\coffee-green-bean-with-17-defects-original\versions\1\Full Sour\Full Sour_64.jpg,Full Sour,6,Full Sour,True,1.0
C:\Users\vitor\.cache\kagglehub\datasets\sujitraarw\coffee-green-bean-with-17-defects-original\versions\1\Full Sour\Full Sour_65.jpg,Full Sour,6,Full Sour,True,1.0
C:\Users\vitor\.cache\kagglehub\datasets\sujitraarw\coffee-green-bean-with-17-defects-original\versions\1\Full Sour\Full Sour_66.jpg,Full Sour,6,Full Sour,True,1.0
C:\Users\vitor\.cache\kagglehub\datasets\sujitraarw\coffee-green-bean-with-17-defects-original\versions\1\Full Sour\Full Sour_67.jpg,Full Sour,6,Full Sour,True,1.0
C:\Users\vitor\.cache\kagglehub\datasets\sujitraarw\coffee-green-bean-with-17-defects-original\versions\1\Full Sour\Full Sour_68.jpg,Full Sour,6,Full Sour,True,1.0
C:\Users\vitor\.cache\kagglehub\datasets\sujitraarw\coffee-green-bean-with-17-defects-original\versions\1\Full Sour\Full Sour_69.jpg,Full Sour,6,Full Sour,True,1.0
C:\Users\vitor\.cache\kagglehub\datasets\sujitraarw\coffee-green-bean-with-17-defects-original\versions\1\Full Sour\Full Sour_70.jpg,Full Sour,6,Full Sour,True,1.0
C:\Users\vitor\.cache\kagglehub\datasets\sujitraarw\coffee-green-bean-with-17-defects-original\versions\1\Full Sour\Full Sour_71.jpg,Full Sour,6,Full Sour,True,1.0
C:\Users\vitor\.cache\kagglehub\datasets\sujitraarw\coffee-green-bean-with-17-defects-original\versions\1\Full Sour\Full Sour_72.jpg,Full Sour,6,Full Sour,True,1.0
C:\Users\vitor\.cache\kagglehub\datasets\sujitraarw\coffee-green-bean-with-17-defects-original\versions\1\Full Sour\Full Sour_73.jpg,Full Sour,6,Full Sour,True,1.0
C:\Users\vitor\.cache\kagglehub\datasets\sujitraarw\coffee-green-bean-with-17-defects-original\versions\1\Full Sour\Full Sour_74.jpg,Full Sour,6,Full Sour,True,1.0
C:\Users\vitor\.cache\kagglehub\datasets\sujitraarw\coffee-green-bean-with-17-defects-original\versions\1\Full Sour\Full Sour_75.jpg,Full Sour,6,Full Sour,True,1.0
C:\Users\vitor\.cache\kagglehub\datasets\sujitraarw\coffee-green-bean-with-17-defects-original\versions\1\Full Sour\Full Sour_01.jpg,Full Sour,6,Full Sour,True,1.0
C:\Users\vitor\.cache\kagglehub\datasets\sujitraarw\coffee-green-bean-with-17-defects-original\versions\1\Full Sour\Full Sour_02.jpg,Full Sour,6,Full Sour,True,1.0
C:\Users\vitor\.cache\kagglehub\datasets\sujitraarw\coffee-green-bean-with-17-defects-original\versions\1\Full Sour\Full Sour_03.jpg,Full Sour,6,Full Sour,True,1.0
C:\Users\vitor\.cache\kagglehub\datasets\sujitraarw\coffee-green-bean-with-17-defects-original\versions\1\Full Sour\Full Sour_04.jpg,Full Sour,6,Full Sour,True,1.0
C:\Users\vitor\.cache\kagglehub\datasets\sujitraarw\coffee-green-bean-with-17-defects-original\versions\1\Full Sour\Full Sour_05.jpg,Full Sour,6,Full Sour,True,1.0
C:\Users\vitor\.cache\kagglehub\datasets\sujitraarw\coffee-green-bean-with-17-defects-original\versions\1\Full Sour\Full Sour_06.jpg,Full Sour,6,Full Sour,True,1.0
C:\Users\vitor\.cache\kagglehub\datasets\sujitraarw\coffee-green-bean-with-17-defects-original\versions\1\Full Sour\Full Sour_07.jpg,Full Sour,6,Full Sour,True,1.0
C:\Users\vitor\.cache\kagglehub\datasets\sujitraarw\coffee-green-bean-with-17-defects-original\versions\1\Full Sour\Full Sour_08.jpg,Full Sour,6,Full Sour,True,1.0
C:\Users\vitor\.cache\kagglehub\datasets\sujitraarw\coffee-green-bean-with-17-defects-original\versions\1\Full Sour\Full Sour_09.jpg,Full Sour,6,Full Sour,True,1.0
C:\Users\vitor\.cache\kagglehub\datasets\sujitraarw\coffee-green-bean-with-17-defects-original\versions\1\Full Sour\Full Sour_10.jpg,Full Sour,6,Full Sour,True,1.0
C:\Users\vitor\.cache\kagglehub\datasets\sujitraarw\coffee-green-bean-with-17-defects-original\versions\1\Full Sour\Full Sour_11.jpg,Full Sour,6,Full Sour,True,1.0
C:\Users\vitor\.cache\kagglehub\datasets\sujitraarw\coffee-green-bean-with-17-defects-original\versions\1\Full Sour\Full Sour_12.jpg,Full Sour,6,Full Sour,True,1.0
C:\Users\vitor\.cache\kagglehub\datasets\sujitraarw\coffee-green-bean-with-17-defects-original\versions\1\Full Sour\Full Sour_13.jpg,Full Sour,6,Full Sour,True,1.0
C:\Users\vitor\.cache\kagglehub\datasets\sujitraarw\coffee-green-bean-with-17-defects-original\versions\1\Full Sour\Full Sour_14.jpg,Full Sour,6,Full Sour,True,1.0
C:\Users\vitor\.cache\kagglehub\datasets\sujitraarw\coffee-green-bean-with-17-defects-original\versions\1\Full Sour\Full Sour_15.jpg,Full Sour,6,Full Sour,True,1.0
C:\Users\vitor\.cache\kagglehub\datasets\sujitraarw\coffee-green-bean-with-17-defects-original\versions\1\Full Sour\Full Sour_16.jpg,Full Sour,6,Full Sour,True,1.0
C:\Users\vitor\.cache\kagglehub\datasets\sujitraarw\coffee-green-bean-with-17-defects-original\versions\1\Full Sour\Full Sour_17.jpg,Full Sour,6,Full Sour,True,1.0
C:\Users\vitor\.cache\kagglehub\datasets\sujitraarw\coffee-green-bean-with-17-defects-original\versions\1\Full Sour\Full Sour_18.jpg,Full Sour,6,Full Sour,True,1.0
C:\Users\vitor\.cache\kagglehub\datasets\sujitraarw\coffee-green-bean-with-17-defects-original\versions\1\Full Sour\Full Sour_19.jpg,Full Sour,6,Full Sour,True,1.0
C:\Users\vitor\.cache\kagglehub\datasets\sujitraarw\coffee-green-bean-with-17-defects-original\versions\1\Full Sour\Full Sour_20.jpg,Full Sour,6,Full Sour,True,1.0
C:\Users\vitor\.cache\kagglehub\datasets\sujitraarw\coffee-green-bean-with-17-defects-original\versions\1\Full Sour\Full Sour_21.jpg,Full Sour,6,Full Sour,True,1.0
C:\Users\vitor\.cache\kagglehub\datasets\sujitraarw\coffee-green-bean-with-17-defects-original\versions\1\Full Sour\Full Sour_22.jpg,Full Sour,6,Full Sour,True,1.0
C:\Users\vitor\.cache\kagglehub\datasets\sujitraarw\coffee-green-bean-with-17-defects-original\versions\1\Full Sour\Full Sour_23.jpg,Full Sour,6,Full Sour,True,1.0
C:\Users\vitor\.cache\kagglehub\datasets\sujitraarw\coffee-green-bean-with-17-defects-original\versions\1\Full Sour\Full Sour_24.jpg,Full Sour,6,Full Sour,True,1.0
C:\Users\vitor\.cache\kagglehub\datasets\sujitraarw\coffee-green-bean-with-17-defects-original\versions\1\Full Sour\Full Sour_25.jpg,Full Sour,6,Full Sour,True,1.0
C:\Users\vitor\.cache\kagglehub\datasets\sujitraarw\coffee-green-bean-with-17-defects-original\versions\1\Full Sour\Full Sour_26.jpg,Full Sour,6,Full Sour,True,1.0
C:\Users\vitor\.cache\kagglehub\datasets\sujitraarw\coffee-green-bean-with-17-defects-original\versions\1\Full Sour\Full Sour_27.jpg,Full Sour,6,Full Sour,True,1.0
C:\Users\vitor\.cache\kagglehub\datasets\sujitraarw\coffee-green-bean-with-17-defects-original\versions\1\Full Sour\Full Sour_28.jpg,Full Sour,6,Full Sour,True,1.0
C:\Users\vitor\.cache\kagglehub\datasets\sujitraarw\coffee-green-bean-with-17-defects-original\versions\1\Full Sour\Full Sour_29.jpg,Full Sour,6,Full Sour,True,1.0
C:\Users\vitor\.cache\kagglehub\datasets\sujitraarw\coffee-green-bean-with-17-defects-original\versions\1\Full Sour\Full Sour_30.jpg,Full Sour,6,Full Sour,True,1.0
C:\Users\vitor\.cache\kagglehub\datasets\sujitraarw\coffee-green-bean-with-17-defects-original\versions\1\Full Sour\Full Sour_31.jpg,Full Sour,6,Full Sour,True,1.0
C:\Users\vitor\.cache\kagglehub\datasets\sujitraarw\coffee-green-bean-with-17-defects-original\versions\1\Full Sour\Full Sour_32.jpg,Full Sour,6,Full Sour,True,1.0
C:\Users\vitor\.cache\kagglehub\datasets\sujitraarw\coffee-green-bean-with-17-defects-original\versions\1\Full Sour\Full Sour_33.jpg,Full Sour,6,Full Sour,True,1.0
C:\Users\vitor\.cache\kagglehub\datasets\sujitraarw\coffee-green-bean-with-17-defects-original\versions\1\Full Sour\Full Sour_34.jpg,Full Sour,6,Full Sour,True,1.0
C:\Users\vitor\.cache\kagglehub\datasets\sujitraarw\coffee-green-bean-with-17-defects-original\versions\1\Full Sour\Full Sour_35.jpg,Full Sour,6,Full Sour,True,1.0
C:\Users\vitor\.cache\kagglehub\datasets\sujitraarw\coffee-green-bean-with-17-defects-original\versions\1\Full Sour\Full Sour_36.jpg,Full Sour,6,Full Sour,True,1.0
C:\Users\vitor\.cache\kagglehub\datasets\sujitraarw\coffee-green-bean-with-17-defects-original\versions\1\Full Sour\Full Sour_37.jpg,Full Sour,6,Full Sour,True,1.0
C:\Users\vitor\.cache\kagglehub\datasets\sujitraarw\coffee-green-bean-with-17-defects-original\versions\1\Full Sour\Full Sour_38.jpg,Full Sour,6,Full Sour,True,1.0
C:\Users\vitor\.cache\kagglehub\datasets\sujitraarw\coffee-green-bean-with-17-defects-original\versions\1\Full Sour\Full Sour_39.jpg,Full Sour,6,Full Sour,True,1.0
C:\Users\vitor\.cache\kagglehub\datasets\sujitraarw\coffee-green-bean-with-17-defects-original\versions\1\Full Sour\Full Sour_40.jpg,Full Sour,6,Full Sour,True,1.0
C:\Users\vitor\.cache\kagglehub\datasets\sujitraarw\coffee-green-bean-with-17-defects-original\versions\1\Full Sour\Full Sour_41.jpg,Full Sour,6,Full Sour,True,1.0
C:\Users\vitor\.cache\kagglehub\datasets\sujitraarw\coffee-green-bean-with-17-defects-original\versions\1\Full Sour\Full Sour_42.jpg,Full Sour,6,Full Sour,True,1.0
C:\Users\vitor\.cache\kagglehub\datasets\sujitraarw\coffee-green-bean-with-17-defects-original\versions\1\Full Sour\Full Sour_43.jpg,Full Sour,6,Full Sour,True,1.0
C:\Users\vitor\.cache\kagglehub\datasets\sujitraarw\coffee-green-bean-with-17-defects-original\versions\1\Full Sour\Full Sour_44.jpg,Full Sour,6,Full Sour,True,1.0
C:\Users\vitor\.cache\kagglehub\datasets\sujitraarw\coffee-green-bean-with-17-defects-original\versions\1\Full Sour\Full Sour_45.jpg,Full Sour,6,Full Sour,True,1.0
C:\Users\vitor\.cache\kagglehub\datasets\sujitraarw\coffee-green-bean-with-17-defects-original\versions\1\Full Sour\Full Sour_46.jpg,Full Sour,6,Full Sour,True,1.0
C:\Users\vitor\.cache\kagglehub\datasets\sujitraarw\coffee-green-bean-with-17-defects-original\versions\1\Full Sour\Full Sour_47.jpg,Full Sour,6,Full Sour,True,1.0
C:\Users\vitor\.cache\kagglehub\datasets\sujitraarw\coffee-green-bean-with-17-defects-original\versions\1\Full Sour\Full Sour_48.jpg,Full Sour,6,Full Sour,True,1.0
C:\Users\vitor\.cache\kagglehub\datasets\sujitraarw\coffee-green-bean-with-17-defects-original\versions\1\Full Sour\Full Sour_49.jpg,Full Sour,6,Full Sour,True,1.0
C:\Users\vitor\.cache\kagglehub\datasets\sujitraarw\coffee-green-bean-with-17-defects-original\versions\1\Full Sour\Full Sour_50.jpg,Full Sour,6,Full Sour,True,1.0
C:\Users\vitor\.cache\kagglehub\datasets\sujitraarw\coffee-green-bean-with-17-defects-original\versions\1\Full Sour\Full Sour_51.jpg,Full Sour,6,Full Sour,True,1.0
C:\Users\vitor\.cache\kagglehub\datasets\sujitraarw\coffee-green-bean-with-17-defects-original\versions\1\Full Sour\Full Sour_52.jpg,Full Sour,6,Full Sour,True,1.0
C:\Users\vitor\.cache\kagglehub\datasets\sujitraarw\coffee-green-bean-with-17-defects-original\versions\1\Full Sour\Full Sour_53.jpg,Full Sour,6,Full Sour,True,1.0
C:\Users\vitor\.cache\kagglehub\datasets\sujitraarw\coffee-green-bean-with-17-defects-original\versions\1\Full Sour\Full Sour_54.jpg,Full Sour,6,Full Sour,True,1.0
C:\Users\vitor\.cache\kagglehub\datasets\sujitraarw\coffee-green-bean-with-17-defects-original\versions\1\Full Sour\Full Sour_55.jpg,Full Sour,6,Full Sour,True,1.0
C:\Users\vitor\.cache\kagglehub\datasets\sujitraarw\coffee-green-bean-with-17-defects-original\versions\1\Full Sour\Full Sour_56.jpg,Full Sour,6,Full Sour,True,1.0
C:\Users\vitor\.cache\kagglehub\datasets\sujitraarw\coffee-green-bean-with-17-defects-original\versions\1\Full Sour\Full Sour_57.jpg,Full Sour,6,Full Sour,True,1.0
C:\Users\vitor\.cache\kagglehub\datasets\sujitraarw\coffee-green-bean-with-17-defects-original\versions\1\Full Sour\Full Sour_58.jpg,Full Sour,6,Full Sour,True,1.0
C:\Users\vitor\.cache\kagglehub\datasets\sujitraarw\coffee-green-bean-with-17-defects-original\versions\1\Full Sour\Full Sour_59.jpg,Full Sour,6,Full Sour,True,1.0
C:\Users\vitor\.cache\kagglehub\datasets\sujitraarw\coffee-green-bean-with-17-defects-original\versions\1\Full Sour\Full Sour_60.jpg,Full Sour,6,Full Sour,True,1.0
C:\Users\vitor\.cache\kagglehub\datasets\sujitraarw\coffee-green-bean-with-17-defects-original\versions\1\Full Sour\Full Sour_61.jpg,Full Sour,6,Full Sour,True,1.0
C:\Users\vitor\.cache\kagglehub\datasets\sujitraarw\coffee-green-bean-with-17-defects-original\versions\1\Full Sour\Full Sour_62.jpg,Full Sour,6,Full Sour,True,1.0
C:\Users\vitor\.cache\kagglehub\datasets\sujitraarw\coffee-green-bean-with-17-defects-original\versions\1\Full Sour\Full Sour_63.jpg,Full Sour,6,Full Sour,True,1.0
C:\Users\vitor\.cache\kagglehub\datasets\sujitraarw\coffee-green-bean-with-17-defects-original\versions\1\Full Sour\Full Sour_64.jpg,Full Sour,6,Full Sour,True,1.0
C:\Users\vitor\.cache\kagglehub\datasets\sujitraarw\coffee-green-bean-with-17-defects-original\versions\1\Full Sour\Full Sour_65.jpg,Full Sour,6,Full Sour,True,1.0
C:\Users\vitor\.cache\kagglehub\datasets\sujitraarw\coffee-green-bean-with-17-defects-original\versions\1\Full Sour\Full Sour_66.jpg,Full Sour,6,Full Sour,True,1.0
C:\Users\vitor\.cache\kagglehub\datasets\sujitraarw\coffee-green-bean-with-17-defects-original\versions\1\Full Sour\Full Sour_67.jpg,Full Sour,6,Full Sour,True,1.0
C:\Users\vitor\.cache\kagglehub\datasets\sujitraarw\coffee-green-bean-with-17-defects-original\versions\1\Full Sour\Full Sour_68.jpg,Full Sour,6,Full Sour,True,1.0
C:\Users\vitor\.cache\kagglehub\datasets\sujitraarw\coffee-green-bean-with-17-defects-original\versions\1\Full Sour\Full Sour_69.jpg,Full Sour,6,Full Sour,True,1.0
C:\Users\vitor\.cache\kagglehub\datasets\sujitraarw\coffee-green-bean-with-17-defects-original\versions\1\Full Sour\Full Sour_70.jpg,Full Sour,6,Full Sour,True,1.0
C:\Users\vitor\.cache\kagglehub\datasets\sujitraarw\coffee-green-bean-with-17-defects-original\versions\1\Full Sour\Full Sour_71.jpg,Full Sour,6,Full Sour,True,1.0
C:\Users\vitor\.cache\kagglehub\datasets\sujitraarw\coffee-green-bean-with-17-defects-original\versions\1\Full Sour\Full Sour_72.jpg,Full Sour,6,Full Sour,True,1.0
C:\Users\vitor\.cache\kagglehub\datasets\sujitraarw\coffee-green-bean-with-17-defects-original\versions\1\Full Sour\Full Sour_73.jpg,Full Sour,6,Full Sour,True,1.0
C:\Users\vitor\.cache\kagglehub\datasets\sujitraarw\coffee-green-bean-with-17-defects-original\versions\1\Full Sour\Full Sour_74.jpg,Full Sour,6,Full Sour,True,1.0
C:\Users\vitor\.cache\kagglehub\datasets\sujitraarw\coffee-green-bean-with-17-defects-original\versions\1\Full Sour\Full Sour_75.jpg,Full Sour,6,Full Sour,True,1.0
C:\Users\vitor\.cache\kagglehub\datasets\sujitraarw\coffee-green-bean-with-17-defects-original\versions\1\Fungus Damange\Fungus Damage_01.jpg,Fungus Damange,7,Fungus Damange,True,1.0
C:\Users\vitor\.cache\kagglehub\datasets\sujitraarw\coffee-green-bean-with-17-defects-original\versions\1\Fungus Damange\Fungus Damage_02.jpg,Fungus Damange,7,Fungus Damange,True,1.0
C:\Users\vitor\.cache\kagglehub\datasets\sujitraarw\coffee-green-bean-with-17-defects-original\versions\1\Fungus Damange\Fungus Damage_03.jpg,Fungus Damange,7,Fungus Damange,True,1.0
C:\Users\vitor\.cache\kagglehub\datasets\sujitraarw\coffee-green-bean-with-17-defects-original\versions\1\Fungus Damange\Fungus Damage_04.jpg,Fungus Damange,7,Fungus Damange,True,1.0
C:\Users\vitor\.cache\kagglehub\datasets\sujitraarw\coffee-green-bean-with-17-defects-original\versions\1\Fungus Damange\Fungus Damage_05.jpg,Fungus Damange,7,Fungus Damange,True,1.0
C:\Users\vitor\.cache\kagglehub\datasets\sujitraarw\coffee-green-bean-with-17-defects-original\versions\1\Fungus Damange\Fungus Damage_06.jpg,Fungus Damange,7,Fungus Damange,True,1.0
C:\Users\vitor\.cache\kagglehub\datasets\sujitraarw\coffee-green-bean-with-17-defects-original\versions\1\Fungus Damange\Fungus Damage_07.jpg,Fungus Damange,7,Fungus Damange,True,1.0
C:\Users\vitor\.cache\kagglehub\datasets\sujitraarw\coffee-green-bean-with-17-defects-original\versions\1\Fungus Damange\Fungus Damage_08.jpg,Fungus Damange,7,Fungus Damange,True,1.0
C:\Users\vitor\.cache\kagglehub\datasets\sujitraarw\coffee-green-bean-with-17-defects-original\versions\1\Fungus Damange\Fungus Damage_09.jpg,Fungus Damange,7,Fungus Damange,True,1.0
C:\Users\vitor\.cache\kagglehub\datasets\sujitraarw\coffee-green-bean-with-17-defects-original\versions\1\Fungus Damange\Fungus Damage_10.jpg,Fungus Damange,7,Fungus Damange,True,1.0
C:\Users\vitor\.cache\kagglehub\datasets\sujitraarw\coffee-green-bean-with-17-defects-original\versions\1\Fungus Damange\Fungus Damage_11.jpg,Fungus Damange,7,Fungus Damange,True,1.0
C:\Users\vitor\.cache\kagglehub\datasets\sujitraarw\coffee-green-bean-with-17-defects-original\versions\1\Fungus Damange\Fungus Damage_12.jpg,Fungus Damange,7,Fungus Damange,True,1.0
C:\Users\vitor\.cache\kagglehub\datasets\sujitraarw\coffee-green-bean-with-17-defects-original\versions\1\Fungus Damange\Fungus Damage_13.jpg,Fungus Damange,7,Fungus Damange,True,1.0
C:\Users\vitor\.cache\kagglehub\datasets\sujitraarw\coffee-green-bean-with-17-defects-original\versions\1\Fungus Damange\Fungus Damage_14.jpg,Fungus Damange,7,Fungus Damange,True,1.0
C:\Users\vitor\.cache\kagglehub\datasets\sujitraarw\coffee-green-bean-with-17-defects-original\versions\1\Fungus Damange\Fungus Damage_15.jpg,Fungus Damange,7,Fungus Damange,True,1.0
C:\Users\vitor\.cache\kagglehub\datasets\sujitraarw\coffee-green-bean-with-17-defects-original\versions\1\Fungus Damange\Fungus Damage_16.jpg,Fungus Damange,7,Fungus Damange,True,1.0
C:\Users\vitor\.cache\kagglehub\datasets\sujitraarw\coffee-green-bean-with-17-defects-original\versions\1\Fungus Damange\Fungus Damage_17.jpg,Fungus Damange,7,Fungus Damange,True,1.0
C:\Users\vitor\.cache\kagglehub\datasets\sujitraarw\coffee-green-bean-with-17-defects-original\versions\1\Fungus Damange\Fungus Damage_18.jpg,Fungus Damange,7,Fungus Damange,True,1.0
C:\Users\vitor\.cache\kagglehub\datasets\sujitraarw\coffee-green-bean-with-17-defects-original\versions\1\Fungus Damange\Fungus Damage_19.jpg,Fungus Damange,7,Fungus Damange,True,1.0
C:\Users\vitor\.cache\kagglehub\datasets\sujitraarw\coffee-green-bean-with-17-defects-original\versions\1\Fungus Damange\Fungus Damage_20.jpg,Fungus Damange,7,Fungus Damange,True,1.0
C:\Users\vitor\.cache\kagglehub\datasets\sujitraarw\coffee-green-bean-with-17-defects-original\versions\1\Fungus Damange\Fungus Damage_21.jpg,Fungus Damange,7,Fungus Damange,True,1.0
C:\Users\vitor\.cache\kagglehub\datasets\sujitraarw\coffee-green-bean-with-17-defects-original\versions\1\Fungus Damange\Fungus Damage_22.jpg,Fungus Damange,7,Fungus Damange,True,1.0
C:\Users\vitor\.cache\kagglehub\datasets\sujitraarw\coffee-green-bean-with-17-defects-original\versions\1\Fungus Damange\Fungus Damage_23.jpg,Fungus Damange,7,Fungus Damange,True,1.0
C:\Users\vitor\.cache\kagglehub\datasets\sujitraarw\coffee-green-bean-with-17-defects-original\versions\1\Fungus Damange\Fungus Damage_24.jpg,Fungus Damange,7,Fungus Damange,True,1.0
C:\Users\vitor\.cache\kagglehub\datasets\sujitraarw\coffee-green-bean-with-17-defects-original\versions\1\Fungus Damange\Fungus Damage_25.jpg,Fungus Damange,7,Fungus Damange,True,1.0
C:\Users\vitor\.cache\kagglehub\datasets\sujitraarw\coffee-green-bean-with-17-defects-original\versions\1\Fungus Damange\Fungus Damage_26.jpg,Fungus Damange,7,Fungus Damange,True,1.0
C:\Users\vitor\.cache\kagglehub\datasets\sujitraarw\coffee-green-bean-with-17-defects-original\versions\1\Fungus Damange\Fungus Damage_27.jpg,Fungus Damange,7,Fungus Damange,True,1.0
C:\Users\vitor\.cache\kagglehub\datasets\sujitraarw\coffee-green-bean-with-17-defects-original\versions\1\Fungus Damange\Fungus Damage_28.jpg,Fungus Damange,7,Fungus Damange,True,1.0
C:\Users\vitor\.cache\kagglehub\datasets\sujitraarw\coffee-green-bean-with-17-defects-original\versions\1\Fungus Damange\Fungus Damage_29.jpg,Fungus Damange,7,Fungus Damange,True,1.0
C:\Users\vitor\.cache\kagglehub\datasets\sujitraarw\coffee-green-bean-with-17-defects-original\versions\1\Fungus Damange\Fungus Damage_30.jpg,Fungus Damange,7,Fungus Damange,True,1.0
C:\Users\vitor\.cache\kagglehub\datasets\sujitraarw\coffee-green-bean-with-17-defects-original\versions\1\Fungus Damange\Fungus Damage_31.jpg,Fungus Damange,7,Fungus Damange,True,1.0
C:\Users\vitor\.cache\kagglehub\datasets\sujitraarw\coffee-green-bean-with-17-defects-original\versions\1\Fungus Damange\Fungus Damage_32.jpg,Fungus Damange,7,Fungus Damange,True,1.0
C:\Users\vitor\.cache\kagglehub\datasets\sujitraarw\coffee-green-bean-with-17-defects-original\versions\1\Fungus Damange\Fungus Damage_33.jpg,Fungus Damange,7,Fungus Damange,True,1.0
C:\Users\vitor\.cache\kagglehub\datasets\sujitraarw\coffee-green-bean-with-17-defects-original\versions\1\Fungus Damange\Fungus Damage_34.jpg,Fungus Damange,7,Fungus Damange,True,1.0
C:\Users\vitor\.cache\kagglehub\datasets\sujitraarw\coffee-green-bean-with-17-defects-original\versions\1\Fungus Damange\Fungus Damage_35.jpg,Fungus Damange,7,Fungus Damange,True,1.0
C:\Users\vitor\.cache\kagglehub\datasets\sujitraarw\coffee-green-bean-with-17-defects-original\versions\1\Fungus Damange\Fungus Damage_36.jpg,Fungus Damange,7,Fungus Damange,True,1.0
C:\Users\vitor\.cache\kagglehub\datasets\sujitraarw\coffee-green-bean-with-17-defects-original\versions\1\Fungus Damange\Fungus Damage_37.jpg,Fungus Damange,7,Fungus Damange,True,1.0
C:\Users\vitor\.cache\kagglehub\datasets\sujitraarw\coffee-green-bean-with-17-defects-original\versions\1\Fungus Damange\Fungus Damage_38.jpg,Fungus Damange,7,Fungus Damange,True,1.0
C:\Users\vitor\.cache\kagglehub\datasets\sujitraarw\coffee-green-bean-with-17-defects-original\versions\1\Fungus Damange\Fungus Damage_39.jpg,Fungus Damange,7,Fungus Damange,True,1.0
C:\Users\vitor\.cache\kagglehub\datasets\sujitraarw\coffee-green-bean-with-17-defects-original\versions\1\Fungus Damange\Fungus Damage_40.jpg,Fungus Damange,7,Fungus Damange,True,1.0
C:\Users\vitor\.cache\kagglehub\datasets\sujitraarw\coffee-green-bean-with-17-defects-original\versions\1\Fungus Damange\Fungus Damage_41.jpg,Fungus Damange,7,Fungus Damange,True,1.0
C:\Users\vitor\.cache\kagglehub\datasets\sujitraarw\coffee-green-bean-with-17-defects-original\versions\1\Fungus Damange\Fungus Damage_42.jpg,Fungus Damange,7,Fungus Damange,True,1.0
C:\Users\vitor\.cache\kagglehub\datasets\sujitraarw\coffee-green-bean-with-17-defects-original\versions\1\Fungus Damange\Fungus Damage_43.jpg,Fungus Damange,7,Fungus Damange,True,1.0
C:\Users\vitor\.cache\kagglehub\datasets\sujitraarw\coffee-green-bean-with-17-defects-original\versions\1\Fungus Damange\Fungus Damage_44.jpg,Fungus Damange,7,Fungus Damange,True,1.0
C:\Users\vitor\.cache\kagglehub\datasets\sujitraarw\coffee-green-bean-with-17-defects-original\versions\1\Fungus Damange\Fungus Damage_45.jpg,Fungus Damange,7,Fungus Damange,True,1.0
C:\Users\vitor\.cache\kagglehub\datasets\sujitraarw\coffee-green-bean-with-17-defects-original\versions\1\Fungus Damange\Fungus Damage_46.jpg,Fungus Damange,7,Fungus Damange,True,1.0
C:\Users\vitor\.cache\kagglehub\datasets\sujitraarw\coffee-green-bean-with-17-defects-original\versions\1\Fungus Damange\Fungus Damage_47.jpg,Fungus Damange,7,Fungus Damange,True,1.0
C:\Users\vitor\.cache\kagglehub\datasets\sujitraarw\coffee-green-bean-with-17-defects-original\versions\1\Fungus Damange\Fungus Damage_48.jpg,Fungus Damange,7,Fungus Damange,True,1.0
C:\Users\vitor\.cache\kagglehub\datasets\sujitraarw\coffee-green-bean-with-17-defects-original\versions\1\Fungus Damange\Fungus Damage_49.jpg,Fungus Damange,7,Fungus Damange,True,1.0
C:\Users\vitor\.cache\kagglehub\datasets\sujitraarw\coffee-green-bean-with-17-defects-original\versions\1\Fungus Damange\Fungus Damage_50.jpg,Fungus Damange,7,Fungus Damange,True,1.0
C:\Users\vitor\.cache\kagglehub\datasets\sujitraarw\coffee-green-bean-with-17-defects-original\versions\1\Fungus Damange\Fungus Damage_51.jpg,Fungus Damange,7,Fungus Damange,True,1.0
C:\Users\vitor\.cache\kagglehub\datasets\sujitraarw\coffee-green-bean-with-17-defects-original\versions\1\Fungus Damange\Fungus Damage_52.jpg,Fungus Damange,7,Fungus Damange,True,1.0
C:\Users\vitor\.cache\kagglehub\datasets\sujitraarw\coffee-green-bean-with-17-defects-original\versions\1\Fungus Damange\Fungus Damage_53.jpg,Fungus Damange,7,Fungus Damange,True,1.0
C:\Users\vitor\.cache\kagglehub\datasets\sujitraarw\coffee-green-bean-with-17-defects-original\versions\1\Fungus Damange\Fungus Damage_54.jpg,Fungus Damange,7,Fungus Damange,True,1.0
C:\Users\vitor\.cache\kagglehub\datasets\sujitraarw\coffee-green-bean-with-17-defects-original\versions\1\Fungus Damange\Fungus Damage_55.jpg,Fungus Damange,7,Fungus Damange,True,1.0
C:\Users\vitor\.cache\kagglehub\datasets\sujitraarw\coffee-green-bean-with-17-defects-original\versions\1\Fungus Damange\Fungus Damage_56.jpg,Fungus Damange,7,Fungus Damange,True,1.0
C:\Users\vitor\.cache\kagglehub\datasets\sujitraarw\coffee-green-bean-with-17-defects-original\versions\1\Fungus Damange\Fungus Damage_57.jpg,Fungus Damange,7,Fungus Damange,True,1.0
C:\Users\vitor\.cache\kagglehub\datasets\sujitraarw\coffee-green-bean-with-17-defects-original\versions\1\Fungus Damange\Fungus Damage_58.jpg,Fungus Damange,7,Fungus Damange,True,1.0
C:\Users\vitor\.cache\kagglehub\datasets\sujitraarw\coffee-green-bean-with-17-defects-original\versions\1\Fungus Damange\Fungus Damage_59.jpg,Fungus Damange,7,Fungus Damange,True,1.0
C:\Users\vitor\.cache\kagglehub\datasets\sujitraarw\coffee-green-bean-with-17-defects-original\versions\1\Fungus Damange\Fungus Damage_60.jpg,Fungus Damange,7,Fungus Damange,True,1.0
C:\Users\vitor\.cache\kagglehub\datasets\sujitraarw\coffee-green-bean-with-17-defects-original\versions\1\Fungus Damange\Fungus Damage_61.jpg,Fungus Damange,7,Fungus Damange,True,1.0
C:\Users\vitor\.cache\kagglehub\datasets\sujitraarw\coffee-green-bean-with-17-defects-original\versions\1\Fungus Damange\Fungus Damage_62.jpg,Fungus Damange,7,Fungus Damange,True,1.0
C:\Users\vitor\.cache\kagglehub\datasets\sujitraarw\coffee-green-bean-with-17-defects-original\versions\1\Fungus Damange\Fungus Damage_63.jpg,Fungus Damange,7,Fungus Damange,True,1.0
C:\Users\vitor\.cache\kagglehub\datasets\sujitraarw\coffee-green-bean-with-17-defects-original\versions\1\Fungus Damange\Fungus Damage_64.jpg,Fungus Damange,7,Fungus Damange,True,1.0
C:\Users\vitor\.cache\kagglehub\datasets\sujitraarw\coffee-green-bean-with-17-defects-original\versions\1\Fungus Damange\Fungus Damage_65.jpg,Fungus Damange,7,Fungus Damange,True,1.0
C:\Users\vitor\.cache\kagglehub\datasets\sujitraarw\coffee-green-bean-with-17-defects-original\versions\1\Fungus Damange\Fungus Damage_66.jpg,Fungus Damange,7,Fungus Damange,True,1.0
C:\Users\vitor\.cache\kagglehub\datasets\sujitraarw\coffee-green-bean-with-17-defects-original\versions\1\Fungus Damange\Fungus Damage_67.jpg,Fungus Damange,7,Fungus Damange,True,1.0
C:\Users\vitor\.cache\kagglehub\datasets\sujitraarw\coffee-green-bean-with-17-defects-original\versions\1\Fungus Damange\Fungus Damage_68.jpg,Fungus Damange,7,Fungus Damange,True,1.0
C:\Users\vitor\.cache\kagglehub\datasets\sujitraarw\coffee-green-bean-with-17-defects-original\versions\1\Fungus Damange\Fungus Damage_69.jpg,Fungus Damange,7,Fungus Damange,True,1.0
C:\Users\vitor\.cache\kagglehub\datasets\sujitraarw\coffee-green-bean-with-17-defects-original\versions\1\Fungus Damange\Fungus Damage_70.jpg,Fungus Damange,7,Fungus Damange,True,1.0
C:\Users\vitor\.cache\kagglehub\datasets\sujitraarw\coffee-green-bean-with-17-defects-original\versions\1\Fungus Damange\Fungus Damage_71.jpg,Fungus Damange,7,Fungus Damange,True,1.0
C:\Users\vitor\.cache\kagglehub\datasets\sujitraarw\coffee-green-bean-with-17-defects-original\versions\1\Fungus Damange\Fungus Damage_72.jpg,Fungus Damange,7,Fungus Damange,True,1.0
C:\Users\vitor\.cache\kagglehub\datasets\sujitraarw\coffee-green-bean-with-17-defects-original\versions\1\Fungus Damange\Fungus Damage_73.jpg,Fungus Damange,7,Fungus Damange,True,1.0
C:\Users\vitor\.cache\kagglehub\datasets\sujitraarw\coffee-green-bean-with-17-defects-original\versions\1\Fungus Damange\Fungus Damage_74.jpg,Fungus Damange,7,Fungus Damange,True,1.0
C:\Users\vitor\.cache\kagglehub\datasets\sujitraarw\coffee-green-bean-with-17-defects-original\versions\1\Fungus Damange\Fungus Damage_75.jpg,Fungus Damange,7,Fungus Damange,True,1.0
C:\Users\vitor\.cache\kagglehub\datasets\sujitraarw\coffee-green-bean-with-17-defects-original\versions\1\Fungus Damange\Fungus Damage_01.jpg,Fungus Damange,7,Fungus Damange,True,1.0
C:\Users\vitor\.cache\kagglehub\datasets\sujitraarw\coffee-green-bean-with-17-defects-original\versions\1\Fungus Damange\Fungus Damage_02.jpg,Fungus Damange,7,Fungus Damange,True,1.0
C:\Users\vitor\.cache\kagglehub\datasets\sujitraarw\coffee-green-bean-with-17-defects-original\versions\1\Fungus Damange\Fungus Damage_03.jpg,Fungus Damange,7,Fungus Damange,True,1.0
C:\Users\vitor\.cache\kagglehub\datasets\sujitraarw\coffee-green-bean-with-17-defects-original\versions\1\Fungus Damange\Fungus Damage_04.jpg,Fungus Damange,7,Fungus Damange,True,1.0
C:\Users\vitor\.cache\kagglehub\datasets\sujitraarw\coffee-green-bean-with-17-defects-original\versions\1\Fungus Damange\Fungus Damage_05.jpg,Fungus Damange,7,Fungus Damange,True,1.0
C:\Users\vitor\.cache\kagglehub\datasets\sujitraarw\coffee-green-bean-with-17-defects-original\versions\1\Fungus Damange\Fungus Damage_06.jpg,Fungus Damange,7,Fungus Damange,True,1.0
C:\Users\vitor\.cache\kagglehub\datasets\sujitraarw\coffee-green-bean-with-17-defects-original\versions\1\Fungus Damange\Fungus Damage_07.jpg,Fungus Damange,7,Fungus Damange,True,1.0
C:\Users\vitor\.cache\kagglehub\datasets\sujitraarw\coffee-green-bean-with-17-defects-original\versions\1\Fungus Damange\Fungus Damage_08.jpg,Fungus Damange,7,Fungus Damange,True,1.0
C:\Users\vitor\.cache\kagglehub\datasets\sujitraarw\coffee-green-bean-with-17-defects-original\versions\1\Fungus Damange\Fungus Damage_09.jpg,Fungus Damange,7,Fungus Damange,True,1.0
C:\Users\vitor\.cache\kagglehub\datasets\sujitraarw\coffee-green-bean-with-17-defects-original\versions\1\Fungus Damange\Fungus Damage_10.jpg,Fungus Damange,7,Fungus Damange,True,1.0
C:\Users\vitor\.cache\kagglehub\datasets\sujitraarw\coffee-green-bean-with-17-defects-original\versions\1\Fungus Damange\Fungus Damage_11.jpg,Fungus Damange,7,Fungus Damange,True,1.0
C:\Users\vitor\.cache\kagglehub\datasets\sujitraarw\coffee-green-bean-with-17-defects-original\versions\1\Fungus Damange\Fungus Damage_12.jpg,Fungus Damange,7,Fungus Damange,True,1.0
C:\Users\vitor\.cache\kagglehub\datasets\sujitraarw\coffee-green-bean-with-17-defects-original\versions\1\Fungus Damange\Fungus Damage_13.jpg,Fungus Damange,7,Fungus Damange,True,1.0
C:\Users\vitor\.cache\kagglehub\datasets\sujitraarw\coffee-green-bean-with-17-defects-original\versions\1\Fungus Damange\Fungus Damage_14.jpg,Fungus Damange,7,Fungus Damange,True,1.0
C:\Users\vitor\.cache\kagglehub\datasets\sujitraarw\coffee-green-bean-with-17-defects-original\versions\1\Fungus Damange\Fungus Damage_15.jpg,Fungus Damange,7,Fungus Damange,True,1.0
C:\Users\vitor\.cache\kagglehub\datasets\sujitraarw\coffee-green-bean-with-17-defects-original\versions\1\Fungus Damange\Fungus Damage_16.jpg,Fungus Damange,7,Fungus Damange,True,1.0
C:\Users\vitor\.cache\kagglehub\datasets\sujitraarw\coffee-green-bean-with-17-defects-original\versions\1\Fungus Damange\Fungus Damage_17.jpg,Fungus Damange,7,Fungus Damange,True,1.0
C:\Users\vitor\.cache\kagglehub\datasets\sujitraarw\coffee-green-bean-with-17-defects-original\versions\1\Fungus Damange\Fungus Damage_18.jpg,Fungus Damange,7,Fungus Damange,True,1.0
C:\Users\vitor\.cache\kagglehub\datasets\sujitraarw\coffee-green-bean-with-17-defects-original\versions\1\Fungus Damange\Fungus Damage_19.jpg,Fungus Damange,7,Fungus Damange,True,1.0
C:\Users\vitor\.cache\kagglehub\datasets\sujitraarw\coffee-green-bean-with-17-defects-original\versions\1\Fungus Damange\Fungus Damage_20.jpg,Fungus Damange,7,Fungus Damange,True,1.0
C:\Users\vitor\.cache\kagglehub\datasets\sujitraarw\coffee-green-bean-with-17-defects-original\versions\1\Fungus Damange\Fungus Damage_21.jpg,Fungus Damange,7,Fungus Damange,True,1.0
C:\Users\vitor\.cache\kagglehub\datasets\sujitraarw\coffee-green-bean-with-17-defects-original\versions\1\Fungus Damange\Fungus Damage_22.jpg,Fungus Damange,7,Fungus Damange,True,1.0
C:\Users\vitor\.cache\kagglehub\datasets\sujitraarw\coffee-green-bean-with-17-defects-original\versions\1\Fungus Damange\Fungus Damage_23.jpg,Fungus Damange,7,Fungus Damange,True,1.0
C:\Users\vitor\.cache\kagglehub\datasets\sujitraarw\coffee-green-bean-with-17-defects-original\versions\1\Fungus Damange\Fungus Damage_24.jpg,Fungus Damange,7,Fungus Damange,True,1.0
C:\Users\vitor\.cache\kagglehub\datasets\sujitraarw\coffee-green-bean-with-17-defects-original\versions\1\Fungus Damange\Fungus Damage_25.jpg,Fungus Damange,7,Fungus Damange,True,1.0
C:\Users\vitor\.cache\kagglehub\datasets\sujitraarw\coffee-green-bean-with-17-defects-original\versions\1\Fungus Damange\Fungus Damage_26.jpg,Fungus Damange,7,Fungus Damange,True,1.0
C:\Users\vitor\.cache\kagglehub\datasets\sujitraarw\coffee-green-bean-with-17-defects-original\versions\1\Fungus Damange\Fungus Damage_27.jpg,Fungus Damange,7,Fungus Damange,True,1.0
C:\Users\vitor\.cache\kagglehub\datasets\sujitraarw\coffee-green-bean-with-17-defects-original\versions\1\Fungus Damange\Fungus Damage_28.jpg,Fungus Damange,7,Fungus Damange,True,1.0
C:\Users\vitor\.cache\kagglehub\datasets\sujitraarw\coffee-green-bean-with-17-defects-original\versions\1\Fungus Damange\Fungus Damage_29.jpg,Fungus Damange,7,Fungus Damange,True,1.0
C:\Users\vitor\.cache\kagglehub\datasets\sujitraarw\coffee-green-bean-with-17-defects-original\versions\1\Fungus Damange\Fungus Damage_30.jpg,Fungus Damange,7,Fungus Damange,True,1.0
C:\Users\vitor\.cache\kagglehub\datasets\sujitraarw\coffee-green-bean-with-17-defects-original\versions\1\Fungus Damange\Fungus Damage_31.jpg,Fungus Damange,7,Fungus Damange,True,1.0
C:\Users\vitor\.cache\kagglehub\datasets\sujitraarw\coffee-green-bean-with-17-defects-original\versions\1\Fungus Damange\Fungus Damage_32.jpg,Fungus Damange,7,Fungus Damange,True,1.0
C:\Users\vitor\.cache\kagglehub\datasets\sujitraarw\coffee-green-bean-with-17-defects-original\versions\1\Fungus Damange\Fungus Damage_33.jpg,Fungus Damange,7,Fungus Damange,True,1.0
C:\Users\vitor\.cache\kagglehub\datasets\sujitraarw\coffee-green-bean-with-17-defects-original\versions\1\Fungus Damange\Fungus Damage_34.jpg,Fungus Damange,7,Fungus Damange,True,1.0
C:\Users\vitor\.cache\kagglehub\datasets\sujitraarw\coffee-green-bean-with-17-defects-original\versions\1\Fungus Damange\Fungus Damage_35.jpg,Fungus Damange,7,Fungus Damange,True,1.0
C:\Users\vitor\.cache\kagglehub\datasets\sujitraarw\coffee-green-bean-with-17-defects-original\versions\1\Fungus Damange\Fungus Damage_36.jpg,Fungus Damange,7,Fungus Damange,True,1.0
C:\Users\vitor\.cache\kagglehub\datasets\sujitraarw\coffee-green-bean-with-17-defects-original\versions\1\Fungus Damange\Fungus Damage_37.jpg,Fungus Damange,7,Fungus Damange,True,1.0
C:\Users\vitor\.cache\kagglehub\datasets\sujitraarw\coffee-green-bean-with-17-defects-original\versions\1\Fungus Damange\Fungus Damage_38.jpg,Fungus Damange,7,Fungus Damange,True,1.0
C:\Users\vitor\.cache\kagglehub\datasets\sujitraarw\coffee-green-bean-with-17-defects-original\versions\1\Fungus Damange\Fungus Damage_39.jpg,Fungus Damange,7,Fungus Damange,True,1.0
C:\Users\vitor\.cache\kagglehub\datasets\sujitraarw\coffee-green-bean-with-17-defects-original\versions\1\Fungus Damange\Fungus Damage_40.jpg,Fungus Damange,7,Fungus Damange,True,1.0
C:\Users\vitor\.cache\kagglehub\datasets\sujitraarw\coffee-green-bean-with-17-defects-original\versions\1\Fungus Damange\Fungus Damage_41.jpg,Fungus Damange,7,Fungus Damange,True,1.0
C:\Users\vitor\.cache\kagglehub\datasets\sujitraarw\coffee-green-bean-with-17-defects-original\versions\1\Fungus Damange\Fungus Damage_42.jpg,Fungus Damange,7,Fungus Damange,True,1.0
C:\Users\vitor\.cache\kagglehub\datasets\sujitraarw\coffee-green-bean-with-17-defects-original\versions\1\Fungus Damange\Fungus Damage_43.jpg,Fungus Damange,7,Fungus Damange,True,1.0
C:\Users\vitor\.cache\kagglehub\datasets\sujitraarw\coffee-green-bean-with-17-defects-original\versions\1\Fungus Damange\Fungus Damage_44.jpg,Fungus Damange,7,Fungus Damange,True,1.0
C:\Users\vitor\.cache\kagglehub\datasets\sujitraarw\coffee-green-bean-with-17-defects-original\versions\1\Fungus Damange\Fungus Damage_45.jpg,Fungus Damange,7,Fungus Damange,True,1.0
C:\Users\vitor\.cache\kagglehub\datasets\sujitraarw\coffee-green-bean-with-17-defects-original\versions\1\Fungus Damange\Fungus Damage_46.jpg,Fungus Damange,7,Fungus Damange,True,1.0
C:\Users\vitor\.cache\kagglehub\datasets\sujitraarw\coffee-green-bean-with-17-defects-original\versions\1\Fungus Damange\Fungus Damage_47.jpg,Fungus Damange,7,Fungus Damange,True,1.0
C:\Users\vitor\.cache\kagglehub\datasets\sujitraarw\coffee-green-bean-with-17-defects-original\versions\1\Fungus Damange\Fungus Damage_48.jpg,Fungus Damange,7,Fungus Damange,True,1.0
C:\Users\vitor\.cache\kagglehub\datasets\sujitraarw\coffee-green-bean-with-17-defects-original\versions\1\Fungus Damange\Fungus Damage_49.jpg,Fungus Damange,7,Fungus Damange,True,1.0
C:\Users\vitor\.cache\kagglehub\datasets\sujitraarw\coffee-green-bean-with-17-defects-original\versions\1\Fungus Damange\Fungus Damage_50.jpg,Fungus Damange,7,Fungus Damange,True,1.0
C:\Users\vitor\.cache\kagglehub\datasets\sujitraarw\coffee-green-bean-with-17-defects-original\versions\1\Fungus Damange\Fungus Damage_51.jpg,Fungus Damange,7,Fungus Damange,True,1.0
C:\Users\vitor\.cache\kagglehub\datasets\sujitraarw\coffee-green-bean-with-17-defects-original\versions\1\Fungus Damange\Fungus Damage_52.jpg,Fungus Damange,7,Fungus Damange,True,1.0
C:\Users\vitor\.cache\kagglehub\datasets\sujitraarw\coffee-green-bean-with-17-defects-original\versions\1\Fungus Damange\Fungus Damage_53.jpg,Fungus Damange,7,Fungus Damange,True,1.0
C:\Users\vitor\.cache\kagglehub\datasets\sujitraarw\coffee-green-bean-with-17-defects-original\versions\1\Fungus Damange\Fungus Damage_54.jpg,Fungus Damange,7,Fungus Damange,True,1.0
C:\Users\vitor\.cache\kagglehub\datasets\sujitraarw\coffee-green-bean-with-17-defects-original\versions\1\Fungus Damange\Fungus Damage_55.jpg,Fungus Damange,7,Fungus Damange,True,1.0
C:\Users\vitor\.cache\kagglehub\datasets\sujitraarw\coffee-green-bean-with-17-defects-original\versions\1\Fungus Damange\Fungus Damage_56.jpg,Fungus Damange,7,Fungus Damange,True,1.0
C:\Users\vitor\.cache\kagglehub\datasets\sujitraarw\coffee-green-bean-with-17-defects-original\versions\1\Fungus Damange\Fungus Damage_57.jpg,Fungus Damange,7,Fungus Damange,True,1.0
C:\Users\vitor\.cache\kagglehub\datasets\sujitraarw\coffee-green-bean-with-17-defects-original\versions\1\Fungus Damange\Fungus Damage_58.jpg,Fungus Damange,7,Fungus Damange,True,1.0
C:\Users\vitor\.cache\kagglehub\datasets\sujitraarw\coffee-green-bean-with-17-defects-original\versions\1\Fungus Damange\Fungus Damage_59.jpg,Fungus Damange,7,Fungus Damange,True,1.0
C:\Users\vitor\.cache\kagglehub\datasets\sujitraarw\coffee-green-bean-with-17-defects-original\versions\1\Fungus Damange\Fungus Damage_60.jpg,Fungus Damange,7,Fungus Damange,True,1.0
C:\Users\vitor\.cache\kagglehub\datasets\sujitraarw\coffee-green-bean-with-17-defects-original\versions\1\Fungus Damange\Fungus Damage_61.jpg,Fungus Damange,7,Fungus Damange,True,1.0
C:\Users\vitor\.cache\kagglehub\datasets\sujitraarw\coffee-green-bean-with-17-defects-original\versions\1\Fungus Damange\Fungus Damage_62.jpg,Fungus Damange,7,Fungus Damange,True,1.0
C:\Users\vitor\.cache\kagglehub\datasets\sujitraarw\coffee-green-bean-with-17-defects-original\versions\1\Fungus Damange\Fungus Damage_63.jpg,Fungus Damange,7,Fungus Damange,True,1.0
C:\Users\vitor\.cache\kagglehub\datasets\sujitraarw\coffee-green-bean-with-17-defects-original\versions\1\Fungus Damange\Fungus Damage_64.jpg,Fungus Damange,7,Fungus Damange,True,1.0
C:\Users\vitor\.cache\kagglehub\datasets\sujitraarw\coffee-green-bean-with-17-defects-original\versions\1\Fungus Damange\Fungus Damage_65.jpg,Fungus Damange,7,Fungus Damange,True,1.0
C:\Users\vitor\.cache\kagglehub\datasets\sujitraarw\coffee-green-bean-with-17-defects-original\versions\1\Fungus Damange\Fungus Damage_66.jpg,Fungus Damange,7,Fungus Damange,True,1.0
C:\Users\vitor\.cache\kagglehub\datasets\sujitraarw\coffee-green-bean-with-17-defects-original\versions\1\Fungus Damange\Fungus Damage_67.jpg,Fungus Damange,7,Fungus Damange,True,1.0
C:\Users\vitor\.cache\kagglehub\datasets\sujitraarw\coffee-green-bean-with-17-defects-original\versions\1\Fungus Damange\Fungus Damage_68.jpg,Fungus Damange,7,Fungus Damange,True,1.0
C:\Users\vitor\.cache\kagglehub\datasets\sujitraarw\coffee-green-bean-with-17-defects-original\versions\1\Fungus Damange\Fungus Damage_69.jpg,Fungus Damange,7,Fungus Damange,True,1.0
C:\Users\vitor\.cache\kagglehub\datasets\sujitraarw\coffee-green-bean-with-17-defects-original\versions\1\Fungus Damange\Fungus Damage_70.jpg,Fungus Damange,7,Fungus Damange,True,1.0
C:\Users\vitor\.cache\kagglehub\datasets\sujitraarw\coffee-green-bean-with-17-defects-original\versions\1\Fungus Damange\Fungus Damage_71.jpg,Fungus Damange,7,Fungus Damange,True,1.0
C:\Users\vitor\.cache\kagglehub\datasets\sujitraarw\coffee-green-bean-with-17-defects-original\versions\1\Fungus Damange\Fungus Damage_72.jpg,Fungus Damange,7,Fungus Damange,True,1.0
C:\Users\vitor\.cache\kagglehub\datasets\sujitraarw\coffee-green-bean-with-17-defects-original\versions\1\Fungus Damange\Fungus Damage_73.jpg,Fungus Damange,7,Fungus Damange,True,1.0
C:\Users\vitor\.cache\kagglehub\datasets\sujitraarw\coffee-green-bean-with-17-defects-original\versions\1\Fungus Damange\Fungus Damage_74.jpg,Fungus Damange,7,Fungus Damange,True,1.0
C:\Users\vitor\.cache\kagglehub\datasets\sujitraarw\coffee-green-bean-with-17-defects-original\versions\1\Fungus Damange\Fungus Damage_75.jpg,Fungus Damange,7,Fungus Damange,True,1.0
C:\Users\vitor\.cache\kagglehub\datasets\sujitraarw\coffee-green-bean-with-17-defects-original\versions\1\Husk\Husk_01.jpg,Husk,8,Husk,True,1.0
C:\Users\vitor\.cache\kagglehub\datasets\sujitraarw\coffee-green-bean-with-17-defects-original\versions\1\Husk\Husk_02.jpg,Husk,8,Husk,True,1.0
C:\Users\vitor\.cache\kagglehub\datasets\sujitraarw\coffee-green-bean-with-17-defects-original\versions\1\Husk\Husk_03.jpg,Husk,8,Husk,True,1.0
C:\Users\vitor\.cache\kagglehub\datasets\sujitraarw\coffee-green-bean-with-17-defects-original\versions\1\Husk\Husk_04.jpg,Husk,8,Husk,True,1.0
C:\Users\vitor\.cache\kagglehub\datasets\sujitraarw\coffee-green-bean-with-17-defects-original\versions\1\Husk\Husk_05.jpg,Husk,8,Husk,True,1.0
C:\Users\vitor\.cache\kagglehub\datasets\sujitraarw\coffee-green-bean-with-17-defects-original\versions\1\Husk\Husk_06.jpg,Husk,8,Husk,True,1.0
C:\Users\vitor\.cache\kagglehub\datasets\sujitraarw\coffee-green-bean-with-17-defects-original\versions\1\Husk\Husk_07.jpg,Husk,8,Husk,True,1.0
C:\Users\vitor\.cache\kagglehub\datasets\sujitraarw\coffee-green-bean-with-17-defects-original\versions\1\Husk\Husk_08.jpg,Husk,8,Husk,True,1.0
C:\Users\vitor\.cache\kagglehub\datasets\sujitraarw\coffee-green-bean-with-17-defects-original\versions\1\Husk\Husk_09.jpg,Husk,8,Husk,True,1.0
C:\Users\vitor\.cache\kagglehub\datasets\sujitraarw\coffee-green-bean-with-17-defects-original\versions\1\Husk\Husk_10.jpg,Husk,8,Husk,True,1.0
C:\Users\vitor\.cache\kagglehub\datasets\sujitraarw\coffee-green-bean-with-17-defects-original\versions\1\Husk\Husk_11.jpg,Husk,8,Husk,True,1.0
C:\Users\vitor\.cache\kagglehub\datasets\sujitraarw\coffee-green-bean-with-17-defects-original\versions\1\Husk\Husk_12.jpg,Husk,8,Husk,True,1.0
C:\Users\vitor\.cache\kagglehub\datasets\sujitraarw\coffee-green-bean-with-17-defects-original\versions\1\Husk\Husk_13.jpg,Husk,8,Husk,True,1.0
C:\Users\vitor\.cache\kagglehub\datasets\sujitraarw\coffee-green-bean-with-17-defects-original\versions\1\Husk\Husk_14.jpg,Husk,8,Husk,True,1.0
C:\Users\vitor\.cache\kagglehub\datasets\sujitraarw\coffee-green-bean-with-17-defects-original\versions\1\Husk\Husk_15.jpg,Husk,8,Husk,True,1.0
C:\Users\vitor\.cache\kagglehub\datasets\sujitraarw\coffee-green-bean-with-17-defects-original\versions\1\Husk\Husk_16.jpg,Husk,8,Husk,True,1.0
C:\Users\vitor\.cache\kagglehub\datasets\sujitraarw\coffee-green-bean-with-17-defects-original\versions\1\Husk\Husk_17.jpg,Husk,8,Husk,True,1.0
C:\Users\vitor\.cache\kagglehub\datasets\sujitraarw\coffee-green-bean-with-17-defects-original\versions\1\Husk\Husk_18.jpg,Husk,8,Husk,True,1.0
C:\Users\vitor\.cache\kagglehub\datasets\sujitraarw\coffee-green-bean-with-17-defects-original\versions\1\Husk\Husk_19.jpg,Husk,8,Husk,True,1.0
C:\Users\vitor\.cache\kagglehub\datasets\sujitraarw\coffee-green-bean-with-17-defects-original\versions\1\Husk\Husk_20.jpg,Husk,8,Husk,True,1.0
C:\Users\vitor\.cache\kagglehub\datasets\sujitraarw\coffee-green-bean-with-17-defects-original\versions\1\Husk\Husk_21.jpg,Husk,8,Husk,True,1.0
C:\Users\vitor\.cache\kagglehub\datasets\sujitraarw\coffee-green-bean-with-17-defects-original\versions\1\Husk\Husk_22.jpg,Husk,8,Husk,True,1.0
C:\Users\vitor\.cache\kagglehub\datasets\sujitraarw\coffee-green-bean-with-17-defects-original\versions\1\Husk\Husk_23.jpg,Husk,8,Husk,True,1.0
C:\Users\vitor\.cache\kagglehub\datasets\sujitraarw\coffee-green-bean-with-17-defects-original\versions\1\Husk\Husk_24.jpg,Husk,8,Husk,True,1.0
C:\Users\vitor\.cache\kagglehub\datasets\sujitraarw\coffee-green-bean-with-17-defects-original\versions\1\Husk\Husk_25.jpg,Husk,8,Husk,True,1.0
C:\Users\vitor\.cache\kagglehub\datasets\sujitraarw\coffee-green-bean-with-17-defects-original\versions\1\Husk\Husk_26.jpg,Husk,8,Husk,True,1.0
C:\Users\vitor\.cache\kagglehub\datasets\sujitraarw\coffee-green-bean-with-17-defects-original\versions\1\Husk\Husk_27.jpg,Husk,8,Husk,True,1.0
C:\Users\vitor\.cache\kagglehub\datasets\sujitraarw\coffee-green-bean-with-17-defects-original\versions\1\Husk\Husk_28.jpg,Husk,8,Husk,True,1.0
C:\Users\vitor\.cache\kagglehub\datasets\sujitraarw\coffee-green-bean-with-17-defects-original\versions\1\Husk\Husk_29.jpg,Husk,8,Husk,True,1.0
C:\Users\vitor\.cache\kagglehub\datasets\sujitraarw\coffee-green-bean-with-17-defects-original\versions\1\Husk\Husk_30.jpg,Husk,8,Husk,True,1.0
C:\Users\vitor\.cache\kagglehub\datasets\sujitraarw\coffee-green-bean-with-17-defects-original\versions\1\Husk\Husk_31.jpg,Husk,8,Husk,True,1.0
C:\Users\vitor\.cache\kagglehub\datasets\sujitraarw\coffee-green-bean-with-17-defects-original\versions\1\Husk\Husk_32.jpg,Husk,8,Husk,True,1.0
C:\Users\vitor\.cache\kagglehub\datasets\sujitraarw\coffee-green-bean-with-17-defects-original\versions\1\Husk\Husk_33.jpg,Husk,8,Husk,True,1.0
C:\Users\vitor\.cache\kagglehub\datasets\sujitraarw\coffee-green-bean-with-17-defects-original\versions\1\Husk\Husk_34.jpg,Husk,8,Husk,True,1.0
C:\Users\vitor\.cache\kagglehub\datasets\sujitraarw\coffee-green-bean-with-17-defects-original\versions\1\Husk\Husk_35.jpg,Husk,8,Husk,True,1.0
C:\Users\vitor\.cache\kagglehub\datasets\sujitraarw\coffee-green-bean-with-17-defects-original\versions\1\Husk\Husk_36.jpg,Husk,8,Husk,True,1.0
C:\Users\vitor\.cache\kagglehub\datasets\sujitraarw\coffee-green-bean-with-17-defects-original\versions\1\Husk\Husk_37.jpg,Husk,8,Husk,True,1.0
C:\Users\vitor\.cache\kagglehub\datasets\sujitraarw\coffee-green-bean-with-17-defects-original\versions\1\Husk\Husk_38.jpg,Husk,8,Husk,True,1.0
C:\Users\vitor\.cache\kagglehub\datasets\sujitraarw\coffee-green-bean-with-17-defects-original\versions\1\Husk\Husk_39.jpg,Husk,8,Husk,True,1.0
C:\Users\vitor\.cache\kagglehub\datasets\sujitraarw\coffee-green-bean-with-17-defects-original\versions\1\Husk\Husk_40.jpg,Husk,8,Husk,True,1.0
C:\Users\vitor\.cache\kagglehub\datasets\sujitraarw\coffee-green-bean-with-17-defects-original\versions\1\Husk\Husk_41.jpg,Husk,8,Husk,True,1.0
C:\Users\vitor\.cache\kagglehub\datasets\sujitraarw\coffee-green-bean-with-17-defects-original\versions\1\Husk\Husk_42.jpg,Husk,8,Husk,True,1.0
C:\Users\vitor\.cache\kagglehub\datasets\sujitraarw\coffee-green-bean-with-17-defects-original\versions\1\Husk\Husk_43.jpg,Husk,8,Husk,True,1.0
C:\Users\vitor\.cache\kagglehub\datasets\sujitraarw\coffee-green-bean-with-17-defects-original\versions\1\Husk\Husk_44.jpg,Husk,8,Husk,True,1.0
C:\Users\vitor\.cache\kagglehub\datasets\sujitraarw\coffee-green-bean-with-17-defects-original\versions\1\Husk\Husk_45.jpg,Husk,8,Husk,True,1.0
C:\Users\vitor\.cache\kagglehub\datasets\sujitraarw\coffee-green-bean-with-17-defects-original\versions\1\Husk\Husk_46.jpg,Husk,8,Husk,True,1.0
C:\Users\vitor\.cache\kagglehub\datasets\sujitraarw\coffee-green-bean-with-17-defects-original\versions\1\Husk\Husk_47.jpg,Husk,8,Husk,True,1.0
C:\Users\vitor\.cache\kagglehub\datasets\sujitraarw\coffee-green-bean-with-17-defects-original\versions\1\Husk\Husk_48.jpg,Husk,8,Husk,True,1.0
C:\Users\vitor\.cache\kagglehub\datasets\sujitraarw\coffee-green-bean-with-17-defects-original\versions\1\Husk\Husk_49.jpg,Husk,8,Husk,True,1.0
C:\Users\vitor\.cache\kagglehub\datasets\sujitraarw\coffee-green-bean-with-17-defects-original\versions\1\Husk\Husk_50.jpg,Husk,8,Husk,True,1.0
C:\Users\vitor\.cache\kagglehub\datasets\sujitraarw\coffee-green-bean-with-17-defects-original\versions\1\Husk\Husk_51.jpg,Husk,8,Husk,True,1.0
C:\Users\vitor\.cache\kagglehub\datasets\sujitraarw\coffee-green-bean-with-17-defects-original\versions\1\Husk\Husk_52.jpg,Husk,8,Husk,True,1.0
C:\Users\vitor\.cache\kagglehub\datasets\sujitraarw\coffee-green-bean-with-17-defects-original\versions\1\Husk\Husk_53.jpg,Husk,8,Husk,True,1.0
C:\Users\vitor\.cache\kagglehub\datasets\sujitraarw\coffee-green-bean-with-17-defects-original\versions\1\Husk\Husk_01.jpg,Husk,8,Husk,True,1.0
C:\Users\vitor\.cache\kagglehub\datasets\sujitraarw\coffee-green-bean-with-17-defects-original\versions\1\Husk\Husk_02.jpg,Husk,8,Husk,True,1.0
C:\Users\vitor\.cache\kagglehub\datasets\sujitraarw\coffee-green-bean-with-17-defects-original\versions\1\Husk\Husk_03.jpg,Husk,8,Husk,True,1.0
C:\Users\vitor\.cache\kagglehub\datasets\sujitraarw\coffee-green-bean-with-17-defects-original\versions\1\Husk\Husk_04.jpg,Husk,8,Husk,True,1.0
C:\Users\vitor\.cache\kagglehub\datasets\sujitraarw\coffee-green-bean-with-17-defects-original\versions\1\Husk\Husk_05.jpg,Husk,8,Husk,True,1.0
C:\Users\vitor\.cache\kagglehub\datasets\sujitraarw\coffee-green-bean-with-17-defects-original\versions\1\Husk\Husk_06.jpg,Husk,8,Husk,True,1.0
C:\Users\vitor\.cache\kagglehub\datasets\sujitraarw\coffee-green-bean-with-17-defects-original\versions\1\Husk\Husk_07.jpg,Husk,8,Husk,True,1.0
C:\Users\vitor\.cache\kagglehub\datasets\sujitraarw\coffee-green-bean-with-17-defects-original\versions\1\Husk\Husk_08.jpg,Husk,8,Husk,True,1.0
C:\Users\vitor\.cache\kagglehub\datasets\sujitraarw\coffee-green-bean-with-17-defects-original\versions\1\Husk\Husk_09.jpg,Husk,8,Husk,True,1.0
C:\Users\vitor\.cache\kagglehub\datasets\sujitraarw\coffee-green-bean-with-17-defects-original\versions\1\Husk\Husk_10.jpg,Husk,8,Husk,True,1.0
C:\Users\vitor\.cache\kagglehub\datasets\sujitraarw\coffee-green-bean-with-17-defects-original\versions\1\Husk\Husk_11.jpg,Husk,8,Husk,True,1.0
C:\Users\vitor\.cache\kagglehub\datasets\sujitraarw\coffee-green-bean-with-17-defects-original\versions\1\Husk\Husk_12.jpg,Husk,8,Husk,True,1.0
C:\Users\vitor\.cache\kagglehub\datasets\sujitraarw\coffee-green-bean-with-17-defects-original\versions\1\Husk\Husk_13.jpg,Husk,8,Husk,True,1.0
C:\Users\vitor\.cache\kagglehub\datasets\sujitraarw\coffee-green-bean-with-17-defects-original\versions\1\Husk\Husk_14.jpg,Husk,8,Husk,True,1.0
C:\Users\vitor\.cache\kagglehub\datasets\sujitraarw\coffee-green-bean-with-17-defects-original\versions\1\Husk\Husk_15.jpg,Husk,8,Husk,True,1.0
C:\Users\vitor\.cache\kagglehub\datasets\sujitraarw\coffee-green-bean-with-17-defects-original\versions\1\Husk\Husk_16.jpg,Husk,8,Husk,True,1.0
C:\Users\vitor\.cache\kagglehub\datasets\sujitraarw\coffee-green-bean-with-17-defects-original\versions\1\Husk\Husk_17.jpg,Husk,8,Husk,True,1.0
C:\Users\vitor\.cache\kagglehub\datasets\sujitraarw\coffee-green-bean-with-17-defects-original\versions\1\Husk\Husk_18.jpg,Husk,8,Husk,True,1.0
C:\Users\vitor\.cache\kagglehub\datasets\sujitraarw\coffee-green-bean-with-17-defects-original\versions\1\Husk\Husk_19.jpg,Husk,8,Husk,True,1.0
C:\Users\vitor\.cache\kagglehub\datasets\sujitraarw\coffee-green-bean-with-17-defects-original\versions\1\Husk\Husk_20.jpg,Husk,8,Husk,True,1.0
C:\Users\vitor\.cache\kagglehub\datasets\sujitraarw\coffee-green-bean-with-17-defects-original\versions\1\Husk\Husk_21.jpg,Husk,8,Husk,True,1.0
C:\Users\vitor\.cache\kagglehub\datasets\sujitraarw\coffee-green-bean-with-17-defects-original\versions\1\Husk\Husk_22.jpg,Husk,8,Husk,True,1.0
C:\Users\vitor\.cache\kagglehub\datasets\sujitraarw\coffee-green-bean-with-17-defects-original\versions\1\Husk\Husk_23.jpg,Husk,8,Husk,True,1.0
C:\Users\vitor\.cache\kagglehub\datasets\sujitraarw\coffee-green-bean-with-17-defects-original\versions\1\Husk\Husk_24.jpg,Husk,8,Husk,True,1.0
C:\Users\vitor\.cache\kagglehub\datasets\sujitraarw\coffee-green-bean-with-17-defects-original\versions\1\Husk\Husk_25.jpg,Husk,8,Husk,True,1.0
C:\Users\vitor\.cache\kagglehub\datasets\sujitraarw\coffee-green-bean-with-17-defects-original\versions\1\Husk\Husk_26.jpg,Husk,8,Husk,True,1.0
C:\Users\vitor\.cache\kagglehub\datasets\sujitraarw\coffee-green-bean-with-17-defects-original\versions\1\Husk\Husk_27.jpg,Husk,8,Husk,True,1.0
C:\Users\vitor\.cache\kagglehub\datasets\sujitraarw\coffee-green-bean-with-17-defects-original\versions\1\Husk\Husk_28.jpg,Husk,8,Husk,True,1.0
C:\Users\vitor\.cache\kagglehub\datasets\sujitraarw\coffee-green-bean-with-17-defects-original\versions\1\Husk\Husk_29.jpg,Husk,8,Husk,True,1.0
C:\Users\vitor\.cache\kagglehub\datasets\sujitraarw\coffee-green-bean-with-17-defects-original\versions\1\Husk\Husk_30.jpg,Husk,8,Husk,True,1.0
C:\Users\vitor\.cache\kagglehub\datasets\sujitraarw\coffee-green-bean-with-17-defects-original\versions\1\Husk\Husk_31.jpg,Husk,8,Husk,True,1.0
C:\Users\vitor\.cache\kagglehub\datasets\sujitraarw\coffee-green-bean-with-17-defects-original\versions\1\Husk\Husk_32.jpg,Husk,8,Husk,True,1.0
C:\Users\vitor\.cache\kagglehub\datasets\sujitraarw\coffee-green-bean-with-17-defects-original\versions\1\Husk\Husk_33.jpg,Husk,8,Husk,True,1.0
C:\Users\vitor\.cache\kagglehub\datasets\sujitraarw\coffee-green-bean-with-17-defects-original\versions\1\Husk\Husk_34.jpg,Husk,8,Husk,True,1.0
C:\Users\vitor\.cache\kagglehub\datasets\sujitraarw\coffee-green-bean-with-17-defects-original\versions\1\Husk\Husk_35.jpg,Husk,8,Husk,True,1.0
C:\Users\vitor\.cache\kagglehub\datasets\sujitraarw\coffee-green-bean-with-17-defects-original\versions\1\Husk\Husk_36.jpg,Husk,8,Husk,True,1.0
C:\Users\vitor\.cache\kagglehub\datasets\sujitraarw\coffee-green-bean-with-17-defects-original\versions\1\Husk\Husk_37.jpg,Husk,8,Husk,True,1.0
C:\Users\vitor\.cache\kagglehub\datasets\sujitraarw\coffee-green-bean-with-17-defects-original\versions\1\Husk\Husk_38.jpg,Husk,8,Husk,True,1.0
C:\Users\vitor\.cache\kagglehub\datasets\sujitraarw\coffee-green-bean-with-17-defects-original\versions\1\Husk\Husk_39.jpg,Husk,8,Husk,True,1.0
C:\Users\vitor\.cache\kagglehub\datasets\sujitraarw\coffee-green-bean-with-17-defects-original\versions\1\Husk\Husk_40.jpg,Husk,8,Husk,True,1.0
C:\Users\vitor\.cache\kagglehub\datasets\sujitraarw\coffee-green-bean-with-17-defects-original\versions\1\Husk\Husk_41.jpg,Husk,8,Husk,True,1.0
C:\Users\vitor\.cache\kagglehub\datasets\sujitraarw\coffee-green-bean-with-17-defects-original\versions\1\Husk\Husk_42.jpg,Husk,8,Husk,True,1.0
C:\Users\vitor\.cache\kagglehub\datasets\sujitraarw\coffee-green-bean-with-17-defects-original\versions\1\Husk\Husk_43.jpg,Husk,8,Husk,True,1.0
C:\Users\vitor\.cache\kagglehub\datasets\sujitraarw\coffee-green-bean-with-17-defects-original\versions\1\Husk\Husk_44.jpg,Husk,8,Husk,True,1.0
C:\Users\vitor\.cache\kagglehub\datasets\sujitraarw\coffee-green-bean-with-17-defects-original\versions\1\Husk\Husk_45.jpg,Husk,8,Husk,True,1.0
C:\Users\vitor\.cache\kagglehub\datasets\sujitraarw\coffee-green-bean-with-17-defects-original\versions\1\Husk\Husk_46.jpg,Husk,8,Husk,True,1.0
C:\Users\vitor\.cache\kagglehub\datasets\sujitraarw\coffee-green-bean-with-17-defects-original\versions\1\Husk\Husk_47.jpg,Husk,8,Husk,True,1.0
C:\Users\vitor\.cache\kagglehub\datasets\sujitraarw\coffee-green-bean-with-17-defects-original\versions\1\Husk\Husk_48.jpg,Husk,8,Husk,True,1.0
C:\Users\vitor\.cache\kagglehub\datasets\sujitraarw\coffee-green-bean-with-17-defects-original\versions\1\Husk\Husk_49.jpg,Husk,8,Husk,True,1.0
C:\Users\vitor\.cache\kagglehub\datasets\sujitraarw\coffee-green-bean-with-17-defects-original\versions\1\Husk\Husk_50.jpg,Husk,8,Husk,True,1.0
C:\Users\vitor\.cache\kagglehub\datasets\sujitraarw\coffee-green-bean-with-17-defects-original\versions\1\Husk\Husk_51.jpg,Husk,8,Husk,True,1.0
C:\Users\vitor\.cache\kagglehub\datasets\sujitraarw\coffee-green-bean-with-17-defects-original\versions\1\Husk\Husk_52.jpg,Husk,8,Husk,True,1.0
C:\Users\vitor\.cache\kagglehub\datasets\sujitraarw\coffee-green-bean-with-17-defects-original\versions\1\Husk\Husk_53.jpg,Husk,8,Husk,True,1.0
C:\Users\vitor\.cache\kagglehub\datasets\sujitraarw\coffee-green-bean-with-17-defects-original\versions\1\Immature\Immature_01.jpg,Immature,9,Immature,True,1.0
C:\Users\vitor\.cache\kagglehub\datasets\sujitraarw\coffee-green-bean-with-17-defects-original\versions\1\Immature\Immature_02.jpg,Immature,9,Immature,True,1.0
C:\Users\vitor\.cache\kagglehub\datasets\sujitraarw\coffee-green-bean-with-17-defects-original\versions\1\Immature\Immature_03.jpg,Immature,9,Immature,True,1.0
C:\Users\vitor\.cache\kagglehub\datasets\sujitraarw\coffee-green-bean-with-17-defects-original\versions\1\Immature\Immature_04.jpg,Immature,9,Immature,True,1.0
C:\Users\vitor\.cache\kagglehub\datasets\sujitraarw\coffee-green-bean-with-17-defects-original\versions\1\Immature\Immature_05.jpg,Immature,9,Immature,True,1.0
C:\Users\vitor\.cache\kagglehub\datasets\sujitraarw\coffee-green-bean-with-17-defects-original\versions\1\Immature\Immature_06.jpg,Immature,9,Immature,True,1.0
C:\Users\vitor\.cache\kagglehub\datasets\sujitraarw\coffee-green-bean-with-17-defects-original\versions\1\Immature\Immature_07.jpg,Immature,9,Immature,True,1.0
C:\Users\vitor\.cache\kagglehub\datasets\sujitraarw\coffee-green-bean-with-17-defects-original\versions\1\Immature\Immature_08.jpg,Immature,9,Immature,True,1.0
C:\Users\vitor\.cache\kagglehub\datasets\sujitraarw\coffee-green-bean-with-17-defects-original\versions\1\Immature\Immature_09.jpg,Immature,9,Immature,True,1.0
C:\Users\vitor\.cache\kagglehub\datasets\sujitraarw\coffee-green-bean-with-17-defects-original\versions\1\Immature\Immature_10.jpg,Immature,9,Immature,True,1.0
C:\Users\vitor\.cache\kagglehub\datasets\sujitraarw\coffee-green-bean-with-17-defects-original\versions\1\Immature\Immature_11.jpg,Immature,9,Immature,True,1.0
C:\Users\vitor\.cache\kagglehub\datasets\sujitraarw\coffee-green-bean-with-17-defects-original\versions\1\Immature\Immature_12.jpg,Immature,9,Immature,True,1.0
C:\Users\vitor\.cache\kagglehub\datasets\sujitraarw\coffee-green-bean-with-17-defects-original\versions\1\Immature\Immature_13.jpg,Immature,9,Immature,True,1.0
C:\Users\vitor\.cache\kagglehub\datasets\sujitraarw\coffee-green-bean-with-17-defects-original\versions\1\Immature\Immature_14.jpg,Immature,9,Immature,True,1.0
C:\Users\vitor\.cache\kagglehub\datasets\sujitraarw\coffee-green-bean-with-17-defects-original\versions\1\Immature\Immature_15.jpg,Immature,9,Immature,True,1.0
C:\Users\vitor\.cache\kagglehub\datasets\sujitraarw\coffee-green-bean-with-17-defects-original\versions\1\Immature\Immature_16.jpg,Immature,9,Immature,True,1.0
C:\Users\vitor\.cache\kagglehub\datasets\sujitraarw\coffee-green-bean-with-17-defects-original\versions\1\Immature\Immature_17.jpg,Immature,9,Immature,True,1.0
C:\Users\vitor\.cache\kagglehub\datasets\sujitraarw\coffee-green-bean-with-17-defects-original\versions\1\Immature\Immature_18.jpg,Immature,9,Immature,True,1.0
C:\Users\vitor\.cache\kagglehub\datasets\sujitraarw\coffee-green-bean-with-17-defects-original\versions\1\Immature\Immature_19.jpg,Immature,9,Immature,True,1.0
C:\Users\vitor\.cache\kagglehub\datasets\sujitraarw\coffee-green-bean-with-17-defects-original\versions\1\Immature\Immature_20.jpg,Immature,9,Immature,True,1.0
C:\Users\vitor\.cache\kagglehub\datasets\sujitraarw\coffee-green-bean-with-17-defects-original\versions\1\Immature\Immature_21.jpg,Immature,9,Immature,True,1.0
C:\Users\vitor\.cache\kagglehub\datasets\sujitraarw\coffee-green-bean-with-17-defects-original\versions\1\Immature\Immature_22.jpg,Immature,9,Immature,True,1.0
C:\Users\vitor\.cache\kagglehub\datasets\sujitraarw\coffee-green-bean-with-17-defects-original\versions\1\Immature\Immature_23.jpg,Immature,9,Immature,True,1.0
C:\Users\vitor\.cache\kagglehub\datasets\sujitraarw\coffee-green-bean-with-17-defects-original\versions\1\Immature\Immature_24.jpg,Immature,9,Immature,True,1.0
C:\Users\vitor\.cache\kagglehub\datasets\sujitraarw\coffee-green-bean-with-17-defects-original\versions\1\Immature\Immature_25.jpg,Immature,9,Immature,True,1.0
C:\Users\vitor\.cache\kagglehub\datasets\sujitraarw\coffee-green-bean-with-17-defects-original\versions\1\Immature\Immature_26.jpg,Immature,9,Immature,True,1.0
C:\Users\vitor\.cache\kagglehub\datasets\sujitraarw\coffee-green-bean-with-17-defects-original\versions\1\Immature\Immature_27.jpg,Immature,9,Immature,True,1.0
C:\Users\vitor\.cache\kagglehub\datasets\sujitraarw\coffee-green-bean-with-17-defects-original\versions\1\Immature\Immature_28.jpg,Immature,9,Immature,True,1.0
C:\Users\vitor\.cache\kagglehub\datasets\sujitraarw\coffee-green-bean-with-17-defects-original\versions\1\Immature\Immature_29.jpg,Immature,9,Immature,True,1.0
C:\Users\vitor\.cache\kagglehub\datasets\sujitraarw\coffee-green-bean-with-17-defects-original\versions\1\Immature\Immature_30.jpg,Immature,9,Immature,True,1.0
C:\Users\vitor\.cache\kagglehub\datasets\sujitraarw\coffee-green-bean-with-17-defects-original\versions\1\Immature\Immature_31.jpg,Immature,9,Immature,True,1.0
C:\Users\vitor\.cache\kagglehub\datasets\sujitraarw\coffee-green-bean-with-17-defects-original\versions\1\Immature\Immature_32.jpg,Immature,9,Immature,True,1.0
C:\Users\vitor\.cache\kagglehub\datasets\sujitraarw\coffee-green-bean-with-17-defects-original\versions\1\Immature\Immature_33.jpg,Immature,9,Immature,True,1.0
C:\Users\vitor\.cache\kagglehub\datasets\sujitraarw\coffee-green-bean-with-17-defects-original\versions\1\Immature\Immature_34.jpg,Immature,9,Immature,True,1.0
C:\Users\vitor\.cache\kagglehub\datasets\sujitraarw\coffee-green-bean-with-17-defects-original\versions\1\Immature\Immature_35.jpg,Immature,9,Immature,True,1.0
C:\Users\vitor\.cache\kagglehub\datasets\sujitraarw\coffee-green-bean-with-17-defects-original\versions\1\Immature\Immature_36.jpg,Immature,9,Immature,True,1.0
C:\Users\vitor\.cache\kagglehub\datasets\sujitraarw\coffee-green-bean-with-17-defects-original\versions\1\Immature\Immature_37.jpg,Immature,9,Immature,True,1.0
C:\Users\vitor\.cache\kagglehub\datasets\sujitraarw\coffee-green-bean-with-17-defects-original\versions\1\Immature\Immature_38.jpg,Immature,9,Immature,True,1.0
C:\Users\vitor\.cache\kagglehub\datasets\sujitraarw\coffee-green-bean-with-17-defects-original\versions\1\Immature\Immature_39.jpg,Immature,9,Immature,True,1.0
C:\Users\vitor\.cache\kagglehub\datasets\sujitraarw\coffee-green-bean-with-17-defects-original\versions\1\Immature\Immature_40.jpg,Immature,9,Immature,True,1.0
C:\Users\vitor\.cache\kagglehub\datasets\sujitraarw\coffee-green-bean-with-17-defects-original\versions\1\Immature\Immature_41.jpg,Immature,9,Immature,True,1.0
C:\Users\vitor\.cache\kagglehub\datasets\sujitraarw\coffee-green-bean-with-17-defects-original\versions\1\Immature\Immature_42.jpg,Immature,9,Immature,True,1.0
C:\Users\vitor\.cache\kagglehub\datasets\sujitraarw\coffee-green-bean-with-17-defects-original\versions\1\Immature\Immature_43.jpg,Immature,9,Immature,True,1.0
C:\Users\vitor\.cache\kagglehub\datasets\sujitraarw\coffee-green-bean-with-17-defects-original\versions\1\Immature\Immature_44.jpg,Immature,9,Immature,True,1.0
C:\Users\vitor\.cache\kagglehub\datasets\sujitraarw\coffee-green-bean-with-17-defects-original\versions\1\Immature\Immature_45.jpg,Immature,9,Immature,True,1.0
C:\Users\vitor\.cache\kagglehub\datasets\sujitraarw\coffee-green-bean-with-17-defects-original\versions\1\Immature\Immature_46.jpg,Immature,9,Immature,True,1.0
C:\Users\vitor\.cache\kagglehub\datasets\sujitraarw\coffee-green-bean-with-17-defects-original\versions\1\Immature\Immature_47.jpg,Immature,9,Immature,True,1.0
C:\Users\vitor\.cache\kagglehub\datasets\sujitraarw\coffee-green-bean-with-17-defects-original\versions\1\Immature\Immature_48.jpg,Immature,9,Immature,True,1.0
C:\Users\vitor\.cache\kagglehub\datasets\sujitraarw\coffee-green-bean-with-17-defects-original\versions\1\Immature\Immature_49.jpg,Immature,9,Immature,True,1.0
C:\Users\vitor\.cache\kagglehub\datasets\sujitraarw\coffee-green-bean-with-17-defects-original\versions\1\Immature\Immature_50.jpg,Immature,9,Immature,True,1.0
C:\Users\vitor\.cache\kagglehub\datasets\sujitraarw\coffee-green-bean-with-17-defects-original\versions\1\Immature\Immature_51.jpg,Immature,9,Immature,True,1.0
C:\Users\vitor\.cache\kagglehub\datasets\sujitraarw\coffee-green-bean-with-17-defects-original\versions\1\Immature\Immature_52.jpg,Immature,9,Immature,True,1.0
C:\Users\vitor\.cache\kagglehub\datasets\sujitraarw\coffee-green-bean-with-17-defects-original\versions\1\Immature\Immature_53.jpg,Immature,9,Immature,True,1.0
C:\Users\vitor\.cache\kagglehub\datasets\sujitraarw\coffee-green-bean-with-17-defects-original\versions\1\Immature\Immature_54.jpg,Immature,9,Immature,True,1.0
C:\Users\vitor\.cache\kagglehub\datasets\sujitraarw\coffee-green-bean-with-17-defects-original\versions\1\Immature\Immature_55.jpg,Immature,9,Immature,True,1.0
C:\Users\vitor\.cache\kagglehub\datasets\sujitraarw\coffee-green-bean-with-17-defects-original\versions\1\Immature\Immature_56.jpg,Immature,9,Immature,True,1.0
C:\Users\vitor\.cache\kagglehub\datasets\sujitraarw\coffee-green-bean-with-17-defects-original\versions\1\Immature\Immature_57.jpg,Immature,9,Immature,True,1.0
C:\Users\vitor\.cache\kagglehub\datasets\sujitraarw\coffee-green-bean-with-17-defects-original\versions\1\Immature\Immature_58.jpg,Immature,9,Immature,True,1.0
C:\Users\vitor\.cache\kagglehub\datasets\sujitraarw\coffee-green-bean-with-17-defects-original\versions\1\Immature\Immature_59.jpg,Immature,9,Immature,True,1.0
C:\Users\vitor\.cache\kagglehub\datasets\sujitraarw\coffee-green-bean-with-17-defects-original\versions\1\Immature\Immature_60.jpg,Immature,9,Immature,True,1.0
C:\Users\vitor\.cache\kagglehub\datasets\sujitraarw\coffee-green-bean-with-17-defects-original\versions\1\Immature\Immature_61.jpg,Immature,9,Immature,True,1.0
C:\Users\vitor\.cache\kagglehub\datasets\sujitraarw\coffee-green-bean-with-17-defects-original\versions\1\Immature\Immature_62.jpg,Immature,9,Immature,True,1.0
C:\Users\vitor\.cache\kagglehub\datasets\sujitraarw\coffee-green-bean-with-17-defects-original\versions\1\Immature\Immature_63.jpg,Immature,9,Immature,True,1.0
C:\Users\vitor\.cache\kagglehub\datasets\sujitraarw\coffee-green-bean-with-17-defects-original\versions\1\Immature\Immature_64.jpg,Immature,9,Immature,True,1.0
C:\Users\vitor\.cache\kagglehub\datasets\sujitraarw\coffee-green-bean-with-17-defects-original\versions\1\Immature\Immature_65.jpg,Immature,9,Immature,True,1.0
C:\Users\vitor\.cache\kagglehub\datasets\sujitraarw\coffee-green-bean-with-17-defects-original\versions\1\Immature\Immature_66.jpg,Immature,9,Immature,True,1.0
C:\Users\vitor\.cache\kagglehub\datasets\sujitraarw\coffee-green-bean-with-17-defects-original\versions\1\Immature\Immature_67.jpg,Immature,9,Immature,True,1.0
C:\Users\vitor\.cache\kagglehub\datasets\sujitraarw\coffee-green-bean-with-17-defects-original\versions\1\Immature\Immature_68.jpg,Immature,9,Immature,True,1.0
C:\Users\vitor\.cache\kagglehub\datasets\sujitraarw\coffee-green-bean-with-17-defects-original\versions\1\Immature\Immature_69.jpg,Immature,9,Immature,True,1.0
C:\Users\vitor\.cache\kagglehub\datasets\sujitraarw\coffee-green-bean-with-17-defects-original\versions\1\Immature\Immature_70.jpg,Immature,9,Immature,True,1.0
C:\Users\vitor\.cache\kagglehub\datasets\sujitraarw\coffee-green-bean-with-17-defects-original\versions\1\Immature\Immature_71.jpg,Immature,9,Immature,True,1.0
C:\Users\vitor\.cache\kagglehub\datasets\sujitraarw\coffee-green-bean-with-17-defects-original\versions\1\Immature\Immature_72.jpg,Immature,9,Immature,True,1.0
C:\Users\vitor\.cache\kagglehub\datasets\sujitraarw\coffee-green-bean-with-17-defects-original\versions\1\Immature\Immature_73.jpg,Immature,9,Immature,True,1.0
C:\Users\vitor\.cache\kagglehub\datasets\sujitraarw\coffee-green-bean-with-17-defects-original\versions\1\Immature\Immature_74.jpg,Immature,9,Immature,True,1.0
C:\Users\vitor\.cache\kagglehub\datasets\sujitraarw\coffee-green-bean-with-17-defects-original\versions\1\Immature\Immature_75.jpg,Immature,9,Immature,True,1.0
C:\Users\vitor\.cache\kagglehub\datasets\sujitraarw\coffee-green-bean-with-17-defects-original\versions\1\Immature\Immature_76.jpg,Immature,9,Immature,True,1.0
C:\Users\vitor\.cache\kagglehub\datasets\sujitraarw\coffee-green-bean-with-17-defects-original\versions\1\Immature\Immature_77.jpg,Immature,9,Immature,True,1.0
C:\Users\vitor\.cache\kagglehub\datasets\sujitraarw\coffee-green-bean-with-17-defects-original\versions\1\Immature\Immature_78.jpg,Immature,9,Immature,True,1.0
C:\Users\vitor\.cache\kagglehub\datasets\sujitraarw\coffee-green-bean-with-17-defects-original\versions\1\Immature\Immature_01.jpg,Immature,9,Immature,True,1.0
C:\Users\vitor\.cache\kagglehub\datasets\sujitraarw\coffee-green-bean-with-17-defects-original\versions\1\Immature\Immature_02.jpg,Immature,9,Immature,True,1.0
C:\Users\vitor\.cache\kagglehub\datasets\sujitraarw\coffee-green-bean-with-17-defects-original\versions\1\Immature\Immature_03.jpg,Immature,9,Immature,True,1.0
C:\Users\vitor\.cache\kagglehub\datasets\sujitraarw\coffee-green-bean-with-17-defects-original\versions\1\Immature\Immature_04.jpg,Immature,9,Immature,True,1.0
C:\Users\vitor\.cache\kagglehub\datasets\sujitraarw\coffee-green-bean-with-17-defects-original\versions\1\Immature\Immature_05.jpg,Immature,9,Immature,True,1.0
C:\Users\vitor\.cache\kagglehub\datasets\sujitraarw\coffee-green-bean-with-17-defects-original\versions\1\Immature\Immature_06.jpg,Immature,9,Immature,True,1.0
C:\Users\vitor\.cache\kagglehub\datasets\sujitraarw\coffee-green-bean-with-17-defects-original\versions\1\Immature\Immature_07.jpg,Immature,9,Immature,True,1.0
C:\Users\vitor\.cache\kagglehub\datasets\sujitraarw\coffee-green-bean-with-17-defects-original\versions\1\Immature\Immature_08.jpg,Immature,9,Immature,True,1.0
C:\Users\vitor\.cache\kagglehub\datasets\sujitraarw\coffee-green-bean-with-17-defects-original\versions\1\Immature\Immature_09.jpg,Immature,9,Immature,True,1.0
C:\Users\vitor\.cache\kagglehub\datasets\sujitraarw\coffee-green-bean-with-17-defects-original\versions\1\Immature\Immature_10.jpg,Immature,9,Immature,True,1.0
C:\Users\vitor\.cache\kagglehub\datasets\sujitraarw\coffee-green-bean-with-17-defects-original\versions\1\Immature\Immature_11.jpg,Immature,9,Immature,True,1.0
C:\Users\vitor\.cache\kagglehub\datasets\sujitraarw\coffee-green-bean-with-17-defects-original\versions\1\Immature\Immature_12.jpg,Immature,9,Immature,True,1.0
C:\Users\vitor\.cache\kagglehub\datasets\sujitraarw\coffee-green-bean-with-17-defects-original\versions\1\Immature\Immature_13.jpg,Immature,9,Immature,True,1.0
C:\Users\vitor\.cache\kagglehub\datasets\sujitraarw\coffee-green-bean-with-17-defects-original\versions\1\Immature\Immature_14.jpg,Immature,9,Immature,True,1.0
C:\Users\vitor\.cache\kagglehub\datasets\sujitraarw\coffee-green-bean-with-17-defects-original\versions\1\Immature\Immature_15.jpg,Immature,9,Immature,True,1.0
C:\Users\vitor\.cache\kagglehub\datasets\sujitraarw\coffee-green-bean-with-17-defects-original\versions\1\Immature\Immature_16.jpg,Immature,9,Immature,True,1.0
C:\Users\vitor\.cache\kagglehub\datasets\sujitraarw\coffee-green-bean-with-17-defects-original\versions\1\Immature\Immature_17.jpg,Immature,9,Immature,True,1.0
C:\Users\vitor\.cache\kagglehub\datasets\sujitraarw\coffee-green-bean-with-17-defects-original\versions\1\Immature\Immature_18.jpg,Immature,9,Immature,True,1.0
C:\Users\vitor\.cache\kagglehub\datasets\sujitraarw\coffee-green-bean-with-17-defects-original\versions\1\Immature\Immature_19.jpg,Immature,9,Immature,True,1.0
C:\Users\vitor\.cache\kagglehub\datasets\sujitraarw\coffee-green-bean-with-17-defects-original\versions\1\Immature\Immature_20.jpg,Immature,9,Immature,True,1.0
C:\Users\vitor\.cache\kagglehub\datasets\sujitraarw\coffee-green-bean-with-17-defects-original\versions\1\Immature\Immature_21.jpg,Immature,9,Immature,True,1.0
C:\Users\vitor\.cache\kagglehub\datasets\sujitraarw\coffee-green-bean-with-17-defects-original\versions\1\Immature\Immature_22.jpg,Immature,9,Immature,True,1.0
C:\Users\vitor\.cache\kagglehub\datasets\sujitraarw\coffee-green-bean-with-17-defects-original\versions\1\Immature\Immature_23.jpg,Immature,9,Immature,True,1.0
C:\Users\vitor\.cache\kagglehub\datasets\sujitraarw\coffee-green-bean-with-17-defects-original\versions\1\Immature\Immature_24.jpg,Immature,9,Immature,True,1.0
C:\Users\vitor\.cache\kagglehub\datasets\sujitraarw\coffee-green-bean-with-17-defects-original\versions\1\Immature\Immature_25.jpg,Immature,9,Immature,True,1.0
C:\Users\vitor\.cache\kagglehub\datasets\sujitraarw\coffee-green-bean-with-17-defects-original\versions\1\Immature\Immature_26.jpg,Immature,9,Immature,True,1.0
C:\Users\vitor\.cache\kagglehub\datasets\sujitraarw\coffee-green-bean-with-17-defects-original\versions\1\Immature\Immature_27.jpg,Immature,9,Immature,True,1.0
C:\Users\vitor\.cache\kagglehub\datasets\sujitraarw\coffee-green-bean-with-17-defects-original\versions\1\Immature\Immature_28.jpg,Immature,9,Immature,True,1.0
C:\Users\vitor\.cache\kagglehub\datasets\sujitraarw\coffee-green-bean-with-17-defects-original\versions\1\Immature\Immature_29.jpg,Immature,9,Immature,True,1.0
C:\Users\vitor\.cache\kagglehub\datasets\sujitraarw\coffee-green-bean-with-17-defects-original\versions\1\Immature\Immature_30.jpg,Immature,9,Immature,True,1.0
C:\Users\vitor\.cache\kagglehub\datasets\sujitraarw\coffee-green-bean-with-17-defects-original\versions\1\Immature\Immature_31.jpg,Immature,9,Immature,True,1.0
C:\Users\vitor\.cache\kagglehub\datasets\sujitraarw\coffee-green-bean-with-17-defects-original\versions\1\Immature\Immature_32.jpg,Immature,9,Immature,True,1.0
C:\Users\vitor\.cache\kagglehub\datasets\sujitraarw\coffee-green-bean-with-17-defects-original\versions\1\Immature\Immature_33.jpg,Immature,9,Immature,True,1.0
C:\Users\vitor\.cache\kagglehub\datasets\sujitraarw\coffee-green-bean-with-17-defects-original\versions\1\Immature\Immature_34.jpg,Immature,9,Immature,True,1.0
C:\Users\vitor\.cache\kagglehub\datasets\sujitraarw\coffee-green-bean-with-17-defects-original\versions\1\Immature\Immature_35.jpg,Immature,9,Immature,True,1.0
C:\Users\vitor\.cache\kagglehub\datasets\sujitraarw\coffee-green-bean-with-17-defects-original\versions\1\Immature\Immature_36.jpg,Immature,9,Immature,True,1.0
C:\Users\vitor\.cache\kagglehub\datasets\sujitraarw\coffee-green-bean-with-17-defects-original\versions\1\Immature\Immature_37.jpg,Immature,9,Immature,True,1.0
C:\Users\vitor\.cache\kagglehub\datasets\sujitraarw\coffee-green-bean-with-17-defects-original\versions\1\Immature\Immature_38.jpg,Immature,9,Immature,True,1.0
C:\Users\vitor\.cache\kagglehub\datasets\sujitraarw\coffee-green-bean-with-17-defects-original\versions\1\Immature\Immature_39.jpg,Immature,9,Immature,True,1.0
C:\Users\vitor\.cache\kagglehub\datasets\sujitraarw\coffee-green-bean-with-17-defects-original\versions\1\Immature\Immature_40.jpg,Immature,9,Immature,True,1.0
C:\Users\vitor\.cache\kagglehub\datasets\sujitraarw\coffee-green-bean-with-17-defects-original\versions\1\Immature\Immature_41.jpg,Immature,9,Immature,True,1.0
C:\Users\vitor\.cache\kagglehub\datasets\sujitraarw\coffee-green-bean-with-17-defects-original\versions\1\Immature\Immature_42.jpg,Immature,9,Immature,True,1.0
C:\Users\vitor\.cache\kagglehub\datasets\sujitraarw\coffee-green-bean-with-17-defects-original\versions\1\Immature\Immature_43.jpg,Immature,9,Immature,True,1.0
C:\Users\vitor\.cache\kagglehub\datasets\sujitraarw\coffee-green-bean-with-17-defects-original\versions\1\Immature\Immature_44.jpg,Immature,9,Immature,True,1.0
C:\Users\vitor\.cache\kagglehub\datasets\sujitraarw\coffee-green-bean-with-17-defects-original\versions\1\Immature\Immature_45.jpg,Immature,9,Immature,True,1.0
C:\Users\vitor\.cache\kagglehub\datasets\sujitraarw\coffee-green-bean-with-17-defects-original\versions\1\Immature\Immature_46.jpg,Immature,9,Immature,True,1.0
C:\Users\vitor\.cache\kagglehub\datasets\sujitraarw\coffee-green-bean-with-17-defects-original\versions\1\Immature\Immature_47.jpg,Immature,9,Immature,True,1.0
C:\Users\vitor\.cache\kagglehub\datasets\sujitraarw\coffee-green-bean-with-17-defects-original\versions\1\Immature\Immature_48.jpg,Immature,9,Immature,True,1.0
C:\Users\vitor\.cache\kagglehub\datasets\sujitraarw\coffee-green-bean-with-17-defects-original\versions\1\Immature\Immature_49.jpg,Immature,9,Immature,True,1.0
C:\Users\vitor\.cache\kagglehub\datasets\sujitraarw\coffee-green-bean-with-17-defects-original\versions\1\Immature\Immature_50.jpg,Immature,9,Immature,True,1.0
C:\Users\vitor\.cache\kagglehub\datasets\sujitraarw\coffee-green-bean-with-17-defects-original\versions\1\Immature\Immature_51.jpg,Immature,9,Immature,True,1.0
C:\Users\vitor\.cache\kagglehub\datasets\sujitraarw\coffee-green-bean-with-17-defects-original\versions\1\Immature\Immature_52.jpg,Immature,9,Immature,True,1.0
C:\Users\vitor\.cache\kagglehub\datasets\sujitraarw\coffee-green-bean-with-17-defects-original\versions\1\Immature\Immature_53.jpg,Immature,9,Immature,True,1.0
C:\Users\vitor\.cache\kagglehub\datasets\sujitraarw\coffee-green-bean-with-17-defects-original\versions\1\Immature\Immature_54.jpg,Immature,9,Immature,True,1.0
C:\Users\vitor\.cache\kagglehub\datasets\sujitraarw\coffee-green-bean-with-17-defects-original\versions\1\Immature\Immature_55.jpg,Immature,9,Immature,True,1.0
C:\Users\vitor\.cache\kagglehub\datasets\sujitraarw\coffee-green-bean-with-17-defects-original\versions\1\Immature\Immature_56.jpg,Immature,9,Immature,True,1.0
C:\Users\vitor\.cache\kagglehub\datasets\sujitraarw\coffee-green-bean-with-17-defects-original\versions\1\Immature\Immature_57.jpg,Immature,9,Immature,True,1.0
C:\Users\vitor\.cache\kagglehub\datasets\sujitraarw\coffee-green-bean-with-17-defects-original\versions\1\Immature\Immature_58.jpg,Immature,9,Immature,True,1.0
C:\Users\vitor\.cache\kagglehub\datasets\sujitraarw\coffee-green-bean-with-17-defects-original\versions\1\Immature\Immature_59.jpg,Immature,9,Immature,True,1.0
C:\Users\vitor\.cache\kagglehub\datasets\sujitraarw\coffee-green-bean-with-17-defects-original\versions\1\Immature\Immature_60.jpg,Immature,9,Immature,True,1.0
C:\Users\vitor\.cache\kagglehub\datasets\sujitraarw\coffee-green-bean-with-17-defects-original\versions\1\Immature\Immature_61.jpg,Immature,9,Immature,True,1.0
C:\Users\vitor\.cache\kagglehub\datasets\sujitraarw\coffee-green-bean-with-17-defects-original\versions\1\Immature\Immature_62.jpg,Immature,9,Immature,True,1.0
C:\Users\vitor\.cache\kagglehub\datasets\sujitraarw\coffee-green-bean-with-17-defects-original\versions\1\Immature\Immature_63.jpg,Immature,9,Immature,True,1.0
C:\Users\vitor\.cache\kagglehub\datasets\sujitraarw\coffee-green-bean-with-17-defects-original\versions\1\Immature\Immature_64.jpg,Immature,9,Immature,True,1.0
C:\Users\vitor\.cache\kagglehub\datasets\sujitraarw\coffee-green-bean-with-17-defects-original\versions\1\Immature\Immature_65.jpg,Immature,9,Immature,True,1.0
C:\Users\vitor\.cache\kagglehub\datasets\sujitraarw\coffee-green-bean-with-17-defects-original\versions\1\Immature\Immature_66.jpg,Immature,9,Immature,True,1.0
C:\Users\vitor\.cache\kagglehub\datasets\sujitraarw\coffee-green-bean-with-17-defects-original\versions\1\Immature\Immature_67.jpg,Immature,9,Immature,True,1.0
C:\Users\vitor\.cache\kagglehub\datasets\sujitraarw\coffee-green-bean-with-17-defects-original\versions\1\Immature\Immature_68.jpg,Immature,9,Immature,True,1.0
C:\Users\vitor\.cache\kagglehub\datasets\sujitraarw\coffee-green-bean-with-17-defects-original\versions\1\Immature\Immature_69.jpg,Immature,9,Immature,True,1.0
C:\Users\vitor\.cache\kagglehub\datasets\sujitraarw\coffee-green-bean-with-17-defects-original\versions\1\Immature\Immature_70.jpg,Immature,9,Immature,True,1.0
C:\Users\vitor\.cache\kagglehub\datasets\sujitraarw\coffee-green-bean-with-17-defects-original\versions\1\Immature\Immature_71.jpg,Immature,9,Immature,True,1.0
C:\Users\vitor\.cache\kagglehub\datasets\sujitraarw\coffee-green-bean-with-17-defects-original\versions\1\Immature\Immature_72.jpg,Immature,9,Immature,True,1.0
C:\Users\vitor\.cache\kagglehub\datasets\sujitraarw\coffee-green-bean-with-17-defects-original\versions\1\Immature\Immature_73.jpg,Immature,9,Immature,True,1.0
C:\Users\vitor\.cache\kagglehub\datasets\sujitraarw\coffee-green-bean-with-17-defects-original\versions\1\Immature\Immature_74.jpg,Immature,9,Immature,True,1.0
C:\Users\vitor\.cache\kagglehub\datasets\sujitraarw\coffee-green-bean-with-17-defects-original\versions\1\Immature\Immature_75.jpg,Immature,9,Immature,True,1.0
C:\Users\vitor\.cache\kagglehub\datasets\sujitraarw\coffee-green-bean-with-17-defects-original\versions\1\Immature\Immature_76.jpg,Immature,9,Immature,True,1.0
C:\Users\vitor\.cache\kagglehub\datasets\sujitraarw\coffee-green-bean-with-17-defects-original\versions\1\Immature\Immature_77.jpg,Immature,9,Immature,True,1.0
C:\Users\vitor\.cache\kagglehub\datasets\sujitraarw\coffee-green-bean-with-17-defects-original\versions\1\Immature\Immature_78.jpg,Immature,9,Immature,True,1.0
C:\Users\vitor\.cache\kagglehub\datasets\sujitraarw\coffee-green-bean-with-17-defects-original\versions\1\Parchment\Parchment_01.jpg,Parchment,10,Parchment,True,1.0
C:\Users\vitor\.cache\kagglehub\datasets\sujitraarw\coffee-green-bean-with-17-defects-original\versions\1\Parchment\Parchment_02.jpg,Parchment,10,Parchment,True,1.0
C:\Users\vitor\.cache\kagglehub\datasets\sujitraarw\coffee-green-bean-with-17-defects-original\versions\1\Parchment\Parchment_03.jpg,Parchment,10,Parchment,True,1.0
C:\Users\vitor\.cache\kagglehub\datasets\sujitraarw\coffee-green-bean-with-17-defects-original\versions\1\Parchment\Parchment_04.jpg,Parchment,10,Parchment,True,1.0
C:\Users\vitor\.cache\kagglehub\datasets\sujitraarw\coffee-green-bean-with-17-defects-original\versions\1\Parchment\Parchment_05.jpg,Parchment,10,Parchment,True,1.0
C:\Users\vitor\.cache\kagglehub\datasets\sujitraarw\coffee-green-bean-with-17-defects-original\versions\1\Parchment\Parchment_06.jpg,Parchment,10,Parchment,True,1.0
C:\Users\vitor\.cache\kagglehub\datasets\sujitraarw\coffee-green-bean-with-17-defects-original\versions\1\Parchment\Parchment_07.jpg,Parchment,10,Parchment,True,1.0
C:\Users\vitor\.cache\kagglehub\datasets\sujitraarw\coffee-green-bean-with-17-defects-original\versions\1\Parchment\Parchment_08.jpg,Parchment,10,Parchment,True,1.0
C:\Users\vitor\.cache\kagglehub\datasets\sujitraarw\coffee-green-bean-with-17-defects-original\versions\1\Parchment\Parchment_09.jpg,Parchment,10,Parchment,True,1.0
C:\Users\vitor\.cache\kagglehub\datasets\sujitraarw\coffee-green-bean-with-17-defects-original\versions\1\Parchment\Parchment_10.jpg,Parchment,10,Parchment,True,1.0
C:\Users\vitor\.cache\kagglehub\datasets\sujitraarw\coffee-green-bean-with-17-defects-original\versions\1\Parchment\Parchment_11.jpg,Parchment,10,Parchment,True,1.0
C:\Users\vitor\.cache\kagglehub\datasets\sujitraarw\coffee-green-bean-with-17-defects-original\versions\1\Parchment\Parchment_12.jpg,Parchment,10,Parchment,True,1.0
C:\Users\vitor\.cache\kagglehub\datasets\sujitraarw\coffee-green-bean-with-17-defects-original\versions\1\Parchment\Parchment_13.jpg,Parchment,10,Parchment,True,1.0
C:\Users\vitor\.cache\kagglehub\datasets\sujitraarw\coffee-green-bean-with-17-defects-original\versions\1\Parchment\Parchment_14.jpg,Parchment,10,Parchment,True,1.0
C:\Users\vitor\.cache\kagglehub\datasets\sujitraarw\coffee-green-bean-with-17-defects-original\versions\1\Parchment\Parchment_15.jpg,Parchment,10,Parchment,True,1.0
C:\Users\vitor\.cache\kagglehub\datasets\sujitraarw\coffee-green-bean-with-17-defects-original\versions\1\Parchment\Parchment_16.jpg,Parchment,10,Parchment,True,1.0
C:\Users\vitor\.cache\kagglehub\datasets\sujitraarw\coffee-green-bean-with-17-defects-original\versions\1\Parchment\Parchment_17.jpg,Parchment,10,Parchment,True,1.0
C:\Users\vitor\.cache\kagglehub\datasets\sujitraarw\coffee-green-bean-with-17-defects-original\versions\1\Parchment\Parchment_18.jpg,Parchment,10,Parchment,True,1.0
C:\Users\vitor\.cache\kagglehub\datasets\sujitraarw\coffee-green-bean-with-17-defects-original\versions\1\Parchment\Parchment_19.jpg,Parchment,10,Parchment,True,1.0
C:\Users\vitor\.cache\kagglehub\datasets\sujitraarw\coffee-green-bean-with-17-defects-original\versions\1\Parchment\Parchment_20.jpg,Parchment,10,Parchment,True,1.0
C:\Users\vitor\.cache\kagglehub\datasets\sujitraarw\coffee-green-bean-with-17-defects-original\versions\1\Parchment\Parchment_21.jpg,Parchment,10,Parchment,True,1.0
C:\Users\vitor\.cache\kagglehub\datasets\sujitraarw\coffee-green-bean-with-17-defects-original\versions\1\Parchment\Parchment_22.jpg,Parchment,10,Parchment,True,1.0
C:\Users\vitor\.cache\kagglehub\datasets\sujitraarw\coffee-green-bean-with-17-defects-original\versions\1\Parchment\Parchment_23.jpg,Parchment,10,Parchment,True,1.0
C:\Users\vitor\.cache\kagglehub\datasets\sujitraarw\coffee-green-bean-with-17-defects-original\versions\1\Parchment\Parchment_24.jpg,Parchment,10,Parchment,True,1.0
C:\Users\vitor\.cache\kagglehub\datasets\sujitraarw\coffee-green-bean-with-17-defects-original\versions\1\Parchment\Parchment_25.jpg,Parchment,10,Parchment,True,1.0
C:\Users\vitor\.cache\kagglehub\datasets\sujitraarw\coffee-green-bean-with-17-defects-original\versions\1\Parchment\Parchment_26.jpg,Parchment,10,Parchment,True,1.0
C:\Users\vitor\.cache\kagglehub\datasets\sujitraarw\coffee-green-bean-with-17-defects-original\versions\1\Parchment\Parchment_27.jpg,Parchment,10,Parchment,True,1.0
C:\Users\vitor\.cache\kagglehub\datasets\sujitraarw\coffee-green-bean-with-17-defects-original\versions\1\Parchment\Parchment_28.jpg,Parchment,10,Parchment,True,1.0
C:\Users\vitor\.cache\kagglehub\datasets\sujitraarw\coffee-green-bean-with-17-defects-original\versions\1\Parchment\Parchment_29.jpg,Parchment,10,Parchment,True,1.0
C:\Users\vitor\.cache\kagglehub\datasets\sujitraarw\coffee-green-bean-with-17-defects-original\versions\1\Parchment\Parchment_30.jpg,Parchment,10,Parchment,True,1.0
C:\Users\vitor\.cache\kagglehub\datasets\sujitraarw\coffee-green-bean-with-17-defects-original\versions\1\Parchment\Parchment_31.jpg,Parchment,10,Parchment,True,1.0
C:\Users\vitor\.cache\kagglehub\datasets\sujitraarw\coffee-green-bean-with-17-defects-original\versions\1\Parchment\Parchment_32.jpg,Parchment,10,Parchment,True,1.0
C:\Users\vitor\.cache\kagglehub\datasets\sujitraarw\coffee-green-bean-with-17-defects-original\versions\1\Parchment\Parchment_33.jpg,Parchment,10,Parchment,True,1.0
C:\Users\vitor\.cache\kagglehub\datasets\sujitraarw\coffee-green-bean-with-17-defects-original\versions\1\Parchment\Parchment_34.jpg,Parchment,10,Parchment,True,1.0
C:\Users\vitor\.cache\kagglehub\datasets\sujitraarw\coffee-green-bean-with-17-defects-original\versions\1\Parchment\Parchment_35.jpg,Parchment,10,Parchment,True,1.0
C:\Users\vitor\.cache\kagglehub\datasets\sujitraarw\coffee-green-bean-with-17-defects-original\versions\1\Parchment\Parchment_36.jpg,Parchment,10,Parchment,True,1.0
C:\Users\vitor\.cache\kagglehub\datasets\sujitraarw\coffee-green-bean-with-17-defects-original\versions\1\Parchment\Parchment_37.jpg,Parchment,10,Parchment,True,1.0
C:\Users\vitor\.cache\kagglehub\datasets\sujitraarw\coffee-green-bean-with-17-defects-original\versions\1\Parchment\Parchment_38.jpg,Parchment,10,Parchment,True,1.0
C:\Users\vitor\.cache\kagglehub\datasets\sujitraarw\coffee-green-bean-with-17-defects-original\versions\1\Parchment\Parchment_39.jpg,Parchment,10,Parchment,True,1.0
C:\Users\vitor\.cache\kagglehub\datasets\sujitraarw\coffee-green-bean-with-17-defects-original\versions\1\Parchment\Parchment_40.jpg,Parchment,10,Parchment,True,1.0
C:\Users\vitor\.cache\kagglehub\datasets\sujitraarw\coffee-green-bean-with-17-defects-original\versions\1\Parchment\Parchment_41.jpg,Parchment,10,Parchment,True,1.0
C:\Users\vitor\.cache\kagglehub\datasets\sujitraarw\coffee-green-bean-with-17-defects-original\versions\1\Parchment\Parchment_42.jpg,Parchment,10,Parchment,True,1.0
C:\Users\vitor\.cache\kagglehub\datasets\sujitraarw\coffee-green-bean-with-17-defects-original\versions\1\Parchment\Parchment_43.jpg,Parchment,10,Parchment,True,1.0
C:\Users\vitor\.cache\kagglehub\datasets\sujitraarw\coffee-green-bean-with-17-defects-original\versions\1\Parchment\Parchment_44.jpg,Parchment,10,Parchment,True,1.0
C:\Users\vitor\.cache\kagglehub\datasets\sujitraarw\coffee-green-bean-with-17-defects-original\versions\1\Parchment\Parchment_45.jpg,Parchment,10,Parchment,True,1.0
C:\Users\vitor\.cache\kagglehub\datasets\sujitraarw\coffee-green-bean-with-17-defects-original\versions\1\Parchment\Parchment_46.jpg,Parchment,10,Parchment,True,1.0
C:\Users\vitor\.cache\kagglehub\datasets\sujitraarw\coffee-green-bean-with-17-defects-original\versions\1\Parchment\Parchment_47.jpg,Parchment,10,Parchment,True,1.0
C:\Users\vitor\.cache\kagglehub\datasets\sujitraarw\coffee-green-bean-with-17-defects-original\versions\1\Parchment\Parchment_48.jpg,Parchment,10,Parchment,True,1.0
C:\Users\vitor\.cache\kagglehub\datasets\sujitraarw\coffee-green-bean-with-17-defects-original\versions\1\Parchment\Parchment_49.jpg,Parchment,10,Parchment,True,1.0
C:\Users\vitor\.cache\kagglehub\datasets\sujitraarw\coffee-green-bean-with-17-defects-original\versions\1\Parchment\Parchment_50.jpg,Parchment,10,Parchment,True,1.0
C:\Users\vitor\.cache\kagglehub\datasets\sujitraarw\coffee-green-bean-with-17-defects-original\versions\1\Parchment\Parchment_51.jpg,Parchment,10,Parchment,True,1.0
C:\Users\vitor\.cache\kagglehub\datasets\sujitraarw\coffee-green-bean-with-17-defects-original\versions\1\Parchment\Parchment_52.jpg,Parchment,10,Parchment,True,1.0
C:\Users\vitor\.cache\kagglehub\datasets\sujitraarw\coffee-green-bean-with-17-defects-original\versions\1\Parchment\Parchment_53.jpg,Parchment,10,Parchment,True,1.0
C:\Users\vitor\.cache\kagglehub\datasets\sujitraarw\coffee-green-bean-with-17-defects-original\versions\1\Parchment\Parchment_54.jpg,Parchment,10,Parchment,True,1.0
C:\Users\vitor\.cache\kagglehub\datasets\sujitraarw\coffee-green-bean-with-17-defects-original\versions\1\Parchment\Parchment_01.jpg,Parchment,10,Parchment,True,1.0
C:\Users\vitor\.cache\kagglehub\datasets\sujitraarw\coffee-green-bean-with-17-defects-original\versions\1\Parchment\Parchment_02.jpg,Parchment,10,Parchment,True,1.0
C:\Users\vitor\.cache\kagglehub\datasets\sujitraarw\coffee-green-bean-with-17-defects-original\versions\1\Parchment\Parchment_03.jpg,Parchment,10,Parchment,True,1.0
C:\Users\vitor\.cache\kagglehub\datasets\sujitraarw\coffee-green-bean-with-17-defects-original\versions\1\Parchment\Parchment_04.jpg,Parchment,10,Parchment,True,1.0
C:\Users\vitor\.cache\kagglehub\datasets\sujitraarw\coffee-green-bean-with-17-defects-original\versions\1\Parchment\Parchment_05.jpg,Parchment,10,Parchment,True,1.0
C:\Users\vitor\.cache\kagglehub\datasets\sujitraarw\coffee-green-bean-with-17-defects-original\versions\1\Parchment\Parchment_06.jpg,Parchment,10,Parchment,True,1.0
C:\Users\vitor\.cache\kagglehub\datasets\sujitraarw\coffee-green-bean-with-17-defects-original\versions\1\Parchment\Parchment_07.jpg,Parchment,10,Parchment,True,1.0
C:\Users\vitor\.cache\kagglehub\datasets\sujitraarw\coffee-green-bean-with-17-defects-original\versions\1\Parchment\Parchment_08.jpg,Parchment,10,Parchment,True,1.0
C:\Users\vitor\.cache\kagglehub\datasets\sujitraarw\coffee-green-bean-with-17-defects-original\versions\1\Parchment\Parchment_09.jpg,Parchment,10,Parchment,True,1.0
C:\Users\vitor\.cache\kagglehub\datasets\sujitraarw\coffee-green-bean-with-17-defects-original\versions\1\Parchment\Parchment_10.jpg,Parchment,10,Parchment,True,1.0
C:\Users\vitor\.cache\kagglehub\datasets\sujitraarw\coffee-green-bean-with-17-defects-original\versions\1\Parchment\Parchment_11.jpg,Parchment,10,Parchment,True,1.0
C:\Users\vitor\.cache\kagglehub\datasets\sujitraarw\coffee-green-bean-with-17-defects-original\versions\1\Parchment\Parchment_12.jpg,Parchment,10,Parchment,True,1.0
C:\Users\vitor\.cache\kagglehub\datasets\sujitraarw\coffee-green-bean-with-17-defects-original\versions\1\Parchment\Parchment_13.jpg,Parchment,10,Parchment,True,1.0
C:\Users\vitor\.cache\kagglehub\datasets\sujitraarw\coffee-green-bean-with-17-defects-original\versions\1\Parchment\Parchment_14.jpg,Parchment,10,Parchment,True,1.0
C:\Users\vitor\.cache\kagglehub\datasets\sujitraarw\coffee-green-bean-with-17-defects-original\versions\1\Parchment\Parchment_15.jpg,Parchment,10,Parchment,True,1.0
C:\Users\vitor\.cache\kagglehub\datasets\sujitraarw\coffee-green-bean-with-17-defects-original\versions\1\Parchment\Parchment_16.jpg,Parchment,10,Parchment,True,1.0
C:\Users\vitor\.cache\kagglehub\datasets\sujitraarw\coffee-green-bean-with-17-defects-original\versions\1\Parchment\Parchment_17.jpg,Parchment,10,Parchment,True,1.0
C:\Users\vitor\.cache\kagglehub\datasets\sujitraarw\coffee-green-bean-with-17-defects-original\versions\1\Parchment\Parchment_18.jpg,Parchment,10,Parchment,True,1.0
C:\Users\vitor\.cache\kagglehub\datasets\sujitraarw\coffee-green-bean-with-17-defects-original\versions\1\Parchment\Parchment_19.jpg,Parchment,10,Parchment,True,1.0
C:\Users\vitor\.cache\kagglehub\datasets\sujitraarw\coffee-green-bean-with-17-defects-original\versions\1\Parchment\Parchment_20.jpg,Parchment,10,Parchment,True,1.0
C:\Users\vitor\.cache\kagglehub\datasets\sujitraarw\coffee-green-bean-with-17-defects-original\versions\1\Parchment\Parchment_21.jpg,Parchment,10,Parchment,True,1.0
C:\Users\vitor\.cache\kagglehub\datasets\sujitraarw\coffee-green-bean-with-17-defects-original\versions\1\Parchment\Parchment_22.jpg,Parchment,10,Parchment,True,1.0
C:\Users\vitor\.cache\kagglehub\datasets\sujitraarw\coffee-green-bean-with-17-defects-original\versions\1\Parchment\Parchment_23.jpg,Parchment,10,Parchment,True,1.0
C:\Users\vitor\.cache\kagglehub\datasets\sujitraarw\coffee-green-bean-with-17-defects-original\versions\1\Parchment\Parchment_24.jpg,Parchment,10,Parchment,True,1.0
C:\Users\vitor\.cache\kagglehub\datasets\sujitraarw\coffee-green-bean-with-17-defects-original\versions\1\Parchment\Parchment_25.jpg,Parchment,10,Parchment,True,1.0
C:\Users\vitor\.cache\kagglehub\datasets\sujitraarw\coffee-green-bean-with-17-defects-original\versions\1\Parchment\Parchment_26.jpg,Parchment,10,Parchment,True,1.0
C:\Users\vitor\.cache\kagglehub\datasets\sujitraarw\coffee-green-bean-with-17-defects-original\versions\1\Parchment\Parchment_27.jpg,Parchment,10,Parchment,True,1.0
C:\Users\vitor\.cache\kagglehub\datasets\sujitraarw\coffee-green-bean-with-17-defects-original\versions\1\Parchment\Parchment_28.jpg,Parchment,10,Parchment,True,1.0
C:\Users\vitor\.cache\kagglehub\datasets\sujitraarw\coffee-green-bean-with-17-defects-original\versions\1\Parchment\Parchment_29.jpg,Parchment,10,Parchment,True,1.0
C:\Users\vitor\.cache\kagglehub\datasets\sujitraarw\coffee-green-bean-with-17-defects-original\versions\1\Parchment\Parchment_30.jpg,Parchment,10,Parchment,True,1.0
C:\Users\vitor\.cache\kagglehub\datasets\sujitraarw\coffee-green-bean-with-17-defects-original\versions\1\Parchment\Parchment_31.jpg,Parchment,10,Parchment,True,1.0
C:\Users\vitor\.cache\kagglehub\datasets\sujitraarw\coffee-green-bean-with-17-defects-original\versions\1\Parchment\Parchment_32.jpg,Parchment,10,Parchment,True,1.0
C:\Users\vitor\.cache\kagglehub\datasets\sujitraarw\coffee-green-bean-with-17-defects-original\versions\1\Parchment\Parchment_33.jpg,Parchment,10,Parchment,True,1.0
C:\Users\vitor\.cache\kagglehub\datasets\sujitraarw\coffee-green-bean-with-17-defects-original\versions\1\Parchment\Parchment_34.jpg,Parchment,10,Parchment,True,1.0
C:\Users\vitor\.cache\kagglehub\datasets\sujitraarw\coffee-green-bean-with-17-defects-original\versions\1\Parchment\Parchment_35.jpg,Parchment,10,Parchment,True,1.0
C:\Users\vitor\.cache\kagglehub\datasets\sujitraarw\coffee-green-bean-with-17-defects-original\versions\1\Parchment\Parchment_36.jpg,Parchment,10,Parchment,True,1.0
C:\Users\vitor\.cache\kagglehub\datasets\sujitraarw\coffee-green-bean-with-17-defects-original\versions\1\Parchment\Parchment_37.jpg,Parchment,10,Parchment,True,1.0
C:\Users\vitor\.cache\kagglehub\datasets\sujitraarw\coffee-green-bean-with-17-defects-original\versions\1\Parchment\Parchment_38.jpg,Parchment,10,Parchment,True,1.0
C:\Users\vitor\.cache\kagglehub\datasets\sujitraarw\coffee-green-bean-with-17-defects-original\versions\1\Parchment\Parchment_39.jpg,Parchment,10,Parchment,True,1.0
C:\Users\vitor\.cache\kagglehub\datasets\sujitraarw\coffee-green-bean-with-17-defects-original\versions\1\Parchment\Parchment_40.jpg,Parchment,10,Parchment,True,1.0
C:\Users\vitor\.cache\kagglehub\datasets\sujitraarw\coffee-green-bean-with-17-defects-original\versions\1\Parchment\Parchment_41.jpg,Parchment,10,Parchment,True,1.0
C:\Users\vitor\.cache\kagglehub\datasets\sujitraarw\coffee-green-bean-with-17-defects-original\versions\1\Parchment\Parchment_42.jpg,Parchment,10,Parchment,True,1.0
C:\Users\vitor\.cache\kagglehub\datasets\sujitraarw\coffee-green-bean-with-17-defects-original\versions\1\Parchment\Parchment_43.jpg,Parchment,10,Parchment,True,1.0
C:\Users\vitor\.cache\kagglehub\datasets\sujitraarw\coffee-green-bean-with-17-defects-original\versions\1\Parchment\Parchment_44.jpg,Parchment,10,Parchment,True,1.0
C:\Users\vitor\.cache\kagglehub\datasets\sujitraarw\coffee-green-bean-with-17-defects-original\versions\1\Parchment\Parchment_45.jpg,Parchment,10,Parchment,True,1.0
C:\Users\vitor\.cache\kagglehub\datasets\sujitraarw\coffee-green-bean-with-17-defects-original\versions\1\Parchment\Parchment_46.jpg,Parchment,10,Parchment,True,1.0
C:\Users\vitor\.cache\kagglehub\datasets\sujitraarw\coffee-green-bean-with-17-defects-original\versions\1\Parchment\Parchment_47.jpg,Parchment,10,Parchment,True,1.0
C:\Users\vitor\.cache\kagglehub\datasets\sujitraarw\coffee-green-bean-with-17-defects-original\versions\1\Parchment\Parchment_48.jpg,Parchment,10,Parchment,True,1.0
C:\Users\vitor\.cache\kagglehub\datasets\sujitraarw\coffee-green-bean-with-17-defects-original\versions\1\Parchment\Parchment_49.jpg,Parchment,10,Parchment,True,1.0
C:\Users\vitor\.cache\kagglehub\datasets\sujitraarw\coffee-green-bean-with-17-defects-original\versions\1\Parchment\Parchment_50.jpg,Parchment,10,Parchment,True,1.0
C:\Users\vitor\.cache\kagglehub\datasets\sujitraarw\coffee-green-bean-with-17-defects-original\versions\1\Parchment\Parchment_51.jpg,Parchment,10,Parchment,True,1.0
C:\Users\vitor\.cache\kagglehub\datasets\sujitraarw\coffee-green-bean-with-17-defects-original\versions\1\Parchment\Parchment_52.jpg,Parchment,10,Parchment,True,1.0
C:\Users\vitor\.cache\kagglehub\datasets\sujitraarw\coffee-green-bean-with-17-defects-original\versions\1\Parchment\Parchment_53.jpg,Parchment,10,Parchment,True,1.0
C:\Users\vitor\.cache\kagglehub\datasets\sujitraarw\coffee-green-bean-with-17-defects-original\versions\1\Parchment\Parchment_54.jpg,Parchment,10,Parchment,True,1.0
C:\Users\vitor\.cache\kagglehub\datasets\sujitraarw\coffee-green-bean-with-17-defects-original\versions\1\Partial Black\Partial Black_01.jpg,Partial Black,11,Partial Black,True,1.0
C:\Users\vitor\.cache\kagglehub\datasets\sujitraarw\coffee-green-bean-with-17-defects-original\versions\1\Partial Black\Partial Black_02.jpg,Partial Black,11,Partial Black,True,1.0
C:\Users\vitor\.cache\kagglehub\datasets\sujitraarw\coffee-green-bean-with-17-defects-original\versions\1\Partial Black\Partial Black_03.jpg,Partial Black,11,Partial Black,True,1.0
C:\Users\vitor\.cache\kagglehub\datasets\sujitraarw\coffee-green-bean-with-17-defects-original\versions\1\Partial Black\Partial Black_04.jpg,Partial Black,11,Partial Black,True,1.0
C:\Users\vitor\.cache\kagglehub\datasets\sujitraarw\coffee-green-bean-with-17-defects-original\versions\1\Partial Black\Partial Black_05.jpg,Partial Black,11,Partial Black,True,1.0
C:\Users\vitor\.cache\kagglehub\datasets\sujitraarw\coffee-green-bean-with-17-defects-original\versions\1\Partial Black\Partial Black_06.jpg,Partial Black,11,Partial Black,True,1.0
C:\Users\vitor\.cache\kagglehub\datasets\sujitraarw\coffee-green-bean-with-17-defects-original\versions\1\Partial Black\Partial Black_07.jpg,Partial Black,11,Partial Black,True,1.0
C:\Users\vitor\.cache\kagglehub\datasets\sujitraarw\coffee-green-bean-with-17-defects-original\versions\1\Partial Black\Partial Black_08.jpg,Partial Black,11,Partial Black,True,1.0
C:\Users\vitor\.cache\kagglehub\datasets\sujitraarw\coffee-green-bean-with-17-defects-original\versions\1\Partial Black\Partial Black_09.jpg,Partial Black,11,Partial Black,True,1.0
C:\Users\vitor\.cache\kagglehub\datasets\sujitraarw\coffee-green-bean-with-17-defects-original\versions\1\Partial Black\Partial Black_10.jpg,Partial Black,11,Partial Black,True,1.0
C:\Users\vitor\.cache\kagglehub\datasets\sujitraarw\coffee-green-bean-with-17-defects-original\versions\1\Partial Black\Partial Black_11.jpg,Partial Black,11,Partial Black,True,1.0
C:\Users\vitor\.cache\kagglehub\datasets\sujitraarw\coffee-green-bean-with-17-defects-original\versions\1\Partial Black\Partial Black_12.jpg,Partial Black,11,Partial Black,True,1.0
C:\Users\vitor\.cache\kagglehub\datasets\sujitraarw\coffee-green-bean-with-17-defects-original\versions\1\Partial Black\Partial Black_13.jpg,Partial Black,11,Partial Black,True,1.0
C:\Users\vitor\.cache\kagglehub\datasets\sujitraarw\coffee-green-bean-with-17-defects-original\versions\1\Partial Black\Partial Black_14.jpg,Partial Black,11,Partial Black,True,1.0
C:\Users\vitor\.cache\kagglehub\datasets\sujitraarw\coffee-green-bean-with-17-defects-original\versions\1\Partial Black\Partial Black_15.jpg,Partial Black,11,Partial Black,True,1.0
C:\Users\vitor\.cache\kagglehub\datasets\sujitraarw\coffee-green-bean-with-17-defects-original\versions\1\Partial Black\Partial Black_16.jpg,Partial Black,11,Partial Black,True,1.0
C:\Users\vitor\.cache\kagglehub\datasets\sujitraarw\coffee-green-bean-with-17-defects-original\versions\1\Partial Black\Partial Black_17.jpg,Partial Black,11,Partial Black,True,1.0
C:\Users\vitor\.cache\kagglehub\datasets\sujitraarw\coffee-green-bean-with-17-defects-original\versions\1\Partial Black\Partial Black_18.jpg,Partial Black,11,Partial Black,True,1.0
C:\Users\vitor\.cache\kagglehub\datasets\sujitraarw\coffee-green-bean-with-17-defects-original\versions\1\Partial Black\Partial Black_19.jpg,Partial Black,11,Partial Black,True,1.0
C:\Users\vitor\.cache\kagglehub\datasets\sujitraarw\coffee-green-bean-with-17-defects-original\versions\1\Partial Black\Partial Black_20.jpg,Partial Black,11,Partial Black,True,1.0
C:\Users\vitor\.cache\kagglehub\datasets\sujitraarw\coffee-green-bean-with-17-defects-original\versions\1\Partial Black\Partial Black_21.jpg,Partial Black,11,Partial Black,True,1.0
C:\Users\vitor\.cache\kagglehub\datasets\sujitraarw\coffee-green-bean-with-17-defects-original\versions\1\Partial Black\Partial Black_22.jpg,Partial Black,11,Partial Black,True,1.0
C:\Users\vitor\.cache\kagglehub\datasets\sujitraarw\coffee-green-bean-with-17-defects-original\versions\1\Partial Black\Partial Black_23.jpg,Partial Black,11,Partial Black,True,1.0
C:\Users\vitor\.cache\kagglehub\datasets\sujitraarw\coffee-green-bean-with-17-defects-original\versions\1\Partial Black\Partial Black_24.jpg,Partial Black,11,Partial Black,True,1.0
C:\Users\vitor\.cache\kagglehub\datasets\sujitraarw\coffee-green-bean-with-17-defects-original\versions\1\Partial Black\Partial Black_25.jpg,Partial Black,11,Partial Black,True,1.0
C:\Users\vitor\.cache\kagglehub\datasets\sujitraarw\coffee-green-bean-with-17-defects-original\versions\1\Partial Black\Partial Black_26.jpg,Partial Black,11,Partial Black,True,1.0
C:\Users\vitor\.cache\kagglehub\datasets\sujitraarw\coffee-green-bean-with-17-defects-original\versions\1\Partial Black\Partial Black_27.jpg,Partial Black,11,Partial Black,True,1.0
C:\Users\vitor\.cache\kagglehub\datasets\sujitraarw\coffee-green-bean-with-17-defects-original\versions\1\Partial Black\Partial Black_28.jpg,Partial Black,11,Partial Black,True,1.0
C:\Users\vitor\.cache\kagglehub\datasets\sujitraarw\coffee-green-bean-with-17-defects-original\versions\1\Partial Black\Partial Black_29.jpg,Partial Black,11,Partial Black,True,1.0
C:\Users\vitor\.cache\kagglehub\datasets\sujitraarw\coffee-green-bean-with-17-defects-original\versions\1\Partial Black\Partial Black_30.jpg,Partial Black,11,Partial Black,True,1.0
C:\Users\vitor\.cache\kagglehub\datasets\sujitraarw\coffee-green-bean-with-17-defects-original\versions\1\Partial Black\Partial Black_31.jpg,Partial Black,11,Partial Black,True,1.0
C:\Users\vitor\.cache\kagglehub\datasets\sujitraarw\coffee-green-bean-with-17-defects-original\versions\1\Partial Black\Partial Black_32.jpg,Partial Black,11,Partial Black,True,1.0
C:\Users\vitor\.cache\kagglehub\datasets\sujitraarw\coffee-green-bean-with-17-defects-original\versions\1\Partial Black\Partial Black_33.jpg,Partial Black,11,Partial Black,True,1.0
C:\Users\vitor\.cache\kagglehub\datasets\sujitraarw\coffee-green-bean-with-17-defects-original\versions\1\Partial Black\Partial Black_34.jpg,Partial Black,11,Partial Black,True,1.0
C:\Users\vitor\.cache\kagglehub\datasets\sujitraarw\coffee-green-bean-with-17-defects-original\versions\1\Partial Black\Partial Black_35.jpg,Partial Black,11,Partial Black,True,1.0
C:\Users\vitor\.cache\kagglehub\datasets\sujitraarw\coffee-green-bean-with-17-defects-original\versions\1\Partial Black\Partial Black_36.jpg,Partial Black,11,Partial Black,True,1.0
C:\Users\vitor\.cache\kagglehub\datasets\sujitraarw\coffee-green-bean-with-17-defects-original\versions\1\Partial Black\Partial Black_37.jpg,Partial Black,11,Partial Black,True,1.0
C:\Users\vitor\.cache\kagglehub\datasets\sujitraarw\coffee-green-bean-with-17-defects-original\versions\1\Partial Black\Partial Black_38.jpg,Partial Black,11,Partial Black,True,1.0
C:\Users\vitor\.cache\kagglehub\datasets\sujitraarw\coffee-green-bean-with-17-defects-original\versions\1\Partial Black\Partial Black_39.jpg,Partial Black,11,Partial Black,True,1.0
C:\Users\vitor\.cache\kagglehub\datasets\sujitraarw\coffee-green-bean-with-17-defects-original\versions\1\Partial Black\Partial Black_40.jpg,Partial Black,11,Partial Black,True,1.0
C:\Users\vitor\.cache\kagglehub\datasets\sujitraarw\coffee-green-bean-with-17-defects-original\versions\1\Partial Black\Partial Black_41.jpg,Partial Black,11,Partial Black,True,1.0
C:\Users\vitor\.cache\kagglehub\datasets\sujitraarw\coffee-green-bean-with-17-defects-original\versions\1\Partial Black\Partial Black_42.jpg,Partial Black,11,Partial Black,True,1.0
C:\Users\vitor\.cache\kagglehub\datasets\sujitraarw\coffee-green-bean-with-17-defects-original\versions\1\Partial Black\Partial Black_43.jpg,Partial Black,11,Partial Black,True,1.0
C:\Users\vitor\.cache\kagglehub\datasets\sujitraarw\coffee-green-bean-with-17-defects-original\versions\1\Partial Black\Partial Black_44.jpg,Partial Black,11,Partial Black,True,1.0
C:\Users\vitor\.cache\kagglehub\datasets\sujitraarw\coffee-green-bean-with-17-defects-original\versions\1\Partial Black\Partial Black_45.jpg,Partial Black,11,Partial Black,True,1.0
C:\Users\vitor\.cache\kagglehub\datasets\sujitraarw\coffee-green-bean-with-17-defects-original\versions\1\Partial Black\Partial Black_46.jpg,Partial Black,11,Partial Black,True,1.0
C:\Users\vitor\.cache\kagglehub\datasets\sujitraarw\coffee-green-bean-with-17-defects-original\versions\1\Partial Black\Partial Black_47.jpg,Partial Black,11,Partial Black,True,1.0
C:\Users\vitor\.cache\kagglehub\datasets\sujitraarw\coffee-green-bean-with-17-defects-original\versions\1\Partial Black\Partial Black_48.jpg,Partial Black,11,Partial Black,True,1.0
C:\Users\vitor\.cache\kagglehub\datasets\sujitraarw\coffee-green-bean-with-17-defects-original\versions\1\Partial Black\Partial Black_49.jpg,Partial Black,11,Partial Black,True,1.0
C:\Users\vitor\.cache\kagglehub\datasets\sujitraarw\coffee-green-bean-with-17-defects-original\versions\1\Partial Black\Partial Black_50.jpg,Partial Black,11,Partial Black,True,1.0
C:\Users\vitor\.cache\kagglehub\datasets\sujitraarw\coffee-green-bean-with-17-defects-original\versions\1\Partial Black\Partial Black_51.jpg,Partial Black,11,Partial Black,True,1.0
C:\Users\vitor\.cache\kagglehub\datasets\sujitraarw\coffee-green-bean-with-17-defects-original\versions\1\Partial Black\Partial Black_52.jpg,Partial Black,11,Partial Black,True,1.0
C:\Users\vitor\.cache\kagglehub\datasets\sujitraarw\coffee-green-bean-with-17-defects-original\versions\1\Partial Black\Partial Black_53.jpg,Partial Black,11,Partial Black,True,1.0
C:\Users\vitor\.cache\kagglehub\datasets\sujitraarw\coffee-green-bean-with-17-defects-original\versions\1\Partial Black\Partial Black_54.jpg,Partial Black,11,Partial Black,True,1.0
C:\Users\vitor\.cache\kagglehub\datasets\sujitraarw\coffee-green-bean-with-17-defects-original\versions\1\Partial Black\Partial Black_55.jpg,Partial Black,11,Partial Black,True,1.0
C:\Users\vitor\.cache\kagglehub\datasets\sujitraarw\coffee-green-bean-with-17-defects-original\versions\1\Partial Black\Partial Black_56.jpg,Partial Black,11,Partial Black,True,1.0
C:\Users\vitor\.cache\kagglehub\datasets\sujitraarw\coffee-green-bean-with-17-defects-original\versions\1\Partial Black\Partial Black_57.jpg,Partial Black,11,Partial Black,True,1.0
C:\Users\vitor\.cache\kagglehub\datasets\sujitraarw\coffee-green-bean-with-17-defects-original\versions\1\Partial Black\Partial Black_58.jpg,Partial Black,11,Partial Black,True,1.0
C:\Users\vitor\.cache\kagglehub\datasets\sujitraarw\coffee-green-bean-with-17-defects-original\versions\1\Partial Black\Partial Black_59.jpg,Partial Black,11,Partial Black,True,1.0
C:\Users\vitor\.cache\kagglehub\datasets\sujitraarw\coffee-green-bean-with-17-defects-original\versions\1\Partial Black\Partial Black_60.jpg,Partial Black,11,Partial Black,True,1.0
C:\Users\vitor\.cache\kagglehub\datasets\sujitraarw\coffee-green-bean-with-17-defects-original\versions\1\Partial Black\Partial Black_61.jpg,Partial Black,11,Partial Black,True,1.0
C:\Users\vitor\.cache\kagglehub\datasets\sujitraarw\coffee-green-bean-with-17-defects-original\versions\1\Partial Black\Partial Black_62.jpg,Partial Black,11,Partial Black,True,1.0
C:\Users\vitor\.cache\kagglehub\datasets\sujitraarw\coffee-green-bean-with-17-defects-original\versions\1\Partial Black\Partial Black_63.jpg,Partial Black,11,Partial Black,True,1.0
C:\Users\vitor\.cache\kagglehub\datasets\sujitraarw\coffee-green-bean-with-17-defects-original\versions\1\Partial Black\Partial Black_64.jpg,Partial Black,11,Partial Black,True,1.0
C:\Users\vitor\.cache\kagglehub\datasets\sujitraarw\coffee-green-bean-with-17-defects-original\versions\1\Partial Black\Partial Black_65.jpg,Partial Black,11,Partial Black,True,1.0
C:\Users\vitor\.cache\kagglehub\datasets\sujitraarw\coffee-green-bean-with-17-defects-original\versions\1\Partial Black\Partial Black_01.jpg,Partial Black,11,Partial Black,True,1.0
C:\Users\vitor\.cache\kagglehub\datasets\sujitraarw\coffee-green-bean-with-17-defects-original\versions\1\Partial Black\Partial Black_02.jpg,Partial Black,11,Partial Black,True,1.0
C:\Users\vitor\.cache\kagglehub\datasets\sujitraarw\coffee-green-bean-with-17-defects-original\versions\1\Partial Black\Partial Black_03.jpg,Partial Black,11,Partial Black,True,1.0
C:\Users\vitor\.cache\kagglehub\datasets\sujitraarw\coffee-green-bean-with-17-defects-original\versions\1\Partial Black\Partial Black_04.jpg,Partial Black,11,Partial Black,True,1.0
C:\Users\vitor\.cache\kagglehub\datasets\sujitraarw\coffee-green-bean-with-17-defects-original\versions\1\Partial Black\Partial Black_05.jpg,Partial Black,11,Partial Black,True,1.0
C:\Users\vitor\.cache\kagglehub\datasets\sujitraarw\coffee-green-bean-with-17-defects-original\versions\1\Partial Black\Partial Black_06.jpg,Partial Black,11,Partial Black,True,1.0
C:\Users\vitor\.cache\kagglehub\datasets\sujitraarw\coffee-green-bean-with-17-defects-original\versions\1\Partial Black\Partial Black_07.jpg,Partial Black,11,Partial Black,True,1.0
C:\Users\vitor\.cache\kagglehub\datasets\sujitraarw\coffee-green-bean-with-17-defects-original\versions\1\Partial Black\Partial Black_08.jpg,Partial Black,11,Partial Black,True,1.0
C:\Users\vitor\.cache\kagglehub\datasets\sujitraarw\coffee-green-bean-with-17-defects-original\versions\1\Partial Black\Partial Black_09.jpg,Partial Black,11,Partial Black,True,1.0
C:\Users\vitor\.cache\kagglehub\datasets\sujitraarw\coffee-green-bean-with-17-defects-original\versions\1\Partial Black\Partial Black_10.jpg,Partial Black,11,Partial Black,True,1.0
C:\Users\vitor\.cache\kagglehub\datasets\sujitraarw\coffee-green-bean-with-17-defects-original\versions\1\Partial Black\Partial Black_11.jpg,Partial Black,11,Partial Black,True,1.0
C:\Users\vitor\.cache\kagglehub\datasets\sujitraarw\coffee-green-bean-with-17-defects-original\versions\1\Partial Black\Partial Black_12.jpg,Partial Black,11,Partial Black,True,1.0
C:\Users\vitor\.cache\kagglehub\datasets\sujitraarw\coffee-green-bean-with-17-defects-original\versions\1\Partial Black\Partial Black_13.jpg,Partial Black,11,Partial Black,True,1.0
C:\Users\vitor\.cache\kagglehub\datasets\sujitraarw\coffee-green-bean-with-17-defects-original\versions\1\Partial Black\Partial Black_14.jpg,Partial Black,11,Partial Black,True,1.0
C:\Users\vitor\.cache\kagglehub\datasets\sujitraarw\coffee-green-bean-with-17-defects-original\versions\1\Partial Black\Partial Black_15.jpg,Partial Black,11,Partial Black,True,1.0
C:\Users\vitor\.cache\kagglehub\datasets\sujitraarw\coffee-green-bean-with-17-defects-original\versions\1\Partial Black\Partial Black_16.jpg,Partial Black,11,Partial Black,True,1.0
C:\Users\vitor\.cache\kagglehub\datasets\sujitraarw\coffee-green-bean-with-17-defects-original\versions\1\Partial Black\Partial Black_17.jpg,Partial Black,11,Partial Black,True,1.0
C:\Users\vitor\.cache\kagglehub\datasets\sujitraarw\coffee-green-bean-with-17-defects-original\versions\1\Partial Black\Partial Black_18.jpg,Partial Black,11,Partial Black,True,1.0
C:\Users\vitor\.cache\kagglehub\datasets\sujitraarw\coffee-green-bean-with-17-defects-original\versions\1\Partial Black\Partial Black_19.jpg,Partial Black,11,Partial Black,True,1.0
C:\Users\vitor\.cache\kagglehub\datasets\sujitraarw\coffee-green-bean-with-17-defects-original\versions\1\Partial Black\Partial Black_20.jpg,Partial Black,11,Partial Black,True,1.0
C:\Users\vitor\.cache\kagglehub\datasets\sujitraarw\coffee-green-bean-with-17-defects-original\versions\1\Partial Black\Partial Black_21.jpg,Partial Black,11,Partial Black,True,1.0
C:\Users\vitor\.cache\kagglehub\datasets\sujitraarw\coffee-green-bean-with-17-defects-original\versions\1\Partial Black\Partial Black_22.jpg,Partial Black,11,Partial Black,True,1.0
C:\Users\vitor\.cache\kagglehub\datasets\sujitraarw\coffee-green-bean-with-17-defects-original\versions\1\Partial Black\Partial Black_23.jpg,Partial Black,11,Partial Black,True,1.0
C:\Users\vitor\.cache\kagglehub\datasets\sujitraarw\coffee-green-bean-with-17-defects-original\versions\1\Partial Black\Partial Black_24.jpg,Partial Black,11,Partial Black,True,1.0
C:\Users\vitor\.cache\kagglehub\datasets\sujitraarw\coffee-green-bean-with-17-defects-original\versions\1\Partial Black\Partial Black_25.jpg,Partial Black,11,Partial Black,True,1.0
C:\Users\vitor\.cache\kagglehub\datasets\sujitraarw\coffee-green-bean-with-17-defects-original\versions\1\Partial Black\Partial Black_26.jpg,Partial Black,11,Partial Black,True,1.0
C:\Users\vitor\.cache\kagglehub\datasets\sujitraarw\coffee-green-bean-with-17-defects-original\versions\1\Partial Black\Partial Black_27.jpg,Partial Black,11,Partial Black,True,1.0
C:\Users\vitor\.cache\kagglehub\datasets\sujitraarw\coffee-green-bean-with-17-defects-original\versions\1\Partial Black\Partial Black_28.jpg,Partial Black,11,Partial Black,True,1.0
C:\Users\vitor\.cache\kagglehub\datasets\sujitraarw\coffee-green-bean-with-17-defects-original\versions\1\Partial Black\Partial Black_29.jpg,Partial Black,11,Partial Black,True,1.0
C:\Users\vitor\.cache\kagglehub\datasets\sujitraarw\coffee-green-bean-with-17-defects-original\versions\1\Partial Black\Partial Black_30.jpg,Partial Black,11,Partial Black,True,1.0
C:\Users\vitor\.cache\kagglehub\datasets\sujitraarw\coffee-green-bean-with-17-defects-original\versions\1\Partial Black\Partial Black_31.jpg,Partial Black,11,Partial Black,True,1.0
C:\Users\vitor\.cache\kagglehub\datasets\sujitraarw\coffee-green-bean-with-17-defects-original\versions\1\Partial Black\Partial Black_32.jpg,Partial Black,11,Partial Black,True,1.0
C:\Users\vitor\.cache\kagglehub\datasets\sujitraarw\coffee-green-bean-with-17-defects-original\versions\1\Partial Black\Partial Black_33.jpg,Partial Black,11,Partial Black,True,1.0
C:\Users\vitor\.cache\kagglehub\datasets\sujitraarw\coffee-green-bean-with-17-defects-original\versions\1\Partial Black\Partial Black_34.jpg,Partial Black,11,Partial Black,True,1.0
C:\Users\vitor\.cache\kagglehub\datasets\sujitraarw\coffee-green-bean-with-17-defects-original\versions\1\Partial Black\Partial Black_35.jpg,Partial Black,11,Partial Black,True,1.0
C:\Users\vitor\.cache\kagglehub\datasets\sujitraarw\coffee-green-bean-with-17-defects-original\versions\1\Partial Black\Partial Black_36.jpg,Partial Black,11,Partial Black,True,1.0
C:\Users\vitor\.cache\kagglehub\datasets\sujitraarw\coffee-green-bean-with-17-defects-original\versions\1\Partial Black\Partial Black_37.jpg,Partial Black,11,Partial Black,True,1.0
C:\Users\vitor\.cache\kagglehub\datasets\sujitraarw\coffee-green-bean-with-17-defects-original\versions\1\Partial Black\Partial Black_38.jpg,Partial Black,11,Partial Black,True,1.0
C:\Users\vitor\.cache\kagglehub\datasets\sujitraarw\coffee-green-bean-with-17-defects-original\versions\1\Partial Black\Partial Black_39.jpg,Partial Black,11,Partial Black,True,1.0
C:\Users\vitor\.cache\kagglehub\datasets\sujitraarw\coffee-green-bean-with-17-defects-original\versions\1\Partial Black\Partial Black_40.jpg,Partial Black,11,Partial Black,True,1.0
C:\Users\vitor\.cache\kagglehub\datasets\sujitraarw\coffee-green-bean-with-17-defects-original\versions\1\Partial Black\Partial Black_41.jpg,Partial Black,11,Partial Black,True,1.0
C:\Users\vitor\.cache\kagglehub\datasets\sujitraarw\coffee-green-bean-with-17-defects-original\versions\1\Partial Black\Partial Black_42.jpg,Partial Black,11,Partial Black,True,1.0
C:\Users\vitor\.cache\kagglehub\datasets\sujitraarw\coffee-green-bean-with-17-defects-original\versions\1\Partial Black\Partial Black_43.jpg,Partial Black,11,Partial Black,True,1.0
C:\Users\vitor\.cache\kagglehub\datasets\sujitraarw\coffee-green-bean-with-17-defects-original\versions\1\Partial Black\Partial Black_44.jpg,Partial Black,11,Partial Black,True,1.0
C:\Users\vitor\.cache\kagglehub\datasets\sujitraarw\coffee-green-bean-with-17-defects-original\versions\1\Partial Black\Partial Black_45.jpg,Partial Black,11,Partial Black,True,1.0
C:\Users\vitor\.cache\kagglehub\datasets\sujitraarw\coffee-green-bean-with-17-defects-original\versions\1\Partial Black\Partial Black_46.jpg,Partial Black,11,Partial Black,True,1.0
C:\Users\vitor\.cache\kagglehub\datasets\sujitraarw\coffee-green-bean-with-17-defects-original\versions\1\Partial Black\Partial Black_47.jpg,Partial Black,11,Partial Black,True,1.0
C:\Users\vitor\.cache\kagglehub\datasets\sujitraarw\coffee-green-bean-with-17-defects-original\versions\1\Partial Black\Partial Black_48.jpg,Partial Black,11,Partial Black,True,1.0
C:\Users\vitor\.cache\kagglehub\datasets\sujitraarw\coffee-green-bean-with-17-defects-original\versions\1\Partial Black\Partial Black_49.jpg,Partial Black,11,Partial Black,True,1.0
C:\Users\vitor\.cache\kagglehub\datasets\sujitraarw\coffee-green-bean-with-17-defects-original\versions\1\Partial Black\Partial Black_50.jpg,Partial Black,11,Partial Black,True,1.0
C:\Users\vitor\.cache\kagglehub\datasets\sujitraarw\coffee-green-bean-with-17-defects-original\versions\1\Partial Black\Partial Black_51.jpg,Partial Black,11,Partial Black,True,1.0
C:\Users\vitor\.cache\kagglehub\datasets\sujitraarw\coffee-green-bean-with-17-defects-original\versions\1\Partial Black\Partial Black_52.jpg,Partial Black,11,Partial Black,True,1.0
C:\Users\vitor\.cache\kagglehub\datasets\sujitraarw\coffee-green-bean-with-17-defects-original\versions\1\Partial Black\Partial Black_53.jpg,Partial Black,11,Partial Black,True,1.0
C:\Users\vitor\.cache\kagglehub\datasets\sujitraarw\coffee-green-bean-with-17-defects-original\versions\1\Partial Black\Partial Black_54.jpg,Partial Black,11,Partial Black,True,1.0
C:\Users\vitor\.cache\kagglehub\datasets\sujitraarw\coffee-green-bean-with-17-defects-original\versions\1\Partial Black\Partial Black_55.jpg,Partial Black,11,Partial Black,True,1.0
C:\Users\vitor\.cache\kagglehub\datasets\sujitraarw\coffee-green-bean-with-17-defects-original\versions\1\Partial Black\Partial Black_56.jpg,Partial Black,11,Partial Black,True,1.0
C:\Users\vitor\.cache\kagglehub\datasets\sujitraarw\coffee-green-bean-with-17-defects-original\versions\1\Partial Black\Partial Black_57.jpg,Partial Black,11,Partial Black,True,1.0
C:\Users\vitor\.cache\kagglehub\datasets\sujitraarw\coffee-green-bean-with-17-defects-original\versions\1\Partial Black\Partial Black_58.jpg,Partial Black,11,Partial Black,True,1.0
C:\Users\vitor\.cache\kagglehub\datasets\sujitraarw\coffee-green-bean-with-17-defects-original\versions\1\Partial Black\Partial Black_59.jpg,Partial Black,11,Partial Black,True,1.0
C:\Users\vitor\.cache\kagglehub\datasets\sujitraarw\coffee-green-bean-with-17-defects-original\versions\1\Partial Black\Partial Black_60.jpg,Partial Black,11,Partial Black,True,1.0
C:\Users\vitor\.cache\kagglehub\datasets\sujitraarw\coffee-green-bean-with-17-defects-original\versions\1\Partial Black\Partial Black_61.jpg,Partial Black,11,Partial Black,True,1.0
C:\Users\vitor\.cache\kagglehub\datasets\sujitraarw\coffee-green-bean-with-17-defects-original\versions\1\Partial Black\Partial Black_62.jpg,Partial Black,11,Partial Black,True,1.0
C:\Users\vitor\.cache\kagglehub\datasets\sujitraarw\coffee-green-bean-with-17-defects-original\versions\1\Partial Black\Partial Black_63.jpg,Partial Black,11,Partial Black,True,1.0
C:\Users\vitor\.cache\kagglehub\datasets\sujitraarw\coffee-green-bean-with-17-defects-original\versions\1\Partial Black\Partial Black_64.jpg,Partial Black,11,Partial Black,True,1.0
C:\Users\vitor\.cache\kagglehub\datasets\sujitraarw\coffee-green-bean-with-17-defects-original\versions\1\Partial Black\Partial Black_65.jpg,Partial Black,11,Partial Black,True,1.0
C:\Users\vitor\.cache\kagglehub\datasets\sujitraarw\coffee-green-bean-with-17-defects-original\versions\1\Partial Sour\Partial Sour_01.jpg,Partial Sour,12,Partial Sour,True,1.0
C:\Users\vitor\.cache\kagglehub\datasets\sujitraarw\coffee-green-bean-with-17-defects-original\versions\1\Partial Sour\Partial Sour_02.jpg,Partial Sour,12,Partial Sour,True,1.0
C:\Users\vitor\.cache\kagglehub\datasets\sujitraarw\coffee-green-bean-with-17-defects-original\versions\1\Partial Sour\Partial Sour_03.jpg,Partial Sour,12,Partial Sour,True,1.0
C:\Users\vitor\.cache\kagglehub\datasets\sujitraarw\coffee-green-bean-with-17-defects-original\versions\1\Partial Sour\Partial Sour_04.jpg,Partial Sour,12,Partial Sour,True,1.0
C:\Users\vitor\.cache\kagglehub\datasets\sujitraarw\coffee-green-bean-with-17-defects-original\versions\1\Partial Sour\Partial Sour_05.jpg,Partial Sour,12,Partial Sour,True,1.0
C:\Users\vitor\.cache\kagglehub\datasets\sujitraarw\coffee-green-bean-with-17-defects-original\versions\1\Partial Sour\Partial Sour_06.jpg,Partial Sour,12,Partial Sour,True,1.0
C:\Users\vitor\.cache\kagglehub\datasets\sujitraarw\coffee-green-bean-with-17-defects-original\versions\1\Partial Sour\Partial Sour_07.jpg,Partial Sour,12,Partial Sour,True,1.0
C:\Users\vitor\.cache\kagglehub\datasets\sujitraarw\coffee-green-bean-with-17-defects-original\versions\1\Partial Sour\Partial Sour_08.jpg,Partial Sour,12,Partial Sour,True,1.0
C:\Users\vitor\.cache\kagglehub\datasets\sujitraarw\coffee-green-bean-with-17-defects-original\versions\1\Partial Sour\Partial Sour_09.jpg,Partial Sour,12,Partial Sour,True,1.0
C:\Users\vitor\.cache\kagglehub\datasets\sujitraarw\coffee-green-bean-with-17-defects-original\versions\1\Partial Sour\Partial Sour_10.jpg,Partial Sour,12,Partial Sour,True,1.0
C:\Users\vitor\.cache\kagglehub\datasets\sujitraarw\coffee-green-bean-with-17-defects-original\versions\1\Partial Sour\Partial Sour_11.jpg,Partial Sour,12,Partial Sour,True,1.0
C:\Users\vitor\.cache\kagglehub\datasets\sujitraarw\coffee-green-bean-with-17-defects-original\versions\1\Partial Sour\Partial Sour_12.jpg,Partial Sour,12,Partial Sour,True,1.0
C:\Users\vitor\.cache\kagglehub\datasets\sujitraarw\coffee-green-bean-with-17-defects-original\versions\1\Partial Sour\Partial Sour_13.jpg,Partial Sour,12,Partial Sour,True,1.0
C:\Users\vitor\.cache\kagglehub\datasets\sujitraarw\coffee-green-bean-with-17-defects-original\versions\1\Partial Sour\Partial Sour_14.jpg,Partial Sour,12,Partial Sour,True,1.0
C:\Users\vitor\.cache\kagglehub\datasets\sujitraarw\coffee-green-bean-with-17-defects-original\versions\1\Partial Sour\Partial Sour_15.jpg,Partial Sour,12,Partial Sour,True,1.0
C:\Users\vitor\.cache\kagglehub\datasets\sujitraarw\coffee-green-bean-with-17-defects-original\versions\1\Partial Sour\Partial Sour_16.jpg,Partial Sour,12,Partial Sour,True,1.0
C:\Users\vitor\.cache\kagglehub\datasets\sujitraarw\coffee-green-bean-with-17-defects-original\versions\1\Partial Sour\Partial Sour_17.jpg,Partial Sour,12,Partial Sour,True,1.0
C:\Users\vitor\.cache\kagglehub\datasets\sujitraarw\coffee-green-bean-with-17-defects-original\versions\1\Partial Sour\Partial Sour_18.jpg,Partial Sour,12,Partial Sour,True,1.0
C:\Users\vitor\.cache\kagglehub\datasets\sujitraarw\coffee-green-bean-with-17-defects-original\versions\1\Partial Sour\Partial Sour_19.jpg,Partial Sour,12,Partial Sour,True,1.0
C:\Users\vitor\.cache\kagglehub\datasets\sujitraarw\coffee-green-bean-with-17-defects-original\versions\1\Partial Sour\Partial Sour_20.jpg,Partial Sour,12,Partial Sour,True,1.0
C:\Users\vitor\.cache\kagglehub\datasets\sujitraarw\coffee-green-bean-with-17-defects-original\versions\1\Partial Sour\Partial Sour_21.jpg,Partial Sour,12,Partial Sour,True,1.0
C:\Users\vitor\.cache\kagglehub\datasets\sujitraarw\coffee-green-bean-with-17-defects-original\versions\1\Partial Sour\Partial Sour_22.jpg,Partial Sour,12,Partial Sour,True,1.0
C:\Users\vitor\.cache\kagglehub\datasets\sujitraarw\coffee-green-bean-with-17-defects-original\versions\1\Partial Sour\Partial Sour_23.jpg,Partial Sour,12,Partial Sour,True,1.0
C:\Users\vitor\.cache\kagglehub\datasets\sujitraarw\coffee-green-bean-with-17-defects-original\versions\1\Partial Sour\Partial Sour_24.jpg,Partial Sour,12,Partial Sour,True,1.0
C:\Users\vitor\.cache\kagglehub\datasets\sujitraarw\coffee-green-bean-with-17-defects-original\versions\1\Partial Sour\Partial Sour_25.jpg,Partial Sour,12,Partial Sour,True,1.0
C:\Users\vitor\.cache\kagglehub\datasets\sujitraarw\coffee-green-bean-with-17-defects-original\versions\1\Partial Sour\Partial Sour_26.jpg,Partial Sour,12,Partial Sour,True,1.0
C:\Users\vitor\.cache\kagglehub\datasets\sujitraarw\coffee-green-bean-with-17-defects-original\versions\1\Partial Sour\Partial Sour_27.jpg,Partial Sour,12,Partial Sour,True,1.0
C:\Users\vitor\.cache\kagglehub\datasets\sujitraarw\coffee-green-bean-with-17-defects-original\versions\1\Partial Sour\Partial Sour_28.jpg,Partial Sour,12,Partial Sour,True,1.0
C:\Users\vitor\.cache\kagglehub\datasets\sujitraarw\coffee-green-bean-with-17-defects-original\versions\1\Partial Sour\Partial Sour_29.jpg,Partial Sour,12,Partial Sour,True,1.0
C:\Users\vitor\.cache\kagglehub\datasets\sujitraarw\coffee-green-bean-with-17-defects-original\versions\1\Partial Sour\Partial Sour_30.jpg,Partial Sour,12,Partial Sour,True,1.0
C:\Users\vitor\.cache\kagglehub\datasets\sujitraarw\coffee-green-bean-with-17-defects-original\versions\1\Partial Sour\Partial Sour_31.jpg,Partial Sour,12,Partial Sour,True,1.0
C:\Users\vitor\.cache\kagglehub\datasets\sujitraarw\coffee-green-bean-with-17-defects-original\versions\1\Partial Sour\Partial Sour_32.jpg,Partial Sour,12,Partial Sour,True,1.0
C:\Users\vitor\.cache\kagglehub\datasets\sujitraarw\coffee-green-bean-with-17-defects-original\versions\1\Partial Sour\Partial Sour_33.jpg,Partial Sour,12,Partial Sour,True,1.0
C:\Users\vitor\.cache\kagglehub\datasets\sujitraarw\coffee-green-bean-with-17-defects-original\versions\1\Partial Sour\Partial Sour_34.jpg,Partial Sour,12,Partial Sour,True,1.0
C:\Users\vitor\.cache\kagglehub\datasets\sujitraarw\coffee-green-bean-with-17-defects-original\versions\1\Partial Sour\Partial Sour_35.jpg,Partial Sour,12,Partial Sour,True,1.0
C:\Users\vitor\.cache\kagglehub\datasets\sujitraarw\coffee-green-bean-with-17-defects-original\versions\1\Partial Sour\Partial Sour_36.jpg,Partial Sour,12,Partial Sour,True,1.0
C:\Users\vitor\.cache\kagglehub\datasets\sujitraarw\coffee-green-bean-with-17-defects-original\versions\1\Partial Sour\Partial Sour_37.jpg,Partial Sour,12,Partial Sour,True,1.0
C:\Users\vitor\.cache\kagglehub\datasets\sujitraarw\coffee-green-bean-with-17-defects-original\versions\1\Partial Sour\Partial Sour_38.jpg,Partial Sour,12,Partial Sour,True,1.0
C:\Users\vitor\.cache\kagglehub\datasets\sujitraarw\coffee-green-bean-with-17-defects-original\versions\1\Partial Sour\Partial sour_39.jpg,Partial Sour,12,Partial Sour,True,1.0
C:\Users\vitor\.cache\kagglehub\datasets\sujitraarw\coffee-green-bean-with-17-defects-original\versions\1\Partial Sour\Partial Sour_40.jpg,Partial Sour,12,Partial Sour,True,1.0
C:\Users\vitor\.cache\kagglehub\datasets\sujitraarw\coffee-green-bean-with-17-defects-original\versions\1\Partial Sour\Partial Sour_41.jpg,Partial Sour,12,Partial Sour,True,1.0
C:\Users\vitor\.cache\kagglehub\datasets\sujitraarw\coffee-green-bean-with-17-defects-original\versions\1\Partial Sour\Partial Sour_42.jpg,Partial Sour,12,Partial Sour,True,1.0
C:\Users\vitor\.cache\kagglehub\datasets\sujitraarw\coffee-green-bean-with-17-defects-original\versions\1\Partial Sour\Partial Sour_43.jpg,Partial Sour,12,Partial Sour,True,1.0
C:\Users\vitor\.cache\kagglehub\datasets\sujitraarw\coffee-green-bean-with-17-defects-original\versions\1\Partial Sour\Partial Sour_44.jpg,Partial Sour,12,Partial Sour,True,1.0
C:\Users\vitor\.cache\kagglehub\datasets\sujitraarw\coffee-green-bean-with-17-defects-original\versions\1\Partial Sour\Partial Sour_45.jpg,Partial Sour,12,Partial Sour,True,1.0
C:\Users\vitor\.cache\kagglehub\datasets\sujitraarw\coffee-green-bean-with-17-defects-original\versions\1\Partial Sour\Partial Sour_46.jpg,Partial Sour,12,Partial Sour,True,1.0
C:\Users\vitor\.cache\kagglehub\datasets\sujitraarw\coffee-green-bean-with-17-defects-original\versions\1\Partial Sour\Partial Sour_47.jpg,Partial Sour,12,Partial Sour,True,1.0
C:\Users\vitor\.cache\kagglehub\datasets\sujitraarw\coffee-green-bean-with-17-defects-original\versions\1\Partial Sour\Partial Sour_48.jpg,Partial Sour,12,Partial Sour,True,1.0
C:\Users\vitor\.cache\kagglehub\datasets\sujitraarw\coffee-green-bean-with-17-defects-original\versions\1\Partial Sour\Partial Sour_49.jpg,Partial Sour,12,Partial Sour,True,1.0
C:\Users\vitor\.cache\kagglehub\datasets\sujitraarw\coffee-green-bean-with-17-defects-original\versions\1\Partial Sour\Partial Sour_50.jpg,Partial Sour,12,Partial Sour,True,1.0
C:\Users\vitor\.cache\kagglehub\datasets\sujitraarw\coffee-green-bean-with-17-defects-original\versions\1\Partial Sour\Partial Sour_01.jpg,Partial Sour,12,Partial Sour,True,1.0
C:\Users\vitor\.cache\kagglehub\datasets\sujitraarw\coffee-green-bean-with-17-defects-original\versions\1\Partial Sour\Partial Sour_02.jpg,Partial Sour,12,Partial Sour,True,1.0
C:\Users\vitor\.cache\kagglehub\datasets\sujitraarw\coffee-green-bean-with-17-defects-original\versions\1\Partial Sour\Partial Sour_03.jpg,Partial Sour,12,Partial Sour,True,1.0
C:\Users\vitor\.cache\kagglehub\datasets\sujitraarw\coffee-green-bean-with-17-defects-original\versions\1\Partial Sour\Partial Sour_04.jpg,Partial Sour,12,Partial Sour,True,1.0
C:\Users\vitor\.cache\kagglehub\datasets\sujitraarw\coffee-green-bean-with-17-defects-original\versions\1\Partial Sour\Partial Sour_05.jpg,Partial Sour,12,Partial Sour,True,1.0
C:\Users\vitor\.cache\kagglehub\datasets\sujitraarw\coffee-green-bean-with-17-defects-original\versions\1\Partial Sour\Partial Sour_06.jpg,Partial Sour,12,Partial Sour,True,1.0
C:\Users\vitor\.cache\kagglehub\datasets\sujitraarw\coffee-green-bean-with-17-defects-original\versions\1\Partial Sour\Partial Sour_07.jpg,Partial Sour,12,Partial Sour,True,1.0
C:\Users\vitor\.cache\kagglehub\datasets\sujitraarw\coffee-green-bean-with-17-defects-original\versions\1\Partial Sour\Partial Sour_08.jpg,Partial Sour,12,Partial Sour,True,1.0
C:\Users\vitor\.cache\kagglehub\datasets\sujitraarw\coffee-green-bean-with-17-defects-original\versions\1\Partial Sour\Partial Sour_09.jpg,Partial Sour,12,Partial Sour,True,1.0
C:\Users\vitor\.cache\kagglehub\datasets\sujitraarw\coffee-green-bean-with-17-defects-original\versions\1\Partial Sour\Partial Sour_10.jpg,Partial Sour,12,Partial Sour,True,1.0
C:\Users\vitor\.cache\kagglehub\datasets\sujitraarw\coffee-green-bean-with-17-defects-original\versions\1\Partial Sour\Partial Sour_11.jpg,Partial Sour,12,Partial Sour,True,1.0
C:\Users\vitor\.cache\kagglehub\datasets\sujitraarw\coffee-green-bean-with-17-defects-original\versions\1\Partial Sour\Partial Sour_12.jpg,Partial Sour,12,Partial Sour,True,1.0
C:\Users\vitor\.cache\kagglehub\datasets\sujitraarw\coffee-green-bean-with-17-defects-original\versions\1\Partial Sour\Partial Sour_13.jpg,Partial Sour,12,Partial Sour,True,1.0
C:\Users\vitor\.cache\kagglehub\datasets\sujitraarw\coffee-green-bean-with-17-defects-original\versions\1\Partial Sour\Partial Sour_14.jpg,Partial Sour,12,Partial Sour,True,1.0
C:\Users\vitor\.cache\kagglehub\datasets\sujitraarw\coffee-green-bean-with-17-defects-original\versions\1\Partial Sour\Partial Sour_15.jpg,Partial Sour,12,Partial Sour,True,1.0
C:\Users\vitor\.cache\kagglehub\datasets\sujitraarw\coffee-green-bean-with-17-defects-original\versions\1\Partial Sour\Partial Sour_16.jpg,Partial Sour,12,Partial Sour,True,1.0
C:\Users\vitor\.cache\kagglehub\datasets\sujitraarw\coffee-green-bean-with-17-defects-original\versions\1\Partial Sour\Partial Sour_17.jpg,Partial Sour,12,Partial Sour,True,1.0
C:\Users\vitor\.cache\kagglehub\datasets\sujitraarw\coffee-green-bean-with-17-defects-original\versions\1\Partial Sour\Partial Sour_18.jpg,Partial Sour,12,Partial Sour,True,1.0
C:\Users\vitor\.cache\kagglehub\datasets\sujitraarw\coffee-green-bean-with-17-defects-original\versions\1\Partial Sour\Partial Sour_19.jpg,Partial Sour,12,Partial Sour,True,1.0
C:\Users\vitor\.cache\kagglehub\datasets\sujitraarw\coffee-green-bean-with-17-defects-original\versions\1\Partial Sour\Partial Sour_20.jpg,Partial Sour,12,Partial Sour,True,1.0
C:\Users\vitor\.cache\kagglehub\datasets\sujitraarw\coffee-green-bean-with-17-defects-original\versions\1\Partial Sour\Partial Sour_21.jpg,Partial Sour,12,Partial Sour,True,1.0
C:\Users\vitor\.cache\kagglehub\datasets\sujitraarw\coffee-green-bean-with-17-defects-original\versions\1\Partial Sour\Partial Sour_22.jpg,Partial Sour,12,Partial Sour,True,1.0
C:\Users\vitor\.cache\kagglehub\datasets\sujitraarw\coffee-green-bean-with-17-defects-original\versions\1\Partial Sour\Partial Sour_23.jpg,Partial Sour,12,Partial Sour,True,1.0
C:\Users\vitor\.cache\kagglehub\datasets\sujitraarw\coffee-green-bean-with-17-defects-original\versions\1\Partial Sour\Partial Sour_24.jpg,Partial Sour,12,Partial Sour,True,1.0
C:\Users\vitor\.cache\kagglehub\datasets\sujitraarw\coffee-green-bean-with-17-defects-original\versions\1\Partial Sour\Partial Sour_25.jpg,Partial Sour,12,Partial Sour,True,1.0
C:\Users\vitor\.cache\kagglehub\datasets\sujitraarw\coffee-green-bean-with-17-defects-original\versions\1\Partial Sour\Partial Sour_26.jpg,Partial Sour,12,Partial Sour,True,1.0
C:\Users\vitor\.cache\kagglehub\datasets\sujitraarw\coffee-green-bean-with-17-defects-original\versions\1\Partial Sour\Partial Sour_27.jpg,Partial Sour,12,Partial Sour,True,1.0
C:\Users\vitor\.cache\kagglehub\datasets\sujitraarw\coffee-green-bean-with-17-defects-original\versions\1\Partial Sour\Partial Sour_28.jpg,Partial Sour,12,Partial Sour,True,1.0
C:\Users\vitor\.cache\kagglehub\datasets\sujitraarw\coffee-green-bean-with-17-defects-original\versions\1\Partial Sour\Partial Sour_29.jpg,Partial Sour,12,Partial Sour,True,1.0
C:\Users\vitor\.cache\kagglehub\datasets\sujitraarw\coffee-green-bean-with-17-defects-original\versions\1\Partial Sour\Partial Sour_30.jpg,Partial Sour,12,Partial Sour,True,1.0
C:\Users\vitor\.cache\kagglehub\datasets\sujitraarw\coffee-green-bean-with-17-defects-original\versions\1\Partial Sour\Partial Sour_31.jpg,Partial Sour,12,Partial Sour,True,1.0
C:\Users\vitor\.cache\kagglehub\datasets\sujitraarw\coffee-green-bean-with-17-defects-original\versions\1\Partial Sour\Partial Sour_32.jpg,Partial Sour,12,Partial Sour,True,1.0
C:\Users\vitor\.cache\kagglehub\datasets\sujitraarw\coffee-green-bean-with-17-defects-original\versions\1\Partial Sour\Partial Sour_33.jpg,Partial Sour,12,Partial Sour,True,1.0
C:\Users\vitor\.cache\kagglehub\datasets\sujitraarw\coffee-green-bean-with-17-defects-original\versions\1\Partial Sour\Partial Sour_34.jpg,Partial Sour,12,Partial Sour,True,1.0
C:\Users\vitor\.cache\kagglehub\datasets\sujitraarw\coffee-green-bean-with-17-defects-original\versions\1\Partial Sour\Partial Sour_35.jpg,Partial Sour,12,Partial Sour,True,1.0
C:\Users\vitor\.cache\kagglehub\datasets\sujitraarw\coffee-green-bean-with-17-defects-original\versions\1\Partial Sour\Partial Sour_36.jpg,Partial Sour,12,Partial Sour,True,1.0
C:\Users\vitor\.cache\kagglehub\datasets\sujitraarw\coffee-green-bean-with-17-defects-original\versions\1\Partial Sour\Partial Sour_37.jpg,Partial Sour,12,Partial Sour,True,1.0
C:\Users\vitor\.cache\kagglehub\datasets\sujitraarw\coffee-green-bean-with-17-defects-original\versions\1\Partial Sour\Partial Sour_38.jpg,Partial Sour,12,Partial Sour,True,1.0
C:\Users\vitor\.cache\kagglehub\datasets\sujitraarw\coffee-green-bean-with-17-defects-original\versions\1\Partial Sour\Partial sour_39.jpg,Partial Sour,12,Partial Sour,True,1.0
C:\Users\vitor\.cache\kagglehub\datasets\sujitraarw\coffee-green-bean-with-17-defects-original\versions\1\Partial Sour\Partial Sour_40.jpg,Partial Sour,12,Partial Sour,True,1.0
C:\Users\vitor\.cache\kagglehub\datasets\sujitraarw\coffee-green-bean-with-17-defects-original\versions\1\Partial Sour\Partial Sour_41.jpg,Partial Sour,12,Partial Sour,True,1.0
C:\Users\vitor\.cache\kagglehub\datasets\sujitraarw\coffee-green-bean-with-17-defects-original\versions\1\Partial Sour\Partial Sour_42.jpg,Partial Sour,12,Partial Sour,True,1.0
C:\Users\vitor\.cache\kagglehub\datasets\sujitraarw\coffee-green-bean-with-17-defects-original\versions\1\Partial Sour\Partial Sour_43.jpg,Partial Sour,12,Partial Sour,True,1.0
C:\Users\vitor\.cache\kagglehub\datasets\sujitraarw\coffee-green-bean-with-17-defects-original\versions\1\Partial Sour\Partial Sour_44.jpg,Partial Sour,12,Partial Sour,True,1.0
C:\Users\vitor\.cache\kagglehub\datasets\sujitraarw\coffee-green-bean-with-17-defects-original\versions\1\Partial Sour\Partial Sour_45.jpg,Partial Sour,12,Partial Sour,True,1.0
C:\Users\vitor\.cache\kagglehub\datasets\sujitraarw\coffee-green-bean-with-17-defects-original\versions\1\Partial Sour\Partial Sour_46.jpg,Partial Sour,12,Partial Sour,True,1.0
C:\Users\vitor\.cache\kagglehub\datasets\sujitraarw\coffee-green-bean-with-17-defects-original\versions\1\Partial Sour\Partial Sour_47.jpg,Partial Sour,12,Partial Sour,True,1.0
C:\Users\vitor\.cache\kagglehub\datasets\sujitraarw\coffee-green-bean-with-17-defects-original\versions\1\Partial Sour\Partial Sour_48.jpg,Partial Sour,12,Partial Sour,True,1.0
C:\Users\vitor\.cache\kagglehub\datasets\sujitraarw\coffee-green-bean-with-17-defects-original\versions\1\Partial Sour\Partial Sour_49.jpg,Partial Sour,12,Partial Sour,True,1.0
C:\Users\vitor\.cache\kagglehub\datasets\sujitraarw\coffee-green-bean-with-17-defects-original\versions\1\Partial Sour\Partial Sour_50.jpg,Partial Sour,12,Partial Sour,True,1.0
C:\Users\vitor\.cache\kagglehub\datasets\sujitraarw\coffee-green-bean-with-17-defects-original\versions\1\Severe Insect Damange\Severe Insect Damange_01.jpg,Severe Insect Damange,13,Severe Insect Damange,True,1.0
C:\Users\vitor\.cache\kagglehub\datasets\sujitraarw\coffee-green-bean-with-17-defects-original\versions\1\Severe Insect Damange\Severe Insect Damange_02.jpg,Severe Insect Damange,13,Severe Insect Damange,True,1.0
C:\Users\vitor\.cache\kagglehub\datasets\sujitraarw\coffee-green-bean-with-17-defects-original\versions\1\Severe Insect Damange\Severe Insect Damange_03.jpg,Severe Insect Damange,13,Severe Insect Damange,True,1.0
C:\Users\vitor\.cache\kagglehub\datasets\sujitraarw\coffee-green-bean-with-17-defects-original\versions\1\Severe Insect Damange\Severe Insect Damange_04.jpg,Severe Insect Damange,13,Severe Insect Damange,True,1.0
C:\Users\vitor\.cache\kagglehub\datasets\sujitraarw\coffee-green-bean-with-17-defects-original\versions\1\Severe Insect Damange\Severe Insect Damange_05.jpg,Severe Insect Damange,13,Severe Insect Damange,True,1.0
C:\Users\vitor\.cache\kagglehub\datasets\sujitraarw\coffee-green-bean-with-17-defects-original\versions\1\Severe Insect Damange\Severe Insect Damange_06.jpg,Severe Insect Damange,13,Severe Insect Damange,True,1.0
C:\Users\vitor\.cache\kagglehub\datasets\sujitraarw\coffee-green-bean-with-17-defects-original\versions\1\Severe Insect Damange\Severe Insect Damange_07.jpg,Severe Insect Damange,13,Severe Insect Damange,True,1.0
C:\Users\vitor\.cache\kagglehub\datasets\sujitraarw\coffee-green-bean-with-17-defects-original\versions\1\Severe Insect Damange\Severe Insect Damange_08.jpg,Severe Insect Damange,13,Severe Insect Damange,True,1.0
C:\Users\vitor\.cache\kagglehub\datasets\sujitraarw\coffee-green-bean-with-17-defects-original\versions\1\Severe Insect Damange\Severe Insect Damange_09.jpg,Severe Insect Damange,13,Severe Insect Damange,True,1.0
C:\Users\vitor\.cache\kagglehub\datasets\sujitraarw\coffee-green-bean-with-17-defects-original\versions\1\Severe Insect Damange\Severe Insect Damange_10.jpg,Severe Insect Damange,13,Severe Insect Damange,True,1.0
C:\Users\vitor\.cache\kagglehub\datasets\sujitraarw\coffee-green-bean-with-17-defects-original\versions\1\Severe Insect Damange\Severe Insect Damange_11.jpg,Severe Insect Damange,13,Severe Insect Damange,True,1.0
C:\Users\vitor\.cache\kagglehub\datasets\sujitraarw\coffee-green-bean-with-17-defects-original\versions\1\Severe Insect Damange\Severe Insect Damange_12.jpg,Severe Insect Damange,13,Severe Insect Damange,True,1.0
C:\Users\vitor\.cache\kagglehub\datasets\sujitraarw\coffee-green-bean-with-17-defects-original\versions\1\Severe Insect Damange\Severe Insect Damange_13.jpg,Severe Insect Damange,13,Severe Insect Damange,True,1.0
C:\Users\vitor\.cache\kagglehub\datasets\sujitraarw\coffee-green-bean-with-17-defects-original\versions\1\Severe Insect Damange\Severe Insect Damange_14.jpg,Severe Insect Damange,13,Severe Insect Damange,True,1.0
C:\Users\vitor\.cache\kagglehub\datasets\sujitraarw\coffee-green-bean-with-17-defects-original\versions\1\Severe Insect Damange\Severe Insect Damange_15.jpg,Severe Insect Damange,13,Severe Insect Damange,True,1.0
C:\Users\vitor\.cache\kagglehub\datasets\sujitraarw\coffee-green-bean-with-17-defects-original\versions\1\Severe Insect Damange\Severe Insect Damange_16.jpg,Severe Insect Damange,13,Severe Insect Damange,True,1.0
C:\Users\vitor\.cache\kagglehub\datasets\sujitraarw\coffee-green-bean-with-17-defects-original\versions\1\Severe Insect Damange\Severe Insect Damange_17.jpg,Severe Insect Damange,13,Severe Insect Damange,True,1.0
C:\Users\vitor\.cache\kagglehub\datasets\sujitraarw\coffee-green-bean-with-17-defects-original\versions\1\Severe Insect Damange\Severe Insect Damange_18.jpg,Severe Insect Damange,13,Severe Insect Damange,True,1.0
C:\Users\vitor\.cache\kagglehub\datasets\sujitraarw\coffee-green-bean-with-17-defects-original\versions\1\Severe Insect Damange\Severe Insect Damange_19.jpg,Severe Insect Damange,13,Severe Insect Damange,True,1.0
C:\Users\vitor\.cache\kagglehub\datasets\sujitraarw\coffee-green-bean-with-17-defects-original\versions\1\Severe Insect Damange\Severe Insect Damange_20.jpg,Severe Insect Damange,13,Severe Insect Damange,True,1.0
C:\Users\vitor\.cache\kagglehub\datasets\sujitraarw\coffee-green-bean-with-17-defects-original\versions\1\Severe Insect Damange\Severe Insect Damange_21.jpg,Severe Insect Damange,13,Severe Insect Damange,True,1.0
C:\Users\vitor\.cache\kagglehub\datasets\sujitraarw\coffee-green-bean-with-17-defects-original\versions\1\Severe Insect Damange\Severe Insect Damange_22.jpg,Severe Insect Damange,13,Severe Insect Damange,True,1.0
C:\Users\vitor\.cache\kagglehub\datasets\sujitraarw\coffee-green-bean-with-17-defects-original\versions\1\Severe Insect Damange\Severe Insect Damange_23.jpg,Severe Insect Damange,13,Severe Insect Damange,True,1.0
C:\Users\vitor\.cache\kagglehub\datasets\sujitraarw\coffee-green-bean-with-17-defects-original\versions\1\Severe Insect Damange\Severe Insect Damange_24.jpg,Severe Insect Damange,13,Severe Insect Damange,True,1.0
C:\Users\vitor\.cache\kagglehub\datasets\sujitraarw\coffee-green-bean-with-17-defects-original\versions\1\Severe Insect Damange\Severe Insect Damange_25.jpg,Severe Insect Damange,13,Severe Insect Damange,True,1.0
C:\Users\vitor\.cache\kagglehub\datasets\sujitraarw\coffee-green-bean-with-17-defects-original\versions\1\Severe Insect Damange\Severe Insect Damange_26.jpg,Severe Insect Damange,13,Severe Insect Damange,True,1.0
C:\Users\vitor\.cache\kagglehub\datasets\sujitraarw\coffee-green-bean-with-17-defects-original\versions\1\Severe Insect Damange\Severe Insect Damange_27.jpg,Severe Insect Damange,13,Severe Insect Damange,True,1.0
C:\Users\vitor\.cache\kagglehub\datasets\sujitraarw\coffee-green-bean-with-17-defects-original\versions\1\Severe Insect Damange\Severe Insect Damange_28.jpg,Severe Insect Damange,13,Severe Insect Damange,True,1.0
C:\Users\vitor\.cache\kagglehub\datasets\sujitraarw\coffee-green-bean-with-17-defects-original\versions\1\Severe Insect Damange\Severe Insect Damange_29.jpg,Severe Insect Damange,13,Severe Insect Damange,True,1.0
C:\Users\vitor\.cache\kagglehub\datasets\sujitraarw\coffee-green-bean-with-17-defects-original\versions\1\Severe Insect Damange\Severe Insect Damange_30.jpg,Severe Insect Damange,13,Severe Insect Damange,True,1.0
C:\Users\vitor\.cache\kagglehub\datasets\sujitraarw\coffee-green-bean-with-17-defects-original\versions\1\Severe Insect Damange\Severe Insect Damange_31.jpg,Severe Insect Damange,13,Severe Insect Damange,True,1.0
C:\Users\vitor\.cache\kagglehub\datasets\sujitraarw\coffee-green-bean-with-17-defects-original\versions\1\Severe Insect Damange\Severe Insect Damange_32.jpg,Severe Insect Damange,13,Severe Insect Damange,True,1.0
C:\Users\vitor\.cache\kagglehub\datasets\sujitraarw\coffee-green-bean-with-17-defects-original\versions\1\Severe Insect Damange\Severe Insect Damange_33.jpg,Severe Insect Damange,13,Severe Insect Damange,True,1.0
C:\Users\vitor\.cache\kagglehub\datasets\sujitraarw\coffee-green-bean-with-17-defects-original\versions\1\Severe Insect Damange\Severe Insect Damange_34.jpg,Severe Insect Damange,13,Severe Insect Damange,True,1.0
C:\Users\vitor\.cache\kagglehub\datasets\sujitraarw\coffee-green-bean-with-17-defects-original\versions\1\Severe Insect Damange\Severe Insect Damange_35.jpg,Severe Insect Damange,13,Severe Insect Damange,True,1.0
C:\Users\vitor\.cache\kagglehub\datasets\sujitraarw\coffee-green-bean-with-17-defects-original\versions\1\Severe Insect Damange\Severe Insect Damange_36.jpg,Severe Insect Damange,13,Severe Insect Damange,True,1.0
C:\Users\vitor\.cache\kagglehub\datasets\sujitraarw\coffee-green-bean-with-17-defects-original\versions\1\Severe Insect Damange\Severe Insect Damange_37.jpg,Severe Insect Damange,13,Severe Insect Damange,True,1.0
C:\Users\vitor\.cache\kagglehub\datasets\sujitraarw\coffee-green-bean-with-17-defects-original\versions\1\Severe Insect Damange\Severe Insect Damange_38.jpg,Severe Insect Damange,13,Severe Insect Damange,True,1.0
C:\Users\vitor\.cache\kagglehub\datasets\sujitraarw\coffee-green-bean-with-17-defects-original\versions\1\Severe Insect Damange\Severe Insect Damange_39.jpg,Severe Insect Damange,13,Severe Insect Damange,True,1.0
C:\Users\vitor\.cache\kagglehub\datasets\sujitraarw\coffee-green-bean-with-17-defects-original\versions\1\Severe Insect Damange\Severe Insect Damange_40.jpg,Severe Insect Damange,13,Severe Insect Damange,True,1.0
C:\Users\vitor\.cache\kagglehub\datasets\sujitraarw\coffee-green-bean-with-17-defects-original\versions\1\Severe Insect Damange\Severe Insect Damange_41.jpg,Severe Insect Damange,13,Severe Insect Damange,True,1.0
C:\Users\vitor\.cache\kagglehub\datasets\sujitraarw\coffee-green-bean-with-17-defects-original\versions\1\Severe Insect Damange\Severe Insect Damange_42.jpg,Severe Insect Damange,13,Severe Insect Damange,True,1.0
C:\Users\vitor\.cache\kagglehub\datasets\sujitraarw\coffee-green-bean-with-17-defects-original\versions\1\Severe Insect Damange\Severe Insect Damange_43.jpg,Severe Insect Damange,13,Severe Insect Damange,True,1.0
C:\Users\vitor\.cache\kagglehub\datasets\sujitraarw\coffee-green-bean-with-17-defects-original\versions\1\Severe Insect Damange\Severe Insect Damange_44.jpg,Severe Insect Damange,13,Severe Insect Damange,True,1.0
C:\Users\vitor\.cache\kagglehub\datasets\sujitraarw\coffee-green-bean-with-17-defects-original\versions\1\Severe Insect Damange\Severe Insect Damange_45.jpg,Severe Insect Damange,13,Severe Insect Damange,True,1.0
C:\Users\vitor\.cache\kagglehub\datasets\sujitraarw\coffee-green-bean-with-17-defects-original\versions\1\Severe Insect Damange\Severe Insect Damange_46.jpg,Severe Insect Damange,13,Severe Insect Damange,True,1.0
C:\Users\vitor\.cache\kagglehub\datasets\sujitraarw\coffee-green-bean-with-17-defects-original\versions\1\Severe Insect Damange\Severe Insect Damange_47.jpg,Severe Insect Damange,13,Severe Insect Damange,True,1.0
C:\Users\vitor\.cache\kagglehub\datasets\sujitraarw\coffee-green-bean-with-17-defects-original\versions\1\Severe Insect Damange\Severe Insect Damange_48.jpg,Severe Insect Damange,13,Severe Insect Damange,True,1.0
C:\Users\vitor\.cache\kagglehub\datasets\sujitraarw\coffee-green-bean-with-17-defects-original\versions\1\Severe Insect Damange\Severe Insect Damange_49.jpg,Severe Insect Damange,13,Severe Insect Damange,True,1.0
C:\Users\vitor\.cache\kagglehub\datasets\sujitraarw\coffee-green-bean-with-17-defects-original\versions\1\Severe Insect Damange\Severe Insect Damange_50.jpg,Severe Insect Damange,13,Severe Insect Damange,True,1.0
C:\Users\vitor\.cache\kagglehub\datasets\sujitraarw\coffee-green-bean-with-17-defects-original\versions\1\Severe Insect Damange\Severe Insect Damange_51.jpg,Severe Insect Damange,13,Severe Insect Damange,True,1.0
C:\Users\vitor\.cache\kagglehub\datasets\sujitraarw\coffee-green-bean-with-17-defects-original\versions\1\Severe Insect Damange\Severe Insect Damange_52.jpg,Severe Insect Damange,13,Severe Insect Damange,True,1.0
C:\Users\vitor\.cache\kagglehub\datasets\sujitraarw\coffee-green-bean-with-17-defects-original\versions\1\Severe Insect Damange\Severe Insect Damange_53.jpg,Severe Insect Damange,13,Severe Insect Damange,True,1.0
C:\Users\vitor\.cache\kagglehub\datasets\sujitraarw\coffee-green-bean-with-17-defects-original\versions\1\Severe Insect Damange\Severe Insect Damange_54.jpg,Severe Insect Damange,13,Severe Insect Damange,True,1.0
C:\Users\vitor\.cache\kagglehub\datasets\sujitraarw\coffee-green-bean-with-17-defects-original\versions\1\Severe Insect Damange\Severe Insect Damange_55.jpg,Severe Insect Damange,13,Severe Insect Damange,True,1.0
C:\Users\vitor\.cache\kagglehub\datasets\sujitraarw\coffee-green-bean-with-17-defects-original\versions\1\Severe Insect Damange\Severe Insect Damange_56.jpg,Severe Insect Damange,13,Severe Insect Damange,True,1.0
C:\Users\vitor\.cache\kagglehub\datasets\sujitraarw\coffee-green-bean-with-17-defects-original\versions\1\Severe Insect Damange\Severe Insect Damange_57.jpg,Severe Insect Damange,13,Severe Insect Damange,True,1.0
C:\Users\vitor\.cache\kagglehub\datasets\sujitraarw\coffee-green-bean-with-17-defects-original\versions\1\Severe Insect Damange\Severe Insect Damange_01.jpg,Severe Insect Damange,13,Severe Insect Damange,True,1.0
C:\Users\vitor\.cache\kagglehub\datasets\sujitraarw\coffee-green-bean-with-17-defects-original\versions\1\Severe Insect Damange\Severe Insect Damange_02.jpg,Severe Insect Damange,13,Severe Insect Damange,True,1.0
C:\Users\vitor\.cache\kagglehub\datasets\sujitraarw\coffee-green-bean-with-17-defects-original\versions\1\Severe Insect Damange\Severe Insect Damange_03.jpg,Severe Insect Damange,13,Severe Insect Damange,True,1.0
C:\Users\vitor\.cache\kagglehub\datasets\sujitraarw\coffee-green-bean-with-17-defects-original\versions\1\Severe Insect Damange\Severe Insect Damange_04.jpg,Severe Insect Damange,13,Severe Insect Damange,True,1.0
C:\Users\vitor\.cache\kagglehub\datasets\sujitraarw\coffee-green-bean-with-17-defects-original\versions\1\Severe Insect Damange\Severe Insect Damange_05.jpg,Severe Insect Damange,13,Severe Insect Damange,True,1.0
C:\Users\vitor\.cache\kagglehub\datasets\sujitraarw\coffee-green-bean-with-17-defects-original\versions\1\Severe Insect Damange\Severe Insect Damange_06.jpg,Severe Insect Damange,13,Severe Insect Damange,True,1.0
C:\Users\vitor\.cache\kagglehub\datasets\sujitraarw\coffee-green-bean-with-17-defects-original\versions\1\Severe Insect Damange\Severe Insect Damange_07.jpg,Severe Insect Damange,13,Severe Insect Damange,True,1.0
C:\Users\vitor\.cache\kagglehub\datasets\sujitraarw\coffee-green-bean-with-17-defects-original\versions\1\Severe Insect Damange\Severe Insect Damange_08.jpg,Severe Insect Damange,13,Severe Insect Damange,True,1.0
C:\Users\vitor\.cache\kagglehub\datasets\sujitraarw\coffee-green-bean-with-17-defects-original\versions\1\Severe Insect Damange\Severe Insect Damange_09.jpg,Severe Insect Damange,13,Severe Insect Damange,True,1.0
C:\Users\vitor\.cache\kagglehub\datasets\sujitraarw\coffee-green-bean-with-17-defects-original\versions\1\Severe Insect Damange\Severe Insect Damange_10.jpg,Severe Insect Damange,13,Severe Insect Damange,True,1.0
C:\Users\vitor\.cache\kagglehub\datasets\sujitraarw\coffee-green-bean-with-17-defects-original\versions\1\Severe Insect Damange\Severe Insect Damange_11.jpg,Severe Insect Damange,13,Severe Insect Damange,True,1.0
C:\Users\vitor\.cache\kagglehub\datasets\sujitraarw\coffee-green-bean-with-17-defects-original\versions\1\Severe Insect Damange\Severe Insect Damange_12.jpg,Severe Insect Damange,13,Severe Insect Damange,True,1.0
C:\Users\vitor\.cache\kagglehub\datasets\sujitraarw\coffee-green-bean-with-17-defects-original\versions\1\Severe Insect Damange\Severe Insect Damange_13.jpg,Severe Insect Damange,13,Severe Insect Damange,True,1.0
C:\Users\vitor\.cache\kagglehub\datasets\sujitraarw\coffee-green-bean-with-17-defects-original\versions\1\Severe Insect Damange\Severe Insect Damange_14.jpg,Severe Insect Damange,13,Severe Insect Damange,True,1.0
C:\Users\vitor\.cache\kagglehub\datasets\sujitraarw\coffee-green-bean-with-17-defects-original\versions\1\Severe Insect Damange\Severe Insect Damange_15.jpg,Severe Insect Damange,13,Severe Insect Damange,True,1.0
C:\Users\vitor\.cache\kagglehub\datasets\sujitraarw\coffee-green-bean-with-17-defects-original\versions\1\Severe Insect Damange\Severe Insect Damange_16.jpg,Severe Insect Damange,13,Severe Insect Damange,True,1.0
C:\Users\vitor\.cache\kagglehub\datasets\sujitraarw\coffee-green-bean-with-17-defects-original\versions\1\Severe Insect Damange\Severe Insect Damange_17.jpg,Severe Insect Damange,13,Severe Insect Damange,True,1.0
C:\Users\vitor\.cache\kagglehub\datasets\sujitraarw\coffee-green-bean-with-17-defects-original\versions\1\Severe Insect Damange\Severe Insect Damange_18.jpg,Severe Insect Damange,13,Severe Insect Damange,True,1.0
C:\Users\vitor\.cache\kagglehub\datasets\sujitraarw\coffee-green-bean-with-17-defects-original\versions\1\Severe Insect Damange\Severe Insect Damange_19.jpg,Severe Insect Damange,13,Severe Insect Damange,True,1.0
C:\Users\vitor\.cache\kagglehub\datasets\sujitraarw\coffee-green-bean-with-17-defects-original\versions\1\Severe Insect Damange\Severe Insect Damange_20.jpg,Severe Insect Damange,13,Severe Insect Damange,True,1.0
C:\Users\vitor\.cache\kagglehub\datasets\sujitraarw\coffee-green-bean-with-17-defects-original\versions\1\Severe Insect Damange\Severe Insect Damange_21.jpg,Severe Insect Damange,13,Severe Insect Damange,True,1.0
C:\Users\vitor\.cache\kagglehub\datasets\sujitraarw\coffee-green-bean-with-17-defects-original\versions\1\Severe Insect Damange\Severe Insect Damange_22.jpg,Severe Insect Damange,13,Severe Insect Damange,True,1.0
C:\Users\vitor\.cache\kagglehub\datasets\sujitraarw\coffee-green-bean-with-17-defects-original\versions\1\Severe Insect Damange\Severe Insect Damange_23.jpg,Severe Insect Damange,13,Severe Insect Damange,True,1.0
C:\Users\vitor\.cache\kagglehub\datasets\sujitraarw\coffee-green-bean-with-17-defects-original\versions\1\Severe Insect Damange\Severe Insect Damange_24.jpg,Severe Insect Damange,13,Severe Insect Damange,True,1.0
C:\Users\vitor\.cache\kagglehub\datasets\sujitraarw\coffee-green-bean-with-17-defects-original\versions\1\Severe Insect Damange\Severe Insect Damange_25.jpg,Severe Insect Damange,13,Severe Insect Damange,True,1.0
C:\Users\vitor\.cache\kagglehub\datasets\sujitraarw\coffee-green-bean-with-17-defects-original\versions\1\Severe Insect Damange\Severe Insect Damange_26.jpg,Severe Insect Damange,13,Severe Insect Damange,True,1.0
C:\Users\vitor\.cache\kagglehub\datasets\sujitraarw\coffee-green-bean-with-17-defects-original\versions\1\Severe Insect Damange\Severe Insect Damange_27.jpg,Severe Insect Damange,13,Severe Insect Damange,True,1.0
C:\Users\vitor\.cache\kagglehub\datasets\sujitraarw\coffee-green-bean-with-17-defects-original\versions\1\Severe Insect Damange\Severe Insect Damange_28.jpg,Severe Insect Damange,13,Severe Insect Damange,True,1.0
C:\Users\vitor\.cache\kagglehub\datasets\sujitraarw\coffee-green-bean-with-17-defects-original\versions\1\Severe Insect Damange\Severe Insect Damange_29.jpg,Severe Insect Damange,13,Severe Insect Damange,True,1.0
C:\Users\vitor\.cache\kagglehub\datasets\sujitraarw\coffee-green-bean-with-17-defects-original\versions\1\Severe Insect Damange\Severe Insect Damange_30.jpg,Severe Insect Damange,13,Severe Insect Damange,True,1.0
C:\Users\vitor\.cache\kagglehub\datasets\sujitraarw\coffee-green-bean-with-17-defects-original\versions\1\Severe Insect Damange\Severe Insect Damange_31.jpg,Severe Insect Damange,13,Severe Insect Damange,True,1.0
C:\Users\vitor\.cache\kagglehub\datasets\sujitraarw\coffee-green-bean-with-17-defects-original\versions\1\Severe Insect Damange\Severe Insect Damange_32.jpg,Severe Insect Damange,13,Severe Insect Damange,True,1.0
C:\Users\vitor\.cache\kagglehub\datasets\sujitraarw\coffee-green-bean-with-17-defects-original\versions\1\Severe Insect Damange\Severe Insect Damange_33.jpg,Severe Insect Damange,13,Severe Insect Damange,True,1.0
C:\Users\vitor\.cache\kagglehub\datasets\sujitraarw\coffee-green-bean-with-17-defects-original\versions\1\Severe Insect Damange\Severe Insect Damange_34.jpg,Severe Insect Damange,13,Severe Insect Damange,True,1.0
C:\Users\vitor\.cache\kagglehub\datasets\sujitraarw\coffee-green-bean-with-17-defects-original\versions\1\Severe Insect Damange\Severe Insect Damange_35.jpg,Severe Insect Damange,13,Severe Insect Damange,True,1.0
C:\Users\vitor\.cache\kagglehub\datasets\sujitraarw\coffee-green-bean-with-17-defects-original\versions\1\Severe Insect Damange\Severe Insect Damange_36.jpg,Severe Insect Damange,13,Severe Insect Damange,True,1.0
C:\Users\vitor\.cache\kagglehub\datasets\sujitraarw\coffee-green-bean-with-17-defects-original\versions\1\Severe Insect Damange\Severe Insect Damange_37.jpg,Severe Insect Damange,13,Severe Insect Damange,True,1.0
C:\Users\vitor\.cache\kagglehub\datasets\sujitraarw\coffee-green-bean-with-17-defects-original\versions\1\Severe Insect Damange\Severe Insect Damange_38.jpg,Severe Insect Damange,13,Severe Insect Damange,True,1.0
C:\Users\vitor\.cache\kagglehub\datasets\sujitraarw\coffee-green-bean-with-17-defects-original\versions\1\Severe Insect Damange\Severe Insect Damange_39.jpg,Severe Insect Damange,13,Severe Insect Damange,True,1.0
C:\Users\vitor\.cache\kagglehub\datasets\sujitraarw\coffee-green-bean-with-17-defects-original\versions\1\Severe Insect Damange\Severe Insect Damange_40.jpg,Severe Insect Damange,13,Severe Insect Damange,True,1.0
C:\Users\vitor\.cache\kagglehub\datasets\sujitraarw\coffee-green-bean-with-17-defects-original\versions\1\Severe Insect Damange\Severe Insect Damange_41.jpg,Severe Insect Damange,13,Severe Insect Damange,True,1.0
C:\Users\vitor\.cache\kagglehub\datasets\sujitraarw\coffee-green-bean-with-17-defects-original\versions\1\Severe Insect Damange\Severe Insect Damange_42.jpg,Severe Insect Damange,13,Severe Insect Damange,True,1.0
C:\Users\vitor\.cache\kagglehub\datasets\sujitraarw\coffee-green-bean-with-17-defects-original\versions\1\Severe Insect Damange\Severe Insect Damange_43.jpg,Severe Insect Damange,13,Severe Insect Damange,True,1.0
C:\Users\vitor\.cache\kagglehub\datasets\sujitraarw\coffee-green-bean-with-17-defects-original\versions\1\Severe Insect Damange\Severe Insect Damange_44.jpg,Severe Insect Damange,13,Severe Insect Damange,True,1.0
C:\Users\vitor\.cache\kagglehub\datasets\sujitraarw\coffee-green-bean-with-17-defects-original\versions\1\Severe Insect Damange\Severe Insect Damange_45.jpg,Severe Insect Damange,13,Severe Insect Damange,True,1.0
C:\Users\vitor\.cache\kagglehub\datasets\sujitraarw\coffee-green-bean-with-17-defects-original\versions\1\Severe Insect Damange\Severe Insect Damange_46.jpg,Severe Insect Damange,13,Severe Insect Damange,True,1.0
C:\Users\vitor\.cache\kagglehub\datasets\sujitraarw\coffee-green-bean-with-17-defects-original\versions\1\Severe Insect Damange\Severe Insect Damange_47.jpg,Severe Insect Damange,13,Severe Insect Damange,True,1.0
C:\Users\vitor\.cache\kagglehub\datasets\sujitraarw\coffee-green-bean-with-17-defects-original\versions\1\Severe Insect Damange\Severe Insect Damange_48.jpg,Severe Insect Damange,13,Severe Insect Damange,True,1.0
C:\Users\vitor\.cache\kagglehub\datasets\sujitraarw\coffee-green-bean-with-17-defects-original\versions\1\Severe Insect Damange\Severe Insect Damange_49.jpg,Severe Insect Damange,13,Severe Insect Damange,True,1.0
C:\Users\vitor\.cache\kagglehub\datasets\sujitraarw\coffee-green-bean-with-17-defects-original\versions\1\Severe Insect Damange\Severe Insect Damange_50.jpg,Severe Insect Damange,13,Severe Insect Damange,True,1.0
C:\Users\vitor\.cache\kagglehub\datasets\sujitraarw\coffee-green-bean-with-17-defects-original\versions\1\Severe Insect Damange\Severe Insect Damange_51.jpg,Severe Insect Damange,13,Severe Insect Damange,True,1.0
C:\Users\vitor\.cache\kagglehub\datasets\sujitraarw\coffee-green-bean-with-17-defects-original\versions\1\Severe Insect Damange\Severe Insect Damange_52.jpg,Severe Insect Damange,13,Severe Insect Damange,True,1.0
C:\Users\vitor\.cache\kagglehub\datasets\sujitraarw\coffee-green-bean-with-17-defects-original\versions\1\Severe Insect Damange\Severe Insect Damange_53.jpg,Severe Insect Damange,13,Severe Insect Damange,True,1.0
C:\Users\vitor\.cache\kagglehub\datasets\sujitraarw\coffee-green-bean-with-17-defects-original\versions\1\Severe Insect Damange\Severe Insect Damange_54.jpg,Severe Insect Damange,13,Severe Insect Damange,True,1.0
C:\Users\vitor\.cache\kagglehub\datasets\sujitraarw\coffee-green-bean-with-17-defects-original\versions\1\Severe Insect Damange\Severe Insect Damange_55.jpg,Severe Insect Damange,13,Severe Insect Damange,True,1.0
C:\Users\vitor\.cache\kagglehub\datasets\sujitraarw\coffee-green-bean-with-17-defects-original\versions\1\Severe Insect Damange\Severe Insect Damange_56.jpg,Severe Insect Damange,13,Severe Insect Damange,True,1.0
C:\Users\vitor\.cache\kagglehub\datasets\sujitraarw\coffee-green-bean-with-17-defects-original\versions\1\Severe Insect Damange\Severe Insect Damange_57.jpg,Severe Insect Damange,13,Severe Insect Damange,True,1.0
C:\Users\vitor\.cache\kagglehub\datasets\sujitraarw\coffee-green-bean-with-17-defects-original\versions\1\Shell\Shell_01.jpg,Shell,14,Shell,True,1.0
C:\Users\vitor\.cache\kagglehub\datasets\sujitraarw\coffee-green-bean-with-17-defects-original\versions\1\Shell\Shell_02.jpg,Shell,14,Shell,True,1.0
C:\Users\vitor\.cache\kagglehub\datasets\sujitraarw\coffee-green-bean-with-17-defects-original\versions\1\Shell\Shell_03.jpg,Shell,14,Shell,True,1.0
C:\Users\vitor\.cache\kagglehub\datasets\sujitraarw\coffee-green-bean-with-17-defects-original\versions\1\Shell\Shell_04.jpg,Shell,14,Shell,True,1.0
C:\Users\vitor\.cache\kagglehub\datasets\sujitraarw\coffee-green-bean-with-17-defects-original\versions\1\Shell\Shell_05.jpg,Shell,14,Shell,True,1.0
C:\Users\vitor\.cache\kagglehub\datasets\sujitraarw\coffee-green-bean-with-17-defects-original\versions\1\Shell\Shell_06.jpg,Shell,14,Shell,True,1.0
C:\Users\vitor\.cache\kagglehub\datasets\sujitraarw\coffee-green-bean-with-17-defects-original\versions\1\Shell\Shell_07.jpg,Shell,14,Shell,True,1.0
C:\Users\vitor\.cache\kagglehub\datasets\sujitraarw\coffee-green-bean-with-17-defects-original\versions\1\Shell\Shell_08.jpg,Shell,14,Shell,True,1.0
C:\Users\vitor\.cache\kagglehub\datasets\sujitraarw\coffee-green-bean-with-17-defects-original\versions\1\Shell\Shell_09.jpg,Shell,14,Shell,True,1.0
C:\Users\vitor\.cache\kagglehub\datasets\sujitraarw\coffee-green-bean-with-17-defects-original\versions\1\Shell\Shell_10.jpg,Shell,14,Shell,True,1.0
C:\Users\vitor\.cache\kagglehub\datasets\sujitraarw\coffee-green-bean-with-17-defects-original\versions\1\Shell\Shell_11.jpg,Shell,14,Shell,True,1.0
C:\Users\vitor\.cache\kagglehub\datasets\sujitraarw\coffee-green-bean-with-17-defects-original\versions\1\Shell\Shell_12.jpg,Shell,14,Shell,True,1.0
C:\Users\vitor\.cache\kagglehub\datasets\sujitraarw\coffee-green-bean-with-17-defects-original\versions\1\Shell\Shell_13.jpg,Shell,14,Shell,True,1.0
C:\Users\vitor\.cache\kagglehub\datasets\sujitraarw\coffee-green-bean-with-17-defects-original\versions\1\Shell\Shell_14.jpg,Shell,14,Shell,True,1.0
C:\Users\vitor\.cache\kagglehub\datasets\sujitraarw\coffee-green-bean-with-17-defects-original\versions\1\Shell\Shell_15.jpg,Shell,14,Shell,True,1.0
C:\Users\vitor\.cache\kagglehub\datasets\sujitraarw\coffee-green-bean-with-17-defects-original\versions\1\Shell\Shell_16.jpg,Shell,14,Shell,True,1.0
C:\Users\vitor\.cache\kagglehub\datasets\sujitraarw\coffee-green-bean-with-17-defects-original\versions\1\Shell\Shell_17.jpg,Shell,14,Shell,True,1.0
C:\Users\vitor\.cache\kagglehub\datasets\sujitraarw\coffee-green-bean-with-17-defects-original\versions\1\Shell\Shell_18.jpg,Shell,14,Shell,True,1.0
C:\Users\vitor\.cache\kagglehub\datasets\sujitraarw\coffee-green-bean-with-17-defects-original\versions\1\Shell\Shell_19.jpg,Shell,14,Shell,True,1.0
C:\Users\vitor\.cache\kagglehub\datasets\sujitraarw\coffee-green-bean-with-17-defects-original\versions\1\Shell\Shell_20.jpg,Shell,14,Shell,True,1.0
C:\Users\vitor\.cache\kagglehub\datasets\sujitraarw\coffee-green-bean-with-17-defects-original\versions\1\Shell\Shell_21.jpg,Shell,14,Shell,True,1.0
C:\Users\vitor\.cache\kagglehub\datasets\sujitraarw\coffee-green-bean-with-17-defects-original\versions\1\Shell\Shell_22.jpg,Shell,14,Shell,True,1.0
C:\Users\vitor\.cache\kagglehub\datasets\sujitraarw\coffee-green-bean-with-17-defects-original\versions\1\Shell\Shell_23.jpg,Shell,14,Shell,True,1.0
C:\Users\vitor\.cache\kagglehub\datasets\sujitraarw\coffee-green-bean-with-17-defects-original\versions\1\Shell\Shell_24.jpg,Shell,14,Shell,True,1.0
C:\Users\vitor\.cache\kagglehub\datasets\sujitraarw\coffee-green-bean-with-17-defects-original\versions\1\Shell\Shell_25.jpg,Shell,14,Shell,True,1.0
C:\Users\vitor\.cache\kagglehub\datasets\sujitraarw\coffee-green-bean-with-17-defects-original\versions\1\Shell\Shell_26.jpg,Shell,14,Shell,True,1.0
C:\Users\vitor\.cache\kagglehub\datasets\sujitraarw\coffee-green-bean-with-17-defects-original\versions\1\Shell\Shell_27.jpg,Shell,14,Shell,True,1.0
C:\Users\vitor\.cache\kagglehub\datasets\sujitraarw\coffee-green-bean-with-17-defects-original\versions\1\Shell\Shell_28.jpg,Shell,14,Shell,True,1.0
C:\Users\vitor\.cache\kagglehub\datasets\sujitraarw\coffee-green-bean-with-17-defects-original\versions\1\Shell\Shell_29.jpg,Shell,14,Shell,True,1.0
C:\Users\vitor\.cache\kagglehub\datasets\sujitraarw\coffee-green-bean-with-17-defects-original\versions\1\Shell\Shell_30.jpg,Shell,14,Shell,True,1.0
C:\Users\vitor\.cache\kagglehub\datasets\sujitraarw\coffee-green-bean-with-17-defects-original\versions\1\Shell\Shell_31.jpg,Shell,14,Shell,True,1.0
C:\Users\vitor\.cache\kagglehub\datasets\sujitraarw\coffee-green-bean-with-17-defects-original\versions\1\Shell\Shell_32.jpg,Shell,14,Shell,True,1.0
C:\Users\vitor\.cache\kagglehub\datasets\sujitraarw\coffee-green-bean-with-17-defects-original\versions\1\Shell\Shell_33.jpg,Shell,14,Shell,True,1.0
C:\Users\vitor\.cache\kagglehub\datasets\sujitraarw\coffee-green-bean-with-17-defects-original\versions\1\Shell\Shell_34.jpg,Shell,14,Shell,True,1.0
C:\Users\vitor\.cache\kagglehub\datasets\sujitraarw\coffee-green-bean-with-17-defects-original\versions\1\Shell\Shell_35.jpg,Shell,14,Shell,True,1.0
C:\Users\vitor\.cache\kagglehub\datasets\sujitraarw\coffee-green-bean-with-17-defects-original\versions\1\Shell\Shell_36.jpg,Shell,14,Shell,True,1.0
C:\Users\vitor\.cache\kagglehub\datasets\sujitraarw\coffee-green-bean-with-17-defects-original\versions\1\Shell\Shell_37.jpg,Shell,14,Shell,True,1.0
C:\Users\vitor\.cache\kagglehub\datasets\sujitraarw\coffee-green-bean-with-17-defects-original\versions\1\Shell\Shell_38.jpg,Shell,14,Shell,True,1.0
C:\Users\vitor\.cache\kagglehub\datasets\sujitraarw\coffee-green-bean-with-17-defects-original\versions\1\Shell\Shell_39.jpg,Shell,14,Shell,True,1.0
C:\Users\vitor\.cache\kagglehub\datasets\sujitraarw\coffee-green-bean-with-17-defects-original\versions\1\Shell\Shell_40.jpg,Shell,14,Shell,True,1.0
C:\Users\vitor\.cache\kagglehub\datasets\sujitraarw\coffee-green-bean-with-17-defects-original\versions\1\Shell\Shell_41.jpg,Shell,14,Shell,True,1.0
C:\Users\vitor\.cache\kagglehub\datasets\sujitraarw\coffee-green-bean-with-17-defects-original\versions\1\Shell\Shell_42.jpg,Shell,14,Shell,True,1.0
C:\Users\vitor\.cache\kagglehub\datasets\sujitraarw\coffee-green-bean-with-17-defects-original\versions\1\Shell\Shell_43.jpg,Shell,14,Shell,True,1.0
C:\Users\vitor\.cache\kagglehub\datasets\sujitraarw\coffee-green-bean-with-17-defects-original\versions\1\Shell\Shell_44.jpg,Shell,14,Shell,True,1.0
C:\Users\vitor\.cache\kagglehub\datasets\sujitraarw\coffee-green-bean-with-17-defects-original\versions\1\Shell\Shell_45.jpg,Shell,14,Shell,True,1.0
C:\Users\vitor\.cache\kagglehub\datasets\sujitraarw\coffee-green-bean-with-17-defects-original\versions\1\Shell\Shell_46.jpg,Shell,14,Shell,True,1.0
C:\Users\vitor\.cache\kagglehub\datasets\sujitraarw\coffee-green-bean-with-17-defects-original\versions\1\Shell\Shell_47.jpg,Shell,14,Shell,True,1.0
C:\Users\vitor\.cache\kagglehub\datasets\sujitraarw\coffee-green-bean-with-17-defects-original\versions\1\Shell\Shell_48.jpg,Shell,14,Shell,True,1.0
C:\Users\vitor\.cache\kagglehub\datasets\sujitraarw\coffee-green-bean-with-17-defects-original\versions\1\Shell\Shell_49.jpg,Shell,14,Shell,True,1.0
C:\Users\vitor\.cache\kagglehub\datasets\sujitraarw\coffee-green-bean-with-17-defects-original\versions\1\Shell\Shell_50.jpg,Shell,14,Shell,True,1.0
C:\Users\vitor\.cache\kagglehub\datasets\sujitraarw\coffee-green-bean-with-17-defects-original\versions\1\Shell\Shell_51.jpg,Shell,14,Shell,True,1.0
C:\Users\vitor\.cache\kagglehub\datasets\sujitraarw\coffee-green-bean-with-17-defects-original\versions\1\Shell\Shell_52.jpg,Shell,14,Shell,True,1.0
C:\Users\vitor\.cache\kagglehub\datasets\sujitraarw\coffee-green-bean-with-17-defects-original\versions\1\Shell\Shell_53.jpg,Shell,14,Shell,True,1.0
C:\Users\vitor\.cache\kagglehub\datasets\sujitraarw\coffee-green-bean-with-17-defects-original\versions\1\Shell\Shell_54.jpg,Shell,14,Shell,True,1.0
C:\Users\vitor\.cache\kagglehub\datasets\sujitraarw\coffee-green-bean-with-17-defects-original\versions\1\Shell\Shell_55.jpg,Shell,14,Shell,True,1.0
C:\Users\vitor\.cache\kagglehub\datasets\sujitraarw\coffee-green-bean-with-17-defects-original\versions\1\Shell\Shell_56.jpg,Shell,14,Shell,True,1.0
C:\Users\vitor\.cache\kagglehub\datasets\sujitraarw\coffee-green-bean-with-17-defects-original\versions\1\Shell\Shell_57.jpg,Shell,14,Shell,True,1.0
C:\Users\vitor\.cache\kagglehub\datasets\sujitraarw\coffee-green-bean-with-17-defects-original\versions\1\Shell\Shell_01.jpg,Shell,14,Shell,True,1.0
C:\Users\vitor\.cache\kagglehub\datasets\sujitraarw\coffee-green-bean-with-17-defects-original\versions\1\Shell\Shell_02.jpg,Shell,14,Shell,True,1.0
C:\Users\vitor\.cache\kagglehub\datasets\sujitraarw\coffee-green-bean-with-17-defects-original\versions\1\Shell\Shell_03.jpg,Shell,14,Shell,True,1.0
C:\Users\vitor\.cache\kagglehub\datasets\sujitraarw\coffee-green-bean-with-17-defects-original\versions\1\Shell\Shell_04.jpg,Shell,14,Shell,True,1.0
C:\Users\vitor\.cache\kagglehub\datasets\sujitraarw\coffee-green-bean-with-17-defects-original\versions\1\Shell\Shell_05.jpg,Shell,14,Shell,True,1.0
C:\Users\vitor\.cache\kagglehub\datasets\sujitraarw\coffee-green-bean-with-17-defects-original\versions\1\Shell\Shell_06.jpg,Shell,14,Shell,True,1.0
C:\Users\vitor\.cache\kagglehub\datasets\sujitraarw\coffee-green-bean-with-17-defects-original\versions\1\Shell\Shell_07.jpg,Shell,14,Shell,True,1.0
C:\Users\vitor\.cache\kagglehub\datasets\sujitraarw\coffee-green-bean-with-17-defects-original\versions\1\Shell\Shell_08.jpg,Shell,14,Shell,True,1.0
C:\Users\vitor\.cache\kagglehub\datasets\sujitraarw\coffee-green-bean-with-17-defects-original\versions\1\Shell\Shell_09.jpg,Shell,14,Shell,True,1.0
C:\Users\vitor\.cache\kagglehub\datasets\sujitraarw\coffee-green-bean-with-17-defects-original\versions\1\Shell\Shell_10.jpg,Shell,14,Shell,True,1.0
C:\Users\vitor\.cache\kagglehub\datasets\sujitraarw\coffee-green-bean-with-17-defects-original\versions\1\Shell\Shell_11.jpg,Shell,14,Shell,True,1.0
C:\Users\vitor\.cache\kagglehub\datasets\sujitraarw\coffee-green-bean-with-17-defects-original\versions\1\Shell\Shell_12.jpg,Shell,14,Shell,True,1.0
C:\Users\vitor\.cache\kagglehub\datasets\sujitraarw\coffee-green-bean-with-17-defects-original\versions\1\Shell\Shell_13.jpg,Shell,14,Shell,True,1.0
C:\Users\vitor\.cache\kagglehub\datasets\sujitraarw\coffee-green-bean-with-17-defects-original\versions\1\Shell\Shell_14.jpg,Shell,14,Shell,True,1.0
C:\Users\vitor\.cache\kagglehub\datasets\sujitraarw\coffee-green-bean-with-17-defects-original\versions\1\Shell\Shell_15.jpg,Shell,14,Shell,True,1.0
C:\Users\vitor\.cache\kagglehub\datasets\sujitraarw\coffee-green-bean-with-17-defects-original\versions\1\Shell\Shell_16.jpg,Shell,14,Shell,True,1.0
C:\Users\vitor\.cache\kagglehub\datasets\sujitraarw\coffee-green-bean-with-17-defects-original\versions\1\Shell\Shell_17.jpg,Shell,14,Shell,True,1.0
C:\Users\vitor\.cache\kagglehub\datasets\sujitraarw\coffee-green-bean-with-17-defects-original\versions\1\Shell\Shell_18.jpg,Shell,14,Shell,True,1.0
C:\Users\vitor\.cache\kagglehub\datasets\sujitraarw\coffee-green-bean-with-17-defects-original\versions\1\Shell\Shell_19.jpg,Shell,14,Shell,True,1.0
C:\Users\vitor\.cache\kagglehub\datasets\sujitraarw\coffee-green-bean-with-17-defects-original\versions\1\Shell\Shell_20.jpg,Shell,14,Shell,True,1.0
C:\Users\vitor\.cache\kagglehub\datasets\sujitraarw\coffee-green-bean-with-17-defects-original\versions\1\Shell\Shell_21.jpg,Shell,14,Shell,True,1.0
C:\Users\vitor\.cache\kagglehub\datasets\sujitraarw\coffee-green-bean-with-17-defects-original\versions\1\Shell\Shell_22.jpg,Shell,14,Shell,True,1.0
C:\Users\vitor\.cache\kagglehub\datasets\sujitraarw\coffee-green-bean-with-17-defects-original\versions\1\Shell\Shell_23.jpg,Shell,14,Shell,True,1.0
C:\Users\vitor\.cache\kagglehub\datasets\sujitraarw\coffee-green-bean-with-17-defects-original\versions\1\Shell\Shell_24.jpg,Shell,14,Shell,True,1.0
C:\Users\vitor\.cache\kagglehub\datasets\sujitraarw\coffee-green-bean-with-17-defects-original\versions\1\Shell\Shell_25.jpg,Shell,14,Shell,True,1.0
C:\Users\vitor\.cache\kagglehub\datasets\sujitraarw\coffee-green-bean-with-17-defects-original\versions\1\Shell\Shell_26.jpg,Shell,14,Shell,True,1.0
C:\Users\vitor\.cache\kagglehub\datasets\sujitraarw\coffee-green-bean-with-17-defects-original\versions\1\Shell\Shell_27.jpg,Shell,14,Shell,True,1.0
C:\Users\vitor\.cache\kagglehub\datasets\sujitraarw\coffee-green-bean-with-17-defects-original\versions\1\Shell\Shell_28.jpg,Shell,14,Shell,True,1.0
C:\Users\vitor\.cache\kagglehub\datasets\sujitraarw\coffee-green-bean-with-17-defects-original\versions\1\Shell\Shell_29.jpg,Shell,14,Shell,True,1.0
C:\Users\vitor\.cache\kagglehub\datasets\sujitraarw\coffee-green-bean-with-17-defects-original\versions\1\Shell\Shell_30.jpg,Shell,14,Shell,True,1.0
C:\Users\vitor\.cache\kagglehub\datasets\sujitraarw\coffee-green-bean-with-17-defects-original\versions\1\Shell\Shell_31.jpg,Shell,14,Shell,True,1.0
C:\Users\vitor\.cache\kagglehub\datasets\sujitraarw\coffee-green-bean-with-17-defects-original\versions\1\Shell\Shell_32.jpg,Shell,14,Shell,True,1.0
C:\Users\vitor\.cache\kagglehub\datasets\sujitraarw\coffee-green-bean-with-17-defects-original\versions\1\Shell\Shell_33.jpg,Shell,14,Shell,True,1.0
C:\Users\vitor\.cache\kagglehub\datasets\sujitraarw\coffee-green-bean-with-17-defects-original\versions\1\Shell\Shell_34.jpg,Shell,14,Shell,True,1.0
C:\Users\vitor\.cache\kagglehub\datasets\sujitraarw\coffee-green-bean-with-17-defects-original\versions\1\Shell\Shell_35.jpg,Shell,14,Shell,True,1.0
C:\Users\vitor\.cache\kagglehub\datasets\sujitraarw\coffee-green-bean-with-17-defects-original\versions\1\Shell\Shell_36.jpg,Shell,14,Shell,True,1.0
C:\Users\vitor\.cache\kagglehub\datasets\sujitraarw\coffee-green-bean-with-17-defects-original\versions\1\Shell\Shell_37.jpg,Shell,14,Shell,True,1.0
C:\Users\vitor\.cache\kagglehub\datasets\sujitraarw\coffee-green-bean-with-17-defects-original\versions\1\Shell\Shell_38.jpg,Shell,14,Shell,True,1.0
C:\Users\vitor\.cache\kagglehub\datasets\sujitraarw\coffee-green-bean-with-17-defects-original\versions\1\Shell\Shell_39.jpg,Shell,14,Shell,True,1.0
C:\Users\vitor\.cache\kagglehub\datasets\sujitraarw\coffee-green-bean-with-17-defects-original\versions\1\Shell\Shell_40.jpg,Shell,14,Shell,True,1.0
C:\Users\vitor\.cache\kagglehub\datasets\sujitraarw\coffee-green-bean-with-17-defects-original\versions\1\Shell\Shell_41.jpg,Shell,14,Shell,True,1.0
C:\Users\vitor\.cache\kagglehub\datasets\sujitraarw\coffee-green-bean-with-17-defects-original\versions\1\Shell\Shell_42.jpg,Shell,14,Shell,True,1.0
C:\Users\vitor\.cache\kagglehub\datasets\sujitraarw\coffee-green-bean-with-17-defects-original\versions\1\Shell\Shell_43.jpg,Shell,14,Shell,True,1.0
C:\Users\vitor\.cache\kagglehub\datasets\sujitraarw\coffee-green-bean-with-17-defects-original\versions\1\Shell\Shell_44.jpg,Shell,14,Shell,True,1.0
C:\Users\vitor\.cache\kagglehub\datasets\sujitraarw\coffee-green-bean-with-17-defects-original\versions\1\Shell\Shell_45.jpg,Shell,14,Shell,True,1.0
C:\Users\vitor\.cache\kagglehub\datasets\sujitraarw\coffee-green-bean-with-17-defects-original\versions\1\Shell\Shell_46.jpg,Shell,14,Shell,True,1.0
C:\Users\vitor\.cache\kagglehub\datasets\sujitraarw\coffee-green-bean-with-17-defects-original\versions\1\Shell\Shell_47.jpg,Shell,14,Shell,True,1.0
C:\Users\vitor\.cache\kagglehub\datasets\sujitraarw\coffee-green-bean-with-17-defects-original\versions\1\Shell\Shell_48.jpg,Shell,14,Shell,True,1.0
C:\Users\vitor\.cache\kagglehub\datasets\sujitraarw\coffee-green-bean-with-17-defects-original\versions\1\Shell\Shell_49.jpg,Shell,14,Shell,True,1.0
C:\Users\vitor\.cache\kagglehub\datasets\sujitraarw\coffee-green-bean-with-17-defects-original\versions\1\Shell\Shell_50.jpg,Shell,14,Shell,True,1.0
C:\Users\vitor\.cache\kagglehub\datasets\sujitraarw\coffee-green-bean-with-17-defects-original\versions\1\Shell\Shell_51.jpg,Shell,14,Shell,True,1.0
C:\Users\vitor\.cache\kagglehub\datasets\sujitraarw\coffee-green-bean-with-17-defects-original\versions\1\Shell\Shell_52.jpg,Shell,14,Shell,True,1.0
C:\Users\vitor\.cache\kagglehub\datasets\sujitraarw\coffee-green-bean-with-17-defects-original\versions\1\Shell\Shell_53.jpg,Shell,14,Shell,True,1.0
C:\Users\vitor\.cache\kagglehub\datasets\sujitraarw\coffee-green-bean-with-17-defects-original\versions\1\Shell\Shell_54.jpg,Shell,14,Shell,True,1.0
C:\Users\vitor\.cache\kagglehub\datasets\sujitraarw\coffee-green-bean-with-17-defects-original\versions\1\Shell\Shell_55.jpg,Shell,14,Shell,True,1.0
C:\Users\vitor\.cache\kagglehub\datasets\sujitraarw\coffee-green-bean-with-17-defects-original\versions\1\Shell\Shell_56.jpg,Shell,14,Shell,True,1.0
C:\Users\vitor\.cache\kagglehub\datasets\sujitraarw\coffee-green-bean-with-17-defects-original\versions\1\Shell\Shell_57.jpg,Shell,14,Shell,True,1.0
C:\Users\vitor\.cache\kagglehub\datasets\sujitraarw\coffee-green-bean-with-17-defects-original\versions\1\Slight Insect Damage\Slight Insect Damage_01.jpg,Slight Insect Damage,15,Slight Insect Damage,True,1.0
C:\Users\vitor\.cache\kagglehub\datasets\sujitraarw\coffee-green-bean-with-17-defects-original\versions\1\Slight Insect Damage\Slight Insect Damage_02.jpg,Slight Insect Damage,15,Slight Insect Damage,True,1.0
C:\Users\vitor\.cache\kagglehub\datasets\sujitraarw\coffee-green-bean-with-17-defects-original\versions\1\Slight Insect Damage\Slight Insect Damage_03.jpg,Slight Insect Damage,15,Slight Insect Damage,True,1.0
C:\Users\vitor\.cache\kagglehub\datasets\sujitraarw\coffee-green-bean-with-17-defects-original\versions\1\Slight Insect Damage\Slight Insect Damage_04.jpg,Slight Insect Damage,15,Slight Insect Damage,True,1.0
C:\Users\vitor\.cache\kagglehub\datasets\sujitraarw\coffee-green-bean-with-17-defects-original\versions\1\Slight Insect Damage\Slight Insect Damage_05.jpg,Slight Insect Damage,15,Slight Insect Damage,True,1.0
C:\Users\vitor\.cache\kagglehub\datasets\sujitraarw\coffee-green-bean-with-17-defects-original\versions\1\Slight Insect Damage\Slight Insect Damage_06.jpg,Slight Insect Damage,15,Slight Insect Damage,True,1.0
C:\Users\vitor\.cache\kagglehub\datasets\sujitraarw\coffee-green-bean-with-17-defects-original\versions\1\Slight Insect Damage\Slight Insect Damage_07.jpg,Slight Insect Damage,15,Slight Insect Damage,True,1.0
C:\Users\vitor\.cache\kagglehub\datasets\sujitraarw\coffee-green-bean-with-17-defects-original\versions\1\Slight Insect Damage\Slight Insect Damage_08.jpg,Slight Insect Damage,15,Slight Insect Damage,True,1.0
C:\Users\vitor\.cache\kagglehub\datasets\sujitraarw\coffee-green-bean-with-17-defects-original\versions\1\Slight Insect Damage\Slight Insect Damage_09.jpg,Slight Insect Damage,15,Slight Insect Damage,True,1.0
C:\Users\vitor\.cache\kagglehub\datasets\sujitraarw\coffee-green-bean-with-17-defects-original\versions\1\Slight Insect Damage\Slight Insect Damage_10.jpg,Slight Insect Damage,15,Slight Insect Damage,True,1.0
C:\Users\vitor\.cache\kagglehub\datasets\sujitraarw\coffee-green-bean-with-17-defects-original\versions\1\Slight Insect Damage\Slight Insect Damage_11.jpg,Slight Insect Damage,15,Slight Insect Damage,True,1.0
C:\Users\vitor\.cache\kagglehub\datasets\sujitraarw\coffee-green-bean-with-17-defects-original\versions\1\Slight Insect Damage\Slight Insect Damage_12.jpg,Slight Insect Damage,15,Slight Insect Damage,True,1.0
C:\Users\vitor\.cache\kagglehub\datasets\sujitraarw\coffee-green-bean-with-17-defects-original\versions\1\Slight Insect Damage\Slight Insect Damage_13.jpg,Slight Insect Damage,15,Slight Insect Damage,True,1.0
C:\Users\vitor\.cache\kagglehub\datasets\sujitraarw\coffee-green-bean-with-17-defects-original\versions\1\Slight Insect Damage\Slight Insect Damage_14.jpg,Slight Insect Damage,15,Slight Insect Damage,True,1.0
C:\Users\vitor\.cache\kagglehub\datasets\sujitraarw\coffee-green-bean-with-17-defects-original\versions\1\Slight Insect Damage\Slight Insect Damage_15.jpg,Slight Insect Damage,15,Slight Insect Damage,True,1.0
C:\Users\vitor\.cache\kagglehub\datasets\sujitraarw\coffee-green-bean-with-17-defects-original\versions\1\Slight Insect Damage\Slight Insect Damage_16.jpg,Slight Insect Damage,15,Slight Insect Damage,True,1.0
C:\Users\vitor\.cache\kagglehub\datasets\sujitraarw\coffee-green-bean-with-17-defects-original\versions\1\Slight Insect Damage\Slight Insect Damage_17.jpg,Slight Insect Damage,15,Slight Insect Damage,True,1.0
C:\Users\vitor\.cache\kagglehub\datasets\sujitraarw\coffee-green-bean-with-17-defects-original\versions\1\Slight Insect Damage\Slight Insect Damage_18.jpg,Slight Insect Damage,15,Slight Insect Damage,True,1.0
C:\Users\vitor\.cache\kagglehub\datasets\sujitraarw\coffee-green-bean-with-17-defects-original\versions\1\Slight Insect Damage\Slight Insect Damage_19.jpg,Slight Insect Damage,15,Slight Insect Damage,True,1.0
C:\Users\vitor\.cache\kagglehub\datasets\sujitraarw\coffee-green-bean-with-17-defects-original\versions\1\Slight Insect Damage\Slight Insect Damage_20.jpg,Slight Insect Damage,15,Slight Insect Damage,True,1.0
C:\Users\vitor\.cache\kagglehub\datasets\sujitraarw\coffee-green-bean-with-17-defects-original\versions\1\Slight Insect Damage\Slight Insect Damage_21.jpg,Slight Insect Damage,15,Slight Insect Damage,True,1.0
C:\Users\vitor\.cache\kagglehub\datasets\sujitraarw\coffee-green-bean-with-17-defects-original\versions\1\Slight Insect Damage\Slight Insect Damage_22.jpg,Slight Insect Damage,15,Slight Insect Damage,True,1.0
C:\Users\vitor\.cache\kagglehub\datasets\sujitraarw\coffee-green-bean-with-17-defects-original\versions\1\Slight Insect Damage\Slight Insect Damage_23.jpg,Slight Insect Damage,15,Slight Insect Damage,True,1.0
C:\Users\vitor\.cache\kagglehub\datasets\sujitraarw\coffee-green-bean-with-17-defects-original\versions\1\Slight Insect Damage\Slight Insect Damage_24.jpg,Slight Insect Damage,15,Slight Insect Damage,True,1.0
C:\Users\vitor\.cache\kagglehub\datasets\sujitraarw\coffee-green-bean-with-17-defects-original\versions\1\Slight Insect Damage\Slight Insect Damage_25.jpg,Slight Insect Damage,15,Slight Insect Damage,True,1.0
C:\Users\vitor\.cache\kagglehub\datasets\sujitraarw\coffee-green-bean-with-17-defects-original\versions\1\Slight Insect Damage\Slight Insect Damage_26.jpg,Slight Insect Damage,15,Slight Insect Damage,True,1.0
C:\Users\vitor\.cache\kagglehub\datasets\sujitraarw\coffee-green-bean-with-17-defects-original\versions\1\Slight Insect Damage\Slight Insect Damage_27.jpg,Slight Insect Damage,15,Slight Insect Damage,True,1.0
C:\Users\vitor\.cache\kagglehub\datasets\sujitraarw\coffee-green-bean-with-17-defects-original\versions\1\Slight Insect Damage\Slight Insect Damage_28.jpg,Slight Insect Damage,15,Slight Insect Damage,True,1.0
C:\Users\vitor\.cache\kagglehub\datasets\sujitraarw\coffee-green-bean-with-17-defects-original\versions\1\Slight Insect Damage\Slight Insect Damage_29.jpg,Slight Insect Damage,15,Slight Insect Damage,True,1.0
C:\Users\vitor\.cache\kagglehub\datasets\sujitraarw\coffee-green-bean-with-17-defects-original\versions\1\Slight Insect Damage\Slight Insect Damage_30.jpg,Slight Insect Damage,15,Slight Insect Damage,True,1.0
C:\Users\vitor\.cache\kagglehub\datasets\sujitraarw\coffee-green-bean-with-17-defects-original\versions\1\Slight Insect Damage\Slight Insect Damage_31.jpg,Slight Insect Damage,15,Slight Insect Damage,True,1.0
C:\Users\vitor\.cache\kagglehub\datasets\sujitraarw\coffee-green-bean-with-17-defects-original\versions\1\Slight Insect Damage\Slight Insect Damage_32.jpg,Slight Insect Damage,15,Slight Insect Damage,True,1.0
C:\Users\vitor\.cache\kagglehub\datasets\sujitraarw\coffee-green-bean-with-17-defects-original\versions\1\Slight Insect Damage\Slight Insect Damage_33.jpg,Slight Insect Damage,15,Slight Insect Damage,True,1.0
C:\Users\vitor\.cache\kagglehub\datasets\sujitraarw\coffee-green-bean-with-17-defects-original\versions\1\Slight Insect Damage\Slight Insect Damage_34.jpg,Slight Insect Damage,15,Slight Insect Damage,True,1.0
C:\Users\vitor\.cache\kagglehub\datasets\sujitraarw\coffee-green-bean-with-17-defects-original\versions\1\Slight Insect Damage\Slight Insect Damage_35.jpg,Slight Insect Damage,15,Slight Insect Damage,True,1.0
C:\Users\vitor\.cache\kagglehub\datasets\sujitraarw\coffee-green-bean-with-17-defects-original\versions\1\Slight Insect Damage\Slight Insect Damage_36.jpg,Slight Insect Damage,15,Slight Insect Damage,True,1.0
C:\Users\vitor\.cache\kagglehub\datasets\sujitraarw\coffee-green-bean-with-17-defects-original\versions\1\Slight Insect Damage\Slight Insect Damage_37.jpg,Slight Insect Damage,15,Slight Insect Damage,True,1.0
C:\Users\vitor\.cache\kagglehub\datasets\sujitraarw\coffee-green-bean-with-17-defects-original\versions\1\Slight Insect Damage\Slight Insect Damage_38.jpg,Slight Insect Damage,15,Slight Insect Damage,True,1.0
C:\Users\vitor\.cache\kagglehub\datasets\sujitraarw\coffee-green-bean-with-17-defects-original\versions\1\Slight Insect Damage\Slight Insect Damage_39.jpg,Slight Insect Damage,15,Slight Insect Damage,True,1.0
C:\Users\vitor\.cache\kagglehub\datasets\sujitraarw\coffee-green-bean-with-17-defects-original\versions\1\Slight Insect Damage\Slight Insect Damage_40.jpg,Slight Insect Damage,15,Slight Insect Damage,True,1.0
C:\Users\vitor\.cache\kagglehub\datasets\sujitraarw\coffee-green-bean-with-17-defects-original\versions\1\Slight Insect Damage\Slight Insect Damage_41.jpg,Slight Insect Damage,15,Slight Insect Damage,True,1.0
C:\Users\vitor\.cache\kagglehub\datasets\sujitraarw\coffee-green-bean-with-17-defects-original\versions\1\Slight Insect Damage\Slight Insect Damage_42.jpg,Slight Insect Damage,15,Slight Insect Damage,True,1.0
C:\Users\vitor\.cache\kagglehub\datasets\sujitraarw\coffee-green-bean-with-17-defects-original\versions\1\Slight Insect Damage\Slight Insect Damage_43.jpg,Slight Insect Damage,15,Slight Insect Damage,True,1.0
C:\Users\vitor\.cache\kagglehub\datasets\sujitraarw\coffee-green-bean-with-17-defects-original\versions\1\Slight Insect Damage\Slight Insect Damage_44.jpg,Slight Insect Damage,15,Slight Insect Damage,True,1.0
C:\Users\vitor\.cache\kagglehub\datasets\sujitraarw\coffee-green-bean-with-17-defects-original\versions\1\Slight Insect Damage\Slight Insect Damage_45.jpg,Slight Insect Damage,15,Slight Insect Damage,True,1.0
C:\Users\vitor\.cache\kagglehub\datasets\sujitraarw\coffee-green-bean-with-17-defects-original\versions\1\Slight Insect Damage\Slight Insect Damage_46.jpg,Slight Insect Damage,15,Slight Insect Damage,True,1.0
C:\Users\vitor\.cache\kagglehub\datasets\sujitraarw\coffee-green-bean-with-17-defects-original\versions\1\Slight Insect Damage\Slight Insect Damage_47.jpg,Slight Insect Damage,15,Slight Insect Damage,True,1.0
C:\Users\vitor\.cache\kagglehub\datasets\sujitraarw\coffee-green-bean-with-17-defects-original\versions\1\Slight Insect Damage\Slight Insect Damage_48.jpg,Slight Insect Damage,15,Slight Insect Damage,True,1.0
C:\Users\vitor\.cache\kagglehub\datasets\sujitraarw\coffee-green-bean-with-17-defects-original\versions\1\Slight Insect Damage\Slight Insect Damage_49.jpg,Slight Insect Damage,15,Slight Insect Damage,True,1.0
C:\Users\vitor\.cache\kagglehub\datasets\sujitraarw\coffee-green-bean-with-17-defects-original\versions\1\Slight Insect Damage\Slight Insect Damage_50.jpg,Slight Insect Damage,15,Slight Insect Damage,True,1.0
C:\Users\vitor\.cache\kagglehub\datasets\sujitraarw\coffee-green-bean-with-17-defects-original\versions\1\Slight Insect Damage\Slight Insect Damage_51.jpg,Slight Insect Damage,15,Slight Insect Damage,True,1.0
C:\Users\vitor\.cache\kagglehub\datasets\sujitraarw\coffee-green-bean-with-17-defects-original\versions\1\Slight Insect Damage\Slight Insect Damage_52.jpg,Slight Insect Damage,15,Slight Insect Damage,True,1.0
C:\Users\vitor\.cache\kagglehub\datasets\sujitraarw\coffee-green-bean-with-17-defects-original\versions\1\Slight Insect Damage\Slight Insect Damage_53.jpg,Slight Insect Damage,15,Slight Insect Damage,True,1.0
C:\Users\vitor\.cache\kagglehub\datasets\sujitraarw\coffee-green-bean-with-17-defects-original\versions\1\Slight Insect Damage\Slight Insect Damage_54.jpg,Slight Insect Damage,15,Slight Insect Damage,True,1.0
C:\Users\vitor\.cache\kagglehub\datasets\sujitraarw\coffee-green-bean-with-17-defects-original\versions\1\Slight Insect Damage\Slight Insect Damage_55.jpg,Slight Insect Damage,15,Slight Insect Damage,True,1.0
C:\Users\vitor\.cache\kagglehub\datasets\sujitraarw\coffee-green-bean-with-17-defects-original\versions\1\Slight Insect Damage\Slight Insect Damage_01.jpg,Slight Insect Damage,15,Slight Insect Damage,True,1.0
C:\Users\vitor\.cache\kagglehub\datasets\sujitraarw\coffee-green-bean-with-17-defects-original\versions\1\Slight Insect Damage\Slight Insect Damage_02.jpg,Slight Insect Damage,15,Slight Insect Damage,True,1.0
C:\Users\vitor\.cache\kagglehub\datasets\sujitraarw\coffee-green-bean-with-17-defects-original\versions\1\Slight Insect Damage\Slight Insect Damage_03.jpg,Slight Insect Damage,15,Slight Insect Damage,True,1.0
C:\Users\vitor\.cache\kagglehub\datasets\sujitraarw\coffee-green-bean-with-17-defects-original\versions\1\Slight Insect Damage\Slight Insect Damage_04.jpg,Slight Insect Damage,15,Slight Insect Damage,True,1.0
C:\Users\vitor\.cache\kagglehub\datasets\sujitraarw\coffee-green-bean-with-17-defects-original\versions\1\Slight Insect Damage\Slight Insect Damage_05.jpg,Slight Insect Damage,15,Slight Insect Damage,True,1.0
C:\Users\vitor\.cache\kagglehub\datasets\sujitraarw\coffee-green-bean-with-17-defects-original\versions\1\Slight Insect Damage\Slight Insect Damage_06.jpg,Slight Insect Damage,15,Slight Insect Damage,True,1.0
C:\Users\vitor\.cache\kagglehub\datasets\sujitraarw\coffee-green-bean-with-17-defects-original\versions\1\Slight Insect Damage\Slight Insect Damage_07.jpg,Slight Insect Damage,15,Slight Insect Damage,True,1.0
C:\Users\vitor\.cache\kagglehub\datasets\sujitraarw\coffee-green-bean-with-17-defects-original\versions\1\Slight Insect Damage\Slight Insect Damage_08.jpg,Slight Insect Damage,15,Slight Insect Damage,True,1.0
C:\Users\vitor\.cache\kagglehub\datasets\sujitraarw\coffee-green-bean-with-17-defects-original\versions\1\Slight Insect Damage\Slight Insect Damage_09.jpg,Slight Insect Damage,15,Slight Insect Damage,True,1.0
C:\Users\vitor\.cache\kagglehub\datasets\sujitraarw\coffee-green-bean-with-17-defects-original\versions\1\Slight Insect Damage\Slight Insect Damage_10.jpg,Slight Insect Damage,15,Slight Insect Damage,True,1.0
C:\Users\vitor\.cache\kagglehub\datasets\sujitraarw\coffee-green-bean-with-17-defects-original\versions\1\Slight Insect Damage\Slight Insect Damage_11.jpg,Slight Insect Damage,15,Slight Insect Damage,True,1.0
C:\Users\vitor\.cache\kagglehub\datasets\sujitraarw\coffee-green-bean-with-17-defects-original\versions\1\Slight Insect Damage\Slight Insect Damage_12.jpg,Slight Insect Damage,15,Slight Insect Damage,True,1.0
C:\Users\vitor\.cache\kagglehub\datasets\sujitraarw\coffee-green-bean-with-17-defects-original\versions\1\Slight Insect Damage\Slight Insect Damage_13.jpg,Slight Insect Damage,15,Slight Insect Damage,True,1.0
C:\Users\vitor\.cache\kagglehub\datasets\sujitraarw\coffee-green-bean-with-17-defects-original\versions\1\Slight Insect Damage\Slight Insect Damage_14.jpg,Slight Insect Damage,15,Slight Insect Damage,True,1.0
C:\Users\vitor\.cache\kagglehub\datasets\sujitraarw\coffee-green-bean-with-17-defects-original\versions\1\Slight Insect Damage\Slight Insect Damage_15.jpg,Slight Insect Damage,15,Slight Insect Damage,True,1.0
C:\Users\vitor\.cache\kagglehub\datasets\sujitraarw\coffee-green-bean-with-17-defects-original\versions\1\Slight Insect Damage\Slight Insect Damage_16.jpg,Slight Insect Damage,15,Slight Insect Damage,True,1.0
C:\Users\vitor\.cache\kagglehub\datasets\sujitraarw\coffee-green-bean-with-17-defects-original\versions\1\Slight Insect Damage\Slight Insect Damage_17.jpg,Slight Insect Damage,15,Slight Insect Damage,True,1.0
C:\Users\vitor\.cache\kagglehub\datasets\sujitraarw\coffee-green-bean-with-17-defects-original\versions\1\Slight Insect Damage\Slight Insect Damage_18.jpg,Slight Insect Damage,15,Slight Insect Damage,True,1.0
C:\Users\vitor\.cache\kagglehub\datasets\sujitraarw\coffee-green-bean-with-17-defects-original\versions\1\Slight Insect Damage\Slight Insect Damage_19.jpg,Slight Insect Damage,15,Slight Insect Damage,True,1.0
C:\Users\vitor\.cache\kagglehub\datasets\sujitraarw\coffee-green-bean-with-17-defects-original\versions\1\Slight Insect Damage\Slight Insect Damage_20.jpg,Slight Insect Damage,15,Slight Insect Damage,True,1.0
C:\Users\vitor\.cache\kagglehub\datasets\sujitraarw\coffee-green-bean-with-17-defects-original\versions\1\Slight Insect Damage\Slight Insect Damage_21.jpg,Slight Insect Damage,15,Slight Insect Damage,True,1.0
C:\Users\vitor\.cache\kagglehub\datasets\sujitraarw\coffee-green-bean-with-17-defects-original\versions\1\Slight Insect Damage\Slight Insect Damage_22.jpg,Slight Insect Damage,15,Slight Insect Damage,True,1.0
C:\Users\vitor\.cache\kagglehub\datasets\sujitraarw\coffee-green-bean-with-17-defects-original\versions\1\Slight Insect Damage\Slight Insect Damage_23.jpg,Slight Insect Damage,15,Slight Insect Damage,True,1.0
C:\Users\vitor\.cache\kagglehub\datasets\sujitraarw\coffee-green-bean-with-17-defects-original\versions\1\Slight Insect Damage\Slight Insect Damage_24.jpg,Slight Insect Damage,15,Slight Insect Damage,True,1.0
C:\Users\vitor\.cache\kagglehub\datasets\sujitraarw\coffee-green-bean-with-17-defects-original\versions\1\Slight Insect Damage\Slight Insect Damage_25.jpg,Slight Insect Damage,15,Slight Insect Damage,True,1.0
C:\Users\vitor\.cache\kagglehub\datasets\sujitraarw\coffee-green-bean-with-17-defects-original\versions\1\Slight Insect Damage\Slight Insect Damage_26.jpg,Slight Insect Damage,15,Slight Insect Damage,True,1.0
C:\Users\vitor\.cache\kagglehub\datasets\sujitraarw\coffee-green-bean-with-17-defects-original\versions\1\Slight Insect Damage\Slight Insect Damage_27.jpg,Slight Insect Damage,15,Slight Insect Damage,True,1.0
C:\Users\vitor\.cache\kagglehub\datasets\sujitraarw\coffee-green-bean-with-17-defects-original\versions\1\Slight Insect Damage\Slight Insect Damage_28.jpg,Slight Insect Damage,15,Slight Insect Damage,True,1.0
C:\Users\vitor\.cache\kagglehub\datasets\sujitraarw\coffee-green-bean-with-17-defects-original\versions\1\Slight Insect Damage\Slight Insect Damage_29.jpg,Slight Insect Damage,15,Slight Insect Damage,True,1.0
C:\Users\vitor\.cache\kagglehub\datasets\sujitraarw\coffee-green-bean-with-17-defects-original\versions\1\Slight Insect Damage\Slight Insect Damage_30.jpg,Slight Insect Damage,15,Slight Insect Damage,True,1.0
C:\Users\vitor\.cache\kagglehub\datasets\sujitraarw\coffee-green-bean-with-17-defects-original\versions\1\Slight Insect Damage\Slight Insect Damage_31.jpg,Slight Insect Damage,15,Slight Insect Damage,True,1.0
C:\Users\vitor\.cache\kagglehub\datasets\sujitraarw\coffee-green-bean-with-17-defects-original\versions\1\Slight Insect Damage\Slight Insect Damage_32.jpg,Slight Insect Damage,15,Slight Insect Damage,True,1.0
C:\Users\vitor\.cache\kagglehub\datasets\sujitraarw\coffee-green-bean-with-17-defects-original\versions\1\Slight Insect Damage\Slight Insect Damage_33.jpg,Slight Insect Damage,15,Slight Insect Damage,True,1.0
C:\Users\vitor\.cache\kagglehub\datasets\sujitraarw\coffee-green-bean-with-17-defects-original\versions\1\Slight Insect Damage\Slight Insect Damage_34.jpg,Slight Insect Damage,15,Slight Insect Damage,True,1.0
C:\Users\vitor\.cache\kagglehub\datasets\sujitraarw\coffee-green-bean-with-17-defects-original\versions\1\Slight Insect Damage\Slight Insect Damage_35.jpg,Slight Insect Damage,15,Slight Insect Damage,True,1.0
C:\Users\vitor\.cache\kagglehub\datasets\sujitraarw\coffee-green-bean-with-17-defects-original\versions\1\Slight Insect Damage\Slight Insect Damage_36.jpg,Slight Insect Damage,15,Slight Insect Damage,True,1.0
C:\Users\vitor\.cache\kagglehub\datasets\sujitraarw\coffee-green-bean-with-17-defects-original\versions\1\Slight Insect Damage\Slight Insect Damage_37.jpg,Slight Insect Damage,15,Slight Insect Damage,True,1.0
C:\Users\vitor\.cache\kagglehub\datasets\sujitraarw\coffee-green-bean-with-17-defects-original\versions\1\Slight Insect Damage\Slight Insect Damage_38.jpg,Slight Insect Damage,15,Slight Insect Damage,True,1.0
C:\Users\vitor\.cache\kagglehub\datasets\sujitraarw\coffee-green-bean-with-17-defects-original\versions\1\Slight Insect Damage\Slight Insect Damage_39.jpg,Slight Insect Damage,15,Slight Insect Damage,True,1.0
C:\Users\vitor\.cache\kagglehub\datasets\sujitraarw\coffee-green-bean-with-17-defects-original\versions\1\Slight Insect Damage\Slight Insect Damage_40.jpg,Slight Insect Damage,15,Slight Insect Damage,True,1.0
C:\Users\vitor\.cache\kagglehub\datasets\sujitraarw\coffee-green-bean-with-17-defects-original\versions\1\Slight Insect Damage\Slight Insect Damage_41.jpg,Slight Insect Damage,15,Slight Insect Damage,True,1.0
C:\Users\vitor\.cache\kagglehub\datasets\sujitraarw\coffee-green-bean-with-17-defects-original\versions\1\Slight Insect Damage\Slight Insect Damage_42.jpg,Slight Insect Damage,15,Slight Insect Damage,True,1.0
C:\Users\vitor\.cache\kagglehub\datasets\sujitraarw\coffee-green-bean-with-17-defects-original\versions\1\Slight Insect Damage\Slight Insect Damage_43.jpg,Slight Insect Damage,15,Slight Insect Damage,True,1.0
C:\Users\vitor\.cache\kagglehub\datasets\sujitraarw\coffee-green-bean-with-17-defects-original\versions\1\Slight Insect Damage\Slight Insect Damage_44.jpg,Slight Insect Damage,15,Slight Insect Damage,True,1.0
C:\Users\vitor\.cache\kagglehub\datasets\sujitraarw\coffee-green-bean-with-17-defects-original\versions\1\Slight Insect Damage\Slight Insect Damage_45.jpg,Slight Insect Damage,15,Slight Insect Damage,True,1.0
C:\Users\vitor\.cache\kagglehub\datasets\sujitraarw\coffee-green-bean-with-17-defects-original\versions\1\Slight Insect Damage\Slight Insect Damage_46.jpg,Slight Insect Damage,15,Slight Insect Damage,True,1.0
C:\Users\vitor\.cache\kagglehub\datasets\sujitraarw\coffee-green-bean-with-17-defects-original\versions\1\Slight Insect Damage\Slight Insect Damage_47.jpg,Slight Insect Damage,15,Slight Insect Damage,True,1.0
C:\Users\vitor\.cache\kagglehub\datasets\sujitraarw\coffee-green-bean-with-17-defects-original\versions\1\Slight Insect Damage\Slight Insect Damage_48.jpg,Slight Insect Damage,15,Slight Insect Damage,True,1.0
C:\Users\vitor\.cache\kagglehub\datasets\sujitraarw\coffee-green-bean-with-17-defects-original\versions\1\Slight Insect Damage\Slight Insect Damage_49.jpg,Slight Insect Damage,15,Slight Insect Damage,True,1.0
C:\Users\vitor\.cache\kagglehub\datasets\sujitraarw\coffee-green-bean-with-17-defects-original\versions\1\Slight Insect Damage\Slight Insect Damage_50.jpg,Slight Insect Damage,15,Slight Insect Damage,True,1.0
C:\Users\vitor\.cache\kagglehub\datasets\sujitraarw\coffee-green-bean-with-17-defects-original\versions\1\Slight Insect Damage\Slight Insect Damage_51.jpg,Slight Insect Damage,15,Slight Insect Damage,True,1.0
C:\Users\vitor\.cache\kagglehub\datasets\sujitraarw\coffee-green-bean-with-17-defects-original\versions\1\Slight Insect Damage\Slight Insect Damage_52.jpg,Slight Insect Damage,15,Slight Insect Damage,True,1.0
C:\Users\vitor\.cache\kagglehub\datasets\sujitraarw\coffee-green-bean-with-17-defects-original\versions\1\Slight Insect Damage\Slight Insect Damage_53.jpg,Slight Insect Damage,15,Slight Insect Damage,True,1.0
C:\Users\vitor\.cache\kagglehub\datasets\sujitraarw\coffee-green-bean-with-17-defects-original\versions\1\Slight Insect Damage\Slight Insect Damage_54.jpg,Slight Insect Damage,15,Slight Insect Damage,True,1.0
C:\Users\vitor\.cache\kagglehub\datasets\sujitraarw\coffee-green-bean-with-17-defects-original\versions\1\Slight Insect Damage\Slight Insect Damage_55.jpg,Slight Insect Damage,15,Slight Insect Damage,True,1.0
C:\Users\vitor\.cache\kagglehub\datasets\sujitraarw\coffee-green-bean-with-17-defects-original\versions\1\Withered\Withered_01.jpg,Withered,16,Withered,True,1.0
C:\Users\vitor\.cache\kagglehub\datasets\sujitraarw\coffee-green-bean-with-17-defects-original\versions\1\Withered\Withered_02.jpg,Withered,16,Withered,True,1.0
C:\Users\vitor\.cache\kagglehub\datasets\sujitraarw\coffee-green-bean-with-17-defects-original\versions\1\Withered\Withered_03.jpg,Withered,16,Withered,True,1.0
C:\Users\vitor\.cache\kagglehub\datasets\sujitraarw\coffee-green-bean-with-17-defects-original\versions\1\Withered\Withered_04.jpg,Withered,16,Withered,True,1.0
C:\Users\vitor\.cache\kagglehub\datasets\sujitraarw\coffee-green-bean-with-17-defects-original\versions\1\Withered\Withered_05.jpg,Withered,16,Withered,True,1.0
C:\Users\vitor\.cache\kagglehub\datasets\sujitraarw\coffee-green-bean-with-17-defects-original\versions\1\Withered\Withered_06.jpg,Withered,16,Withered,True,1.0
C:\Users\vitor\.cache\kagglehub\datasets\sujitraarw\coffee-green-bean-with-17-defects-original\versions\1\Withered\Withered_07.jpg,Withered,16,Withered,True,1.0
C:\Users\vitor\.cache\kagglehub\datasets\sujitraarw\coffee-green-bean-with-17-defects-original\versions\1\Withered\Withered_08.jpg,Withered,16,Withered,True,1.0
C:\Users\vitor\.cache\kagglehub\datasets\sujitraarw\coffee-green-bean-with-17-defects-original\versions\1\Withered\Withered_09.jpg,Withered,16,Withered,True,1.0
C:\Users\vitor\.cache\kagglehub\datasets\sujitraarw\coffee-green-bean-with-17-defects-original\versions\1\Withered\Withered_10.jpg,Withered,16,Withered,True,1.0
C:\Users\vitor\.cache\kagglehub\datasets\sujitraarw\coffee-green-bean-with-17-defects-original\versions\1\Withered\Withered_11.jpg,Withered,16,Withered,True,1.0
C:\Users\vitor\.cache\kagglehub\datasets\sujitraarw\coffee-green-bean-with-17-defects-original\versions\1\Withered\Withered_12.jpg,Withered,16,Withered,True,1.0
C:\Users\vitor\.cache\kagglehub\datasets\sujitraarw\coffee-green-bean-with-17-defects-original\versions\1\Withered\Withered_13.jpg,Withered,16,Withered,True,1.0
C:\Users\vitor\.cache\kagglehub\datasets\sujitraarw\coffee-green-bean-with-17-defects-original\versions\1\Withered\Withered_14.jpg,Withered,16,Withered,True,1.0
C:\Users\vitor\.cache\kagglehub\datasets\sujitraarw\coffee-green-bean-with-17-defects-original\versions\1\Withered\Withered_15.jpg,Withered,16,Withered,True,1.0
C:\Users\vitor\.cache\kagglehub\datasets\sujitraarw\coffee-green-bean-with-17-defects-original\versions\1\Withered\Withered_16.jpg,Withered,16,Withered,True,1.0
C:\Users\vitor\.cache\kagglehub\datasets\sujitraarw\coffee-green-bean-with-17-defects-original\versions\1\Withered\Withered_17.jpg,Withered,16,Withered,True,1.0
C:\Users\vitor\.cache\kagglehub\datasets\sujitraarw\coffee-green-bean-with-17-defects-original\versions\1\Withered\Withered_18.jpg,Withered,16,Withered,True,1.0
C:\Users\vitor\.cache\kagglehub\datasets\sujitraarw\coffee-green-bean-with-17-defects-original\versions\1\Withered\Withered_19.jpg,Withered,16,Withered,True,1.0
C:\Users\vitor\.cache\kagglehub\datasets\sujitraarw\coffee-green-bean-with-17-defects-original\versions\1\Withered\Withered_20.jpg,Withered,16,Withered,True,1.0
C:\Users\vitor\.cache\kagglehub\datasets\sujitraarw\coffee-green-bean-with-17-defects-original\versions\1\Withered\Withered_21.jpg,Withered,16,Withered,True,1.0
C:\Users\vitor\.cache\kagglehub\datasets\sujitraarw\coffee-green-bean-with-17-defects-original\versions\1\Withered\Withered_22.jpg,Withered,16,Withered,True,1.0
C:\Users\vitor\.cache\kagglehub\datasets\sujitraarw\coffee-green-bean-with-17-defects-original\versions\1\Withered\Withered_23.jpg,Withered,16,Withered,True,1.0
C:\Users\vitor\.cache\kagglehub\datasets\sujitraarw\coffee-green-bean-with-17-defects-original\versions\1\Withered\Withered_24.jpg,Withered,16,Withered,True,1.0
C:\Users\vitor\.cache\kagglehub\datasets\sujitraarw\coffee-green-bean-with-17-defects-original\versions\1\Withered\Withered_25.jpg,Withered,16,Withered,True,1.0
C:\Users\vitor\.cache\kagglehub\datasets\sujitraarw\coffee-green-bean-with-17-defects-original\versions\1\Withered\Withered_26.jpg,Withered,16,Withered,True,1.0
C:\Users\vitor\.cache\kagglehub\datasets\sujitraarw\coffee-green-bean-with-17-defects-original\versions\1\Withered\Withered_27.jpg,Withered,16,Withered,True,1.0
C:\Users\vitor\.cache\kagglehub\datasets\sujitraarw\coffee-green-bean-with-17-defects-original\versions\1\Withered\Withered_28.jpg,Withered,16,Withered,True,1.0
C:\Users\vitor\.cache\kagglehub\datasets\sujitraarw\coffee-green-bean-with-17-defects-original\versions\1\Withered\Withered_29.jpg,Withered,16,Withered,True,1.0
C:\Users\vitor\.cache\kagglehub\datasets\sujitraarw\coffee-green-bean-with-17-defects-original\versions\1\Withered\Withered_30.jpg,Withered,16,Withered,True,1.0
C:\Users\vitor\.cache\kagglehub\datasets\sujitraarw\coffee-green-bean-with-17-defects-original\versions\1\Withered\Withered_31.jpg,Withered,16,Withered,True,1.0
C:\Users\vitor\.cache\kagglehub\datasets\sujitraarw\coffee-green-bean-with-17-defects-original\versions\1\Withered\Withered_32.jpg,Withered,16,Withered,True,1.0
C:\Users\vitor\.cache\kagglehub\datasets\sujitraarw\coffee-green-bean-with-17-defects-original\versions\1\Withered\Withered_33.jpg,Withered,16,Withered,True,1.0
C:\Users\vitor\.cache\kagglehub\datasets\sujitraarw\coffee-green-bean-with-17-defects-original\versions\1\Withered\Withered_34.jpg,Withered,16,Withered,True,1.0
C:\Users\vitor\.cache\kagglehub\datasets\sujitraarw\coffee-green-bean-with-17-defects-original\versions\1\Withered\Withered_35.jpg,Withered,16,Withered,True,1.0
C:\Users\vitor\.cache\kagglehub\datasets\sujitraarw\coffee-green-bean-with-17-defects-original\versions\1\Withered\Withered_36.jpg,Withered,16,Withered,True,1.0
C:\Users\vitor\.cache\kagglehub\datasets\sujitraarw\coffee-green-bean-with-17-defects-original\versions\1\Withered\Withered_37.jpg,Withered,16,Withered,True,1.0
C:\Users\vitor\.cache\kagglehub\datasets\sujitraarw\coffee-green-bean-with-17-defects-original\versions\1\Withered\Withered_38.jpg,Withered,16,Withered,True,1.0
C:\Users\vitor\.cache\kagglehub\datasets\sujitraarw\coffee-green-bean-with-17-defects-original\versions\1\Withered\Withered_39.jpg,Withered,16,Withered,True,1.0
C:\Users\vitor\.cache\kagglehub\datasets\sujitraarw\coffee-green-bean-with-17-defects-original\versions\1\Withered\Withered_40.jpg,Withered,16,Withered,True,1.0
C:\Users\vitor\.cache\kagglehub\datasets\sujitraarw\coffee-green-bean-with-17-defects-original\versions\1\Withered\Withered_41.jpg,Withered,16,Withered,True,1.0
C:\Users\vitor\.cache\kagglehub\datasets\sujitraarw\coffee-green-bean-with-17-defects-original\versions\1\Withered\Withered_42.jpg,Withered,16,Withered,True,1.0
C:\Users\vitor\.cache\kagglehub\datasets\sujitraarw\coffee-green-bean-with-17-defects-original\versions\1\Withered\Withered_43.jpg,Withered,16,Withered,True,1.0
C:\Users\vitor\.cache\kagglehub\datasets\sujitraarw\coffee-green-bean-with-17-defects-original\versions\1\Withered\Withered_44.jpg,Withered,16,Withered,True,1.0
C:\Users\vitor\.cache\kagglehub\datasets\sujitraarw\coffee-green-bean-with-17-defects-original\versions\1\Withered\Withered_45.jpg,Withered,16,Withered,True,1.0
C:\Users\vitor\.cache\kagglehub\datasets\sujitraarw\coffee-green-bean-with-17-defects-original\versions\1\Withered\Withered_46.jpg,Withered,16,Withered,True,1.0
C:\Users\vitor\.cache\kagglehub\datasets\sujitraarw\coffee-green-bean-with-17-defects-original\versions\1\Withered\Withered_47.jpg,Withered,16,Withered,True,1.0
C:\Users\vitor\.cache\kagglehub\datasets\sujitraarw\coffee-green-bean-with-17-defects-original\versions\1\Withered\Withered_48.jpg,Withered,16,Withered,True,1.0
C:\Users\vitor\.cache\kagglehub\datasets\sujitraarw\coffee-green-bean-with-17-defects-original\versions\1\Withered\Withered_49.jpg,Withered,16,Withered,True,1.0
C:\Users\vitor\.cache\kagglehub\datasets\sujitraarw\coffee-green-bean-with-17-defects-original\versions\1\Withered\Withered_50.jpg,Withered,16,Withered,True,1.0
C:\Users\vitor\.cache\kagglehub\datasets\sujitraarw\coffee-green-bean-with-17-defects-original\versions\1\Withered\Withered_51.jpg,Withered,16,Withered,True,1.0
C:\Users\vitor\.cache\kagglehub\datasets\sujitraarw\coffee-green-bean-with-17-defects-original\versions\1\Withered\Withered_52.jpg,Withered,16,Withered,True,1.0
C:\Users\vitor\.cache\kagglehub\datasets\sujitraarw\coffee-green-bean-with-17-defects-original\versions\1\Withered\Withered_53.jpg,Withered,16,Withered,True,1.0
C:\Users\vitor\.cache\kagglehub\datasets\sujitraarw\coffee-green-bean-with-17-defects-original\versions\1\Withered\Withered_54.jpg,Withered,16,Withered,True,1.0
C:\Users\vitor\.cache\kagglehub\datasets\sujitraarw\coffee-green-bean-with-17-defects-original\versions\1\Withered\Withered_01.jpg,Withered,16,Withered,True,1.0
C:\Users\vitor\.cache\kagglehub\datasets\sujitraarw\coffee-green-bean-with-17-defects-original\versions\1\Withered\Withered_02.jpg,Withered,16,Withered,True,1.0
C:\Users\vitor\.cache\kagglehub\datasets\sujitraarw\coffee-green-bean-with-17-defects-original\versions\1\Withered\Withered_03.jpg,Withered,16,Withered,True,1.0
C:\Users\vitor\.cache\kagglehub\datasets\sujitraarw\coffee-green-bean-with-17-defects-original\versions\1\Withered\Withered_04.jpg,Withered,16,Withered,True,1.0
C:\Users\vitor\.cache\kagglehub\datasets\sujitraarw\coffee-green-bean-with-17-defects-original\versions\1\Withered\Withered_05.jpg,Withered,16,Withered,True,1.0
C:\Users\vitor\.cache\kagglehub\datasets\sujitraarw\coffee-green-bean-with-17-defects-original\versions\1\Withered\Withered_06.jpg,Withered,16,Withered,True,1.0
C:\Users\vitor\.cache\kagglehub\datasets\sujitraarw\coffee-green-bean-with-17-defects-original\versions\1\Withered\Withered_07.jpg,Withered,16,Withered,True,1.0
C:\Users\vitor\.cache\kagglehub\datasets\sujitraarw\coffee-green-bean-with-17-defects-original\versions\1\Withered\Withered_08.jpg,Withered,16,Withered,True,1.0
C:\Users\vitor\.cache\kagglehub\datasets\sujitraarw\coffee-green-bean-with-17-defects-original\versions\1\Withered\Withered_09.jpg,Withered,16,Withered,True,1.0
C:\Users\vitor\.cache\kagglehub\datasets\sujitraarw\coffee-green-bean-with-17-defects-original\versions\1\Withered\Withered_10.jpg,Withered,16,Withered,True,1.0
C:\Users\vitor\.cache\kagglehub\datasets\sujitraarw\coffee-green-bean-with-17-defects-original\versions\1\Withered\Withered_11.jpg,Withered,16,Withered,True,1.0
C:\Users\vitor\.cache\kagglehub\datasets\sujitraarw\coffee-green-bean-with-17-defects-original\versions\1\Withered\Withered_12.jpg,Withered,16,Withered,True,1.0
C:\Users\vitor\.cache\kagglehub\datasets\sujitraarw\coffee-green-bean-with-17-defects-original\versions\1\Withered\Withered_13.jpg,Withered,16,Withered,True,1.0
C:\Users\vitor\.cache\kagglehub\datasets\sujitraarw\coffee-green-bean-with-17-defects-original\versions\1\Withered\Withered_14.jpg,Withered,16,Withered,True,1.0
C:\Users\vitor\.cache\kagglehub\datasets\sujitraarw\coffee-green-bean-with-17-defects-original\versions\1\Withered\Withered_15.jpg,Withered,16,Withered,True,1.0
C:\Users\vitor\.cache\kagglehub\datasets\sujitraarw\coffee-green-bean-with-17-defects-original\versions\1\Withered\Withered_16.jpg,Withered,16,Withered,True,1.0
C:\Users\vitor\.cache\kagglehub\datasets\sujitraarw\coffee-green-bean-with-17-defects-original\versions\1\Withered\Withered_17.jpg,Withered,16,Withered,True,1.0
C:\Users\vitor\.cache\kagglehub\datasets\sujitraarw\coffee-green-bean-with-17-defects-original\versions\1\Withered\Withered_18.jpg,Withered,16,Withered,True,1.0
C:\Users\vitor\.cache\kagglehub\datasets\sujitraarw\coffee-green-bean-with-17-defects-original\versions\1\Withered\Withered_19.jpg,Withered,16,Withered,True,1.0
C:\Users\vitor\.cache\kagglehub\datasets\sujitraarw\coffee-green-bean-with-17-defects-original\versions\1\Withered\Withered_20.jpg,Withered,16,Withered,True,1.0
C:\Users\vitor\.cache\kagglehub\datasets\sujitraarw\coffee-green-bean-with-17-defects-original\versions\1\Withered\Withered_21.jpg,Withered,16,Withered,True,1.0
C:\Users\vitor\.cache\kagglehub\datasets\sujitraarw\coffee-green-bean-with-17-defects-original\versions\1\Withered\Withered_22.jpg,Withered,16,Withered,True,1.0
C:\Users\vitor\.cache\kagglehub\datasets\sujitraarw\coffee-green-bean-with-17-defects-original\versions\1\Withered\Withered_23.jpg,Withered,16,Withered,True,1.0
C:\Users\vitor\.cache\kagglehub\datasets\sujitraarw\coffee-green-bean-with-17-defects-original\versions\1\Withered\Withered_24.jpg,Withered,16,Withered,True,1.0
C:\Users\vitor\.cache\kagglehub\datasets\sujitraarw\coffee-green-bean-with-17-defects-original\versions\1\Withered\Withered_25.jpg,Withered,16,Withered,True,1.0
C:\Users\vitor\.cache\kagglehub\datasets\sujitraarw\coffee-green-bean-with-17-defects-original\versions\1\Withered\Withered_26.jpg,Withered,16,Withered,True,1.0
C:\Users\vitor\.cache\kagglehub\datasets\sujitraarw\coffee-green-bean-with-17-defects-original\versions\1\Withered\Withered_27.jpg,Withered,16,Withered,True,1.0
C:\Users\vitor\.cache\kagglehub\datasets\sujitraarw\coffee-green-bean-with-17-defects-original\versions\1\Withered\Withered_28.jpg,Withered,16,Withered,True,1.0
C:\Users\vitor\.cache\kagglehub\datasets\sujitraarw\coffee-green-bean-with-17-defects-original\versions\1\Withered\Withered_29.jpg,Withered,16,Withered,True,1.0
C:\Users\vitor\.cache\kagglehub\datasets\sujitraarw\coffee-green-bean-with-17-defects-original\versions\1\Withered\Withered_30.jpg,Withered,16,Withered,True,1.0
C:\Users\vitor\.cache\kagglehub\datasets\sujitraarw\coffee-green-bean-with-17-defects-original\versions\1\Withered\Withered_31.jpg,Withered,16,Withered,True,1.0
C:\Users\vitor\.cache\kagglehub\datasets\sujitraarw\coffee-green-bean-with-17-defects-original\versions\1\Withered\Withered_32.jpg,Withered,16,Withered,True,1.0
C:\Users\vitor\.cache\kagglehub\datasets\sujitraarw\coffee-green-bean-with-17-defects-original\versions\1\Withered\Withered_33.jpg,Withered,16,Withered,True,1.0
C:\Users\vitor\.cache\kagglehub\datasets\sujitraarw\coffee-green-bean-with-17-defects-original\versions\1\Withered\Withered_34.jpg,Withered,16,Withered,True,1.0
C:\Users\vitor\.cache\kagglehub\datasets\sujitraarw\coffee-green-bean-with-17-defects-original\versions\1\Withered\Withered_35.jpg,Withered,16,Withered,True,1.0
C:\Users\vitor\.cache\kagglehub\datasets\sujitraarw\coffee-green-bean-with-17-defects-original\versions\1\Withered\Withered_36.jpg,Withered,16,Withered,True,1.0
C:\Users\vitor\.cache\kagglehub\datasets\sujitraarw\coffee-green-bean-with-17-defects-original\versions\1\Withered\Withered_37.jpg,Withered,16,Withered,True,1.0
C:\Users\vitor\.cache\kagglehub\datasets\sujitraarw\coffee-green-bean-with-17-defects-original\versions\1\Withered\Withered_38.jpg,Withered,16,Withered,True,1.0
C:\Users\vitor\.cache\kagglehub\datasets\sujitraarw\coffee-green-bean-with-17-defects-original\versions\1\Withered\Withered_39.jpg,Withered,16,Withered,True,1.0
C:\Users\vitor\.cache\kagglehub\datasets\sujitraarw\coffee-green-bean-with-17-defects-original\versions\1\Withered\Withered_40.jpg,Withered,16,Withered,True,1.0
C:\Users\vitor\.cache\kagglehub\datasets\sujitraarw\coffee-green-bean-with-17-defects-original\versions\1\Withered\Withered_41.jpg,Withered,16,Withered,True,1.0
C:\Users\vitor\.cache\kagglehub\datasets\sujitraarw\coffee-green-bean-with-17-defects-original\versions\1\Withered\Withered_42.jpg,Withered,16,Withered,True,1.0
C:\Users\vitor\.cache\kagglehub\datasets\sujitraarw\coffee-green-bean-with-17-defects-original\versions\1\Withered\Withered_43.jpg,Withered,16,Withered,True,1.0
C:\Users\vitor\.cache\kagglehub\datasets\sujitraarw\coffee-green-bean-with-17-defects-original\versions\1\Withered\Withered_44.jpg,Withered,16,Withered,True,1.0
C:\Users\vitor\.cache\kagglehub\datasets\sujitraarw\coffee-green-bean-with-17-defects-original\versions\1\Withered\Withered_45.jpg,Withered,16,Withered,True,1.0
C:\Users\vitor\.cache\kagglehub\datasets\sujitraarw\coffee-green-bean-with-17-defects-original\versions\1\Withered\Withered_46.jpg,Withered,16,Withered,True,1.0
C:\Users\vitor\.cache\kagglehub\datasets\sujitraarw\coffee-green-bean-with-17-defects-original\versions\1\Withered\Withered_47.jpg,Withered,16,Withered,True,1.0
C:\Users\vitor\.cache\kagglehub\datasets\sujitraarw\coffee-green-bean-with-17-defects-original\versions\1\Withered\Withered_48.jpg,Withered,16,Withered,True,1.0
C:\Users\vitor\.cache\kagglehub\datasets\sujitraarw\coffee-green-bean-with-17-defects-original\versions\1\Withered\Withered_49.jpg,Withered,16,Withered,True,1.0
C:\Users\vitor\.cache\kagglehub\datasets\sujitraarw\coffee-green-bean-with-17-defects-original\versions\1\Withered\Withered_50.jpg,Withered,16,Withered,True,1.0
C:\Users\vitor\.cache\kagglehub\datasets\sujitraarw\coffee-green-bean-with-17-defects-original\versions\1\Withered\Withered_51.jpg,Withered,16,Withered,True,1.0
C:\Users\vitor\.cache\kagglehub\datasets\sujitraarw\coffee-green-bean-with-17-defects-original\versions\1\Withered\Withered_52.jpg,Withered,16,Withered,True,1.0
C:\Users\vitor\.cache\kagglehub\datasets\sujitraarw\coffee-green-bean-with-17-defects-original\versions\1\Withered\Withered_53.jpg,Withered,16,Withered,True,1.0
C:\Users\vitor\.cache\kagglehub\datasets\sujitraarw\coffee-green-bean-with-17-defects-original\versions\1\Withered\Withered_54.jpg,Withered,16,Withered,True,1.0
