shape_area,shape_perimeter,shape_eccentricity,shape_solidity,shape_extent,shape_circularity,hu_1,hu_2,hu_3,hu_4,hu_5,hu_6,hu_7,color_H_mean,color_H_std,color_S_mean,color_S_std,color_V_mean,color_V_std,color_H_hist_0,color_H_hist_1,color_H_hist_2,color_H_hist_3,color_H_hist_4,color_H_hist_5,color_H_hist_6,color_H_hist_7,glcm_contrast,glcm_homogeneity,glcm_energy,glcm_correlation
1.0,0.99609375,0.0,1.0,1.0,0.7915702273958504,3.1846979912279836,0.0,0.0,0.0,0.0,0.0,0.0,102.45745849609375,59.28445816040039,19.401260375976562,36.35874938964844,201.1479949951172,23.822582244873047,0.2889404296875,0.0152587890625,0.0006103515625,0.00048828125,0.0133819580078125,0.16790771484375,0.389617919921875,0.1237945556640625,2.172040329581985,0.8230568358862005,0.4857426320156988,0.9812884920436468
1.0,0.99609375,0.0,1.0,1.0,0.7915702273958504,3.1846979912279836,0.0,0.0,0.0,0.0,0.0,0.0,106.04119873046875,57.79795455932617,10.230300903320312,16.977867126464844,206.78053283691406,18.248634338378906,0.230224609375,0.046417236328125,0.001129150390625,0.0008392333984375,0.0188140869140625,0.187408447265625,0.3632354736328125,0.1519317626953125,0.7332818344495732,0.8563722172412556,0.5916584683669369,0.9863219156887849
1.0,0.99609375,0.0,1.0,1.0,0.7915702273958504,3.1846979912279836,0.0,0.0,0.0,0.0,0.0,0.0,109.18789672851562,60.48590850830078,17.575454711914062,38.753475189208984,209.64683532714844,21.124923706054688,0.2594451904296875,0.006378173828125,0.0008544921875,0.00079345703125,0.0111541748046875,0.1345977783203125,0.3798065185546875,0.20697021484375,1.44706350105507,0.8711478805680822,0.6633984451102621,0.9868680551383302
1.0,0.99609375,0.0,1.0,1.0,0.7915702273958504,3.1846979912279836,0.0,0.0,0.0,0.0,0.0,0.0,107.10678100585938,61.615074157714844,12.564651489257812,27.714595794677734,214.84808349609375,10.110088348388672,0.2779388427734375,0.0069732666015625,0.000701904296875,0.0009765625,0.0082244873046875,0.124237060546875,0.3754119873046875,0.205535888671875,0.6752499399095953,0.9001761377485193,0.6818654825403481,0.9784900742530177
1.0,0.99609375,0.0,1.0,1.0,0.7915702273958504,3.1846979912279836,0.0,0.0,0.0,0.0,0.0,0.0,110.29496765136719,53.41996383666992,13.245819091796875,25.143465042114258,211.13775634765625,19.179513931274414,0.2231597900390625,0.00836181640625,0.0006866455078125,0.0005950927734375,0.0140380859375,0.1985626220703125,0.4567108154296875,0.0978851318359375,1.0120164741790918,0.8334763206544696,0.5828230400182158,0.9853889216109278
1.0,0.99609375,0.0,1.0,1.0,0.7915702273958504,3.1846979912279836,0.0,0.0,0.0,0.0,0.0,0.0,107.84181213378906,60.12446975708008,14.980804443359375,32.897979736328125,212.80825805664062,13.593672752380371,0.2611236572265625,0.011383056640625,0.0010986328125,0.0007171630859375,0.013519287109375,0.1534423828125,0.36053466796875,0.19818115234375,1.015823868122684,0.8722800515853018,0.6146674160512238,0.9802452867238625
1.0,0.99609375,0.0,1.0,1.0,0.7915702273958504,3.1846979912279836,0.0,0.0,0.0,0.0,0.0,0.0,102.53843688964844,61.32579040527344,12.119033813476562,24.679391860961914,213.24395751953125,12.925752639770508,0.26605224609375,0.046539306640625,0.001678466796875,0.001373291015625,0.014678955078125,0.1649169921875,0.3173828125,0.1873779296875,0.5254645212626458,0.8933632535431008,0.683810403658996,0.9862187741112594
1.0,0.99609375,0.0,1.0,1.0,0.7915702273958504,3.1846979912279836,0.0,0.0,0.0,0.0,0.0,0.0,108.823974609375,56.18768310546875,10.914413452148438,25.17108726501465,214.5000762939453,12.726850509643555,0.2294158935546875,0.011810302734375,0.0014190673828125,0.00164794921875,0.0225982666015625,0.21990966796875,0.360992431640625,0.1522064208984375,0.5619749680358725,0.8790467376688964,0.668128223295523,0.9856735169362217
1.0,0.99609375,0.0,1.0,1.0,0.7915702273958504,3.1846979912279836,0.0,0.0,0.0,0.0,0.0,0.0,113.67207336425781,51.02849578857422,8.925521850585938,17.983694076538086,213.82565307617188,15.572389602661133,0.1826629638671875,0.0179290771484375,0.0006866455078125,0.000579833984375,0.01470947265625,0.2096405029296875,0.478912353515625,0.094879150390625,0.7336238982088281,0.8291315684318656,0.554821722635706,0.9831243312469136
1.0,0.99609375,0.0,1.0,1.0,0.7915702273958504,3.1846979912279836,0.0,0.0,0.0,0.0,0.0,0.0,108.44374084472656,53.109806060791016,13.246261596679688,23.076444625854492,210.1506805419922,20.385318756103516,0.2168121337890625,0.0247344970703125,0.000335693359375,0.00018310546875,0.0144805908203125,0.2079315185546875,0.4637908935546875,0.0717315673828125,1.1690624059017174,0.8201473251749798,0.5142335703254299,0.9841419058675503
1.0,0.99609375,0.0,1.0,1.0,0.7915702273958504,3.1846979912279836,0.0,0.0,0.0,0.0,0.0,0.0,100.81834411621094,58.88800811767578,13.767318725585938,24.075284957885742,200.7169647216797,23.89850616455078,0.2581024169921875,0.053955078125,0.0012359619140625,0.001251220703125,0.0211944580078125,0.202972412109375,0.3281402587890625,0.133148193359375,1.2448971434211584,0.8109011247856972,0.411923846527814,0.9868252864393122
1.0,0.99609375,0.0,1.0,1.0,0.7915702273958504,3.1846979912279836,0.0,0.0,0.0,0.0,0.0,0.0,93.03878784179688,62.876121520996094,20.9190673828125,35.265419006347656,193.7730712890625,29.8077449798584,0.3398284912109375,0.0406341552734375,0.0021209716796875,0.001617431640625,0.0252532958984375,0.1709442138671875,0.259521484375,0.1600799560546875,2.3486144059244842,0.742857971307143,0.3384719317797359,0.9846131567114449
1.0,0.99609375,0.0,1.0,1.0,0.7915702273958504,3.1846979912279836,0.0,0.0,0.0,0.0,0.0,0.0,101.96711730957031,63.20751953125,15.991653442382812,34.76752853393555,208.23104858398438,15.267505645751953,0.3076171875,0.014251708984375,0.00177001953125,0.001556396484375,0.0138397216796875,0.1439361572265625,0.304412841796875,0.212615966796875,1.3414841817605736,0.8475708609492327,0.600900293364691,0.9786179225676936
1.0,0.99609375,0.0,1.0,1.0,0.7915702273958504,3.1846979912279836,0.0,0.0,0.0,0.0,0.0,0.0,83.07356262207031,64.81763458251953,16.212600708007812,26.72257423400879,192.6277618408203,28.854022979736328,0.39349365234375,0.0611114501953125,0.005218505859375,0.0049285888671875,0.02667236328125,0.151519775390625,0.1967926025390625,0.1602630615234375,2.1267905277628563,0.779415365255563,0.4184679037463288,0.9841205517628553
1.0,0.99609375,0.0,1.0,1.0,0.7915702273958504,3.1846979912279836,0.0,0.0,0.0,0.0,0.0,0.0,96.08047485351562,63.7484016418457,17.976898193359375,36.80653381347656,198.29136657714844,23.686492919921875,0.33123779296875,0.0238037109375,0.0026702880859375,0.0025177001953125,0.0228271484375,0.1697540283203125,0.260711669921875,0.1864776611328125,1.521439061157366,0.8218773830919226,0.4856050723471642,0.9867401580338274
1.0,0.99609375,0.0,1.0,1.0,0.7915702273958504,3.1846979912279836,0.0,0.0,0.0,0.0,0.0,0.0,90.70584106445312,64.42308807373047,15.7647705078125,29.706741333007812,199.7693634033203,20.48566436767578,0.3448333740234375,0.0528717041015625,0.00482177734375,0.0039520263671875,0.025909423828125,0.1612091064453125,0.227203369140625,0.17919921875,1.0822857228498868,0.7964185644409654,0.4060545103902904,0.9863524176556766
1.0,0.99609375,0.0,1.0,1.0,0.7915702273958504,3.1846979912279836,0.0,0.0,0.0,0.0,0.0,0.0,105.75070190429688,55.94769287109375,15.347702026367188,28.846872329711914,202.515380859375,21.23379135131836,0.2467193603515625,0.01715087890625,0.00115966796875,0.0011138916015625,0.0229034423828125,0.221710205078125,0.37774658203125,0.1114959716796875,1.6836514321159037,0.7796845059150083,0.38932304068598617,0.9803843133310628
1.0,0.99609375,0.0,1.0,1.0,0.7915702273958504,3.1846979912279836,0.0,0.0,0.0,0.0,0.0,0.0,91.60029602050781,65.09420776367188,16.072174072265625,28.025362014770508,200.51162719726562,18.479936599731445,0.34185791015625,0.0654449462890625,0.0018310546875,0.00177001953125,0.0143585205078125,0.1238555908203125,0.2642669677734375,0.186614990234375,1.1082973496510742,0.8366873482495145,0.5078262430897733,0.9833234333541221
1.0,0.99609375,0.0,1.0,1.0,0.7915702273958504,3.1846979912279836,0.0,0.0,0.0,0.0,0.0,0.0,93.68153381347656,65.57042694091797,24.973190307617188,41.189208984375,189.0171356201172,32.33384323120117,0.3716888427734375,0.022308349609375,0.002777099609375,0.0019378662109375,0.016082763671875,0.117034912109375,0.2622833251953125,0.2058868408203125,2.460924786716565,0.7775585167613247,0.3582442107102358,0.9866848642071102
1.0,0.99609375,0.0,1.0,1.0,0.7915702273958504,3.1846979912279836,0.0,0.0,0.0,0.0,0.0,0.0,54.85166931152344,63.70266342163086,30.225341796875,37.47038269042969,185.7157745361328,23.194448471069336,0.6715545654296875,0.0525665283203125,0.001434326171875,0.00103759765625,0.003662109375,0.0179290771484375,0.0637359619140625,0.188079833984375,1.6415748984417846,0.7831228354642126,0.2092960689165698,0.9848424201880748
1.0,0.99609375,0.0,1.0,1.0,0.7915702273958504,3.1846979912279836,0.0,0.0,0.0,0.0,0.0,0.0,100.60906982421875,58.48796463012695,15.767547607421875,25.26357078552246,201.53125,20.917879104614258,0.268768310546875,0.0469818115234375,0.0011444091796875,0.0012054443359375,0.0203094482421875,0.1982879638671875,0.33746337890625,0.1258392333984375,1.125050618015178,0.8171582599810665,0.47367611898101425,0.9851996623643653
1.0,0.99609375,0.0,1.0,1.0,0.7915702273958504,3.1846979912279836,0.0,0.0,0.0,0.0,0.0,0.0,94.41563415527344,62.57870101928711,18.7984619140625,30.686002731323242,196.87896728515625,28.538183212280273,0.326080322265625,0.0477294921875,0.0015869140625,0.001251220703125,0.0185089111328125,0.1663360595703125,0.27960205078125,0.158905029296875,2.8266653318480657,0.7685060869632447,0.43016988034422116,0.9794399709519912
1.0,0.99609375,0.0,1.0,1.0,0.7915702273958504,3.1846979912279836,0.0,0.0,0.0,0.0,0.0,0.0,86.60391235351562,69.06448364257812,11.893051147460938,21.514257431030273,201.2864990234375,21.90326499938965,0.4079742431640625,0.051025390625,0.0034637451171875,0.0027618408203125,0.013153076171875,0.0865936279296875,0.18231201171875,0.252716064453125,1.5925566554635697,0.8055270670514948,0.42915619888194023,0.9802681511047653
1.0,0.99609375,0.0,1.0,1.0,0.7915702273958504,3.1846979912279836,0.0,0.0,0.0,0.0,0.0,0.0,85.81782531738281,68.13997650146484,14.79852294921875,24.163639068603516,205.7659912109375,15.27473258972168,0.400390625,0.072052001953125,0.0016632080078125,0.001312255859375,0.0095062255859375,0.0769195556640625,0.2064056396484375,0.23175048828125,0.8685861160513025,0.8477447446134434,0.5133201920276604,0.9815504243273045
1.0,0.99609375,0.0,1.0,1.0,0.7915702273958504,3.1846979912279836,0.0,0.0,0.0,0.0,0.0,0.0,94.15045166015625,66.45011138916016,16.287033081054688,33.14267349243164,202.1844024658203,24.308433532714844,0.3609771728515625,0.0264739990234375,0.001983642578125,0.0017242431640625,0.01483154296875,0.1234130859375,0.24981689453125,0.2207794189453125,1.4190878101275302,0.8136578732270507,0.4607106410008168,0.9878309150714177
1.0,0.99609375,0.0,1.0,1.0,0.7915702273958504,3.1846979912279836,0.0,0.0,0.0,0.0,0.0,0.0,94.62632751464844,62.963382720947266,14.867156982421875,27.988300323486328,204.50477600097656,17.93069839477539,0.313201904296875,0.0567169189453125,0.0032806396484375,0.002716064453125,0.0206146240234375,0.1592864990234375,0.2794036865234375,0.1647796630859375,1.1305877108716236,0.8220305774252762,0.47554181992353306,0.9822944086417702
1.0,0.99609375,0.0,1.0,1.0,0.7915702273958504,3.1846979912279836,0.0,0.0,0.0,0.0,0.0,0.0,105.19792175292969,56.765499114990234,14.89520263671875,28.461423873901367,206.38116455078125,18.2879638671875,0.25897216796875,0.011962890625,0.0006256103515625,0.0005645751953125,0.02001953125,0.2104644775390625,0.3830718994140625,0.11431884765625,1.185564043406187,0.8466878169087141,0.622300478025094,0.9826270612673544
1.0,0.99609375,0.0,1.0,1.0,0.7915702273958504,3.1846979912279836,0.0,0.0,0.0,0.0,0.0,0.0,93.76153564453125,63.32210922241211,16.071441650390625,27.00963592529297,202.49932861328125,19.148265838623047,0.3459625244140625,0.0374298095703125,0.001708984375,0.0013885498046875,0.0141143798828125,0.1457366943359375,0.29022216796875,0.1634368896484375,0.805560787442944,0.8318128769566127,0.43327355692157804,0.9887119270561735
1.0,0.99609375,0.0,1.0,1.0,0.7915702273958504,3.1846979912279836,0.0,0.0,0.0,0.0,0.0,0.0,95.47352600097656,66.86351013183594,23.645889282226562,40.81361389160156,193.09510803222656,31.942928314208984,0.375946044921875,0.0164794921875,0.001373291015625,0.000823974609375,0.0081024169921875,0.095733642578125,0.2624053955078125,0.2391357421875,2.0795237976460736,0.7573065508082351,0.3205037625287981,0.9886858095562312
1.0,0.99609375,0.0,1.0,1.0,0.7915702273958504,3.1846979912279836,0.0,0.0,0.0,0.0,0.0,0.0,113.75848388671875,48.02854537963867,10.590255737304688,21.13935661315918,211.0625,18.633045196533203,0.140777587890625,0.046142578125,0.00054931640625,0.00048828125,0.0210418701171875,0.2749176025390625,0.4378662109375,0.078216552734375,0.8334583447833908,0.8973440833371318,0.6740368986009424,0.9857570111357985
1.0,0.99609375,0.0,1.0,1.0,0.7915702273958504,3.1846979912279836,0.0,0.0,0.0,0.0,0.0,0.0,104.12113952636719,58.707977294921875,17.177459716796875,31.601634979248047,205.31375122070312,25.256101608276367,0.2760467529296875,0.0175628662109375,0.0006103515625,0.0005035400390625,0.01226806640625,0.162353515625,0.398406982421875,0.1322479248046875,1.6204529761565987,0.843103620971586,0.555569851391848,0.9862138216612434
1.0,0.99609375,0.0,1.0,1.0,0.7915702273958504,3.1846979912279836,0.0,0.0,0.0,0.0,0.0,0.0,96.09083557128906,62.77164077758789,13.931015014648438,26.716236114501953,209.56997680664062,16.749034881591797,0.3199462890625,0.0414581298828125,0.0018310546875,0.0015411376953125,0.018402099609375,0.165191650390625,0.2747955322265625,0.1768341064453125,1.1515439952064026,0.8503711703025534,0.5594695413449522,0.9797636045938709
1.0,0.99609375,0.0,1.0,1.0,0.7915702273958504,3.1846979912279836,0.0,0.0,0.0,0.0,0.0,0.0,99.72544860839844,65.14430236816406,9.540634155273438,18.486011505126953,210.0349578857422,16.380678176879883,0.2907257080078125,0.0635223388671875,0.0020599365234375,0.00201416015625,0.0130462646484375,0.109588623046875,0.27252197265625,0.24652099609375,0.9093463742787156,0.8380073458452877,0.4990503379616468,0.9808081628019663
1.0,0.99609375,0.0,1.0,1.0,0.7915702273958504,3.1846979912279836,0.0,0.0,0.0,0.0,0.0,0.0,94.41630554199219,66.32794189453125,22.482666015625,42.80827331542969,201.7753143310547,26.158422470092773,0.367401123046875,0.0144195556640625,0.0012969970703125,0.0012054443359375,0.01300048828125,0.11767578125,0.278778076171875,0.2062225341796875,2.107889223628943,0.8226630150396241,0.5479229426740314,0.9863568291241163
1.0,0.99609375,0.0,1.0,1.0,0.7915702273958504,3.1846979912279836,0.0,0.0,0.0,0.0,0.0,0.0,94.80111694335938,63.446998596191406,16.917633056640625,28.627948760986328,203.94680786132812,24.030363082885742,0.3435821533203125,0.0359039306640625,0.0011138916015625,0.00079345703125,0.013031005859375,0.1361541748046875,0.298095703125,0.17132568359375,1.7929215176377833,0.808816950831019,0.43364776072896416,0.9826835358019235
1.0,0.99609375,0.0,1.0,1.0,0.7915702273958504,3.1846979912279836,0.0,0.0,0.0,0.0,0.0,0.0,96.80364990234375,62.700653076171875,20.606643676757812,34.26374816894531,204.56004333496094,20.85759735107422,0.317413330078125,0.050994873046875,0.0004730224609375,0.00042724609375,0.0081329345703125,0.1172637939453125,0.3496551513671875,0.1556396484375,1.1263224810985908,0.8359069103180216,0.3737534057203798,0.987326589977785
1.0,0.99609375,0.0,1.0,1.0,0.7915702273958504,3.1846979912279836,0.0,0.0,0.0,0.0,0.0,0.0,102.973388671875,62.62721252441406,10.43829345703125,19.83003807067871,205.00843811035156,23.33302879333496,0.2843170166015625,0.0296173095703125,0.00250244140625,0.0030364990234375,0.017669677734375,0.15057373046875,0.2842864990234375,0.227996826171875,0.8644343585698432,0.8397810893032149,0.5037243868203354,0.9900046935795903
1.0,0.99609375,0.0,1.0,1.0,0.7915702273958504,3.1846979912279836,0.0,0.0,0.0,0.0,0.0,0.0,96.69461059570312,66.03858184814453,14.410980224609375,24.349925994873047,202.5276336669922,24.210187911987305,0.3374176025390625,0.0445709228515625,0.002105712890625,0.0024261474609375,0.0106964111328125,0.100372314453125,0.2562713623046875,0.2461395263671875,1.2087080557924361,0.8147030199821479,0.3945224607627208,0.9877066304121479
1.0,0.99609375,0.0,1.0,1.0,0.7915702273958504,3.1846979912279836,0.0,0.0,0.0,0.0,0.0,0.0,101.32818603515625,70.25240325927734,11.564346313476562,23.63602638244629,207.0904541015625,19.94559097290039,0.354736328125,0.027679443359375,0.0019073486328125,0.001068115234375,0.0041046142578125,0.0386505126953125,0.18212890625,0.3897247314453125,1.4921281672795716,0.8245896951142707,0.48727990568658175,0.9790371149441115
1.0,0.99609375,0.0,1.0,1.0,0.7915702273958504,3.1846979912279836,0.0,0.0,0.0,0.0,0.0,0.0,108.71319580078125,53.91299057006836,11.779220581054688,23.090660095214844,207.5987091064453,19.852710723876953,0.1808319091796875,0.0603179931640625,0.0008544921875,0.0008697509765625,0.0189208984375,0.2181854248046875,0.414459228515625,0.105560302734375,0.7597678527869867,0.8187359622706875,0.40059862606725094,0.9889613512320963
1.0,0.99609375,0.0,1.0,1.0,0.7915702273958504,3.1846979912279836,0.0,0.0,0.0,0.0,0.0,0.0,100.58941650390625,60.47723388671875,16.553085327148438,28.77220344543457,202.53176879882812,23.286436080932617,0.2892913818359375,0.03363037109375,0.0011444091796875,0.00103759765625,0.0146331787109375,0.1615142822265625,0.35784912109375,0.140899658203125,1.1472121982844325,0.7989269461456,0.3795686176450736,0.9883588380562253
1.0,0.99609375,0.0,1.0,1.0,0.7915702273958504,3.1846979912279836,0.0,0.0,0.0,0.0,0.0,0.0,89.98886108398438,66.34400177001953,12.094894409179688,21.141902923583984,205.20608520507812,19.41550064086914,0.3508758544921875,0.0731201171875,0.00244140625,0.0020751953125,0.01580810546875,0.1234893798828125,0.2150421142578125,0.2171478271484375,0.7285601250948206,0.836317424220567,0.5109854985187967,0.9886262466380602
1.0,0.99609375,0.0,1.0,1.0,0.7915702273958504,3.1846979912279836,0.0,0.0,0.0,0.0,0.0,0.0,97.69593811035156,64.49287414550781,10.315505981445312,19.51161766052246,206.42672729492188,17.279062271118164,0.2921295166015625,0.0680084228515625,0.002593994140625,0.0020294189453125,0.01654052734375,0.133026123046875,0.2722320556640625,0.21343994140625,0.9161573779706986,0.8521816337784539,0.5724416195561592,0.9821759858612609
1.0,0.99609375,0.0,1.0,1.0,0.7915702273958504,3.1846979912279836,0.0,0.0,0.0,0.0,0.0,0.0,92.70191955566406,62.95176315307617,18.590835571289062,29.961034774780273,202.14724731445312,21.45576286315918,0.3362884521484375,0.054046630859375,0.00213623046875,0.001129150390625,0.0174713134765625,0.1484222412109375,0.2890625,0.1514434814453125,1.0869566069261027,0.8103318949549321,0.4521744588841253,0.9872343767418654
1.0,0.99609375,0.0,1.0,1.0,0.7915702273958504,3.1846979912279836,0.0,0.0,0.0,0.0,0.0,0.0,99.89079284667969,62.283897399902344,18.62371826171875,32.21653747558594,204.0929718017578,17.889307022094727,0.3277587890625,0.0095062255859375,0.000640869140625,0.00030517578125,0.0095977783203125,0.1330108642578125,0.361663818359375,0.1575164794921875,1.4649767217375071,0.8299162769970627,0.47516222069447533,0.9793890403882722
1.0,0.99609375,0.0,1.0,1.0,0.7915702273958504,3.1846979912279836,0.0,0.0,0.0,0.0,0.0,0.0,99.09614562988281,58.545494079589844,17.4423828125,26.453475952148438,204.3773193359375,20.06485366821289,0.2344207763671875,0.0971832275390625,0.000885009765625,0.000274658203125,0.0151214599609375,0.1821746826171875,0.362457275390625,0.10748291015625,1.130136224362936,0.7899589490950616,0.4241006123579052,0.9844011155468158
1.0,0.99609375,0.0,1.0,1.0,0.7915702273958504,3.1846979912279836,0.0,0.0,0.0,0.0,0.0,0.0,109.19976806640625,55.57170104980469,10.842559814453125,19.292484283447266,206.41107177734375,20.102354049682617,0.206390380859375,0.042144775390625,0.0015869140625,0.00079345703125,0.01751708984375,0.1916351318359375,0.4018707275390625,0.1380615234375,1.15629958678048,0.8361664896714497,0.5698140180046178,0.9823950475540981
1.0,0.99609375,0.0,1.0,1.0,0.7915702273958504,3.1846979912279836,0.0,0.0,0.0,0.0,0.0,0.0,104.01669311523438,61.94013977050781,13.12445068359375,21.824094772338867,203.34365844726562,22.446157455444336,0.2708587646484375,0.0479278564453125,0.001068115234375,0.0008697509765625,0.0112457275390625,0.1161041259765625,0.3470916748046875,0.204833984375,1.4636960421342389,0.8173663365810118,0.5303802953099914,0.9824097752115262
1.0,0.99609375,0.0,1.0,1.0,0.7915702273958504,3.1846979912279836,0.0,0.0,0.0,0.0,0.0,0.0,94.31875610351562,68.94618225097656,10.288253784179688,20.15102195739746,205.23890686035156,18.819292068481445,0.3632354736328125,0.049041748046875,0.0025787353515625,0.001190185546875,0.0081634521484375,0.07171630859375,0.2133941650390625,0.290679931640625,1.193130409971203,0.839631742973479,0.5098697765239861,0.9806197116011326
1.0,0.99609375,0.0,1.0,1.0,0.7915702273958504,3.1846979912279836,0.0,0.0,0.0,0.0,0.0,0.0,88.95179748535156,69.60588073730469,20.0845947265625,38.72498321533203,204.5140380859375,20.52678871154785,0.428802490234375,0.0196075439453125,0.0018463134765625,0.00128173828125,0.0074310302734375,0.0671234130859375,0.211669921875,0.262237548828125,2.0418580240620257,0.8458733524988553,0.5139887781042745,0.9791921472788789
1.0,0.99609375,0.0,1.0,1.0,0.7915702273958504,3.1846979912279836,0.0,0.0,0.0,0.0,0.0,0.0,92.21926879882812,70.84519958496094,21.1412353515625,39.332462310791016,202.28729248046875,19.853981018066406,0.416168212890625,0.0147247314453125,0.0007781982421875,0.000518798828125,0.005126953125,0.053558349609375,0.2151031494140625,0.2940216064453125,1.5143672407999944,0.810764692603678,0.42166429659817695,0.9847481617970926
1.0,0.99609375,0.0,1.0,1.0,0.7915702273958504,3.1846979912279836,0.0,0.0,0.0,0.0,0.0,0.0,68.59555053710938,69.07587432861328,17.8919677734375,28.111083984375,202.31008911132812,17.612592697143555,0.557220458984375,0.0644378662109375,0.001495361328125,0.000946044921875,0.0030670166015625,0.023712158203125,0.1074066162109375,0.2417144775390625,0.8884960127849458,0.8196974128498886,0.3610824064156192,0.9860760053276878
1.0,0.99609375,0.0,1.0,1.0,0.7915702273958504,3.1846979912279836,0.0,0.0,0.0,0.0,0.0,0.0,97.805908203125,66.61479949951172,13.581024169921875,25.386022567749023,211.23434448242188,14.043560028076172,0.3538818359375,0.0266571044921875,0.001312255859375,0.0009765625,0.0069427490234375,0.0821990966796875,0.2711944580078125,0.2568359375,0.6415043239873317,0.8756376585326254,0.6056598745647541,0.9858078252426921
1.0,0.99609375,0.0,1.0,1.0,0.7915702273958504,3.1846979912279836,0.0,0.0,0.0,0.0,0.0,0.0,109.93601989746094,55.12301254272461,9.583663940429688,19.785608291625977,207.51217651367188,16.181690216064453,0.1892852783203125,0.039215087890625,0.0036468505859375,0.002532958984375,0.0334625244140625,0.2577667236328125,0.33697509765625,0.137115478515625,1.0509290703933925,0.842832387962214,0.46477802279442193,0.9766141834522557
1.0,0.99609375,0.0,1.0,1.0,0.7915702273958504,3.1846979912279836,0.0,0.0,0.0,0.0,0.0,0.0,106.00608825683594,62.4316291809082,9.515289306640625,19.95922088623047,204.41891479492188,16.626483917236328,0.252655029296875,0.037109375,0.005279541015625,0.0024566650390625,0.023529052734375,0.154144287109375,0.3081817626953125,0.216644287109375,0.6563513253975936,0.8578129712469514,0.5318129775835078,0.9863706928526847
1.0,0.99609375,0.0,1.0,1.0,0.7915702273958504,3.1846979912279836,0.0,0.0,0.0,0.0,0.0,0.0,74.76533508300781,76.04798126220703,10.668045043945312,21.062793731689453,204.4269561767578,15.368803977966309,0.5421600341796875,0.0271453857421875,0.0006561279296875,0.0001678466796875,0.00128173828125,0.0131072998046875,0.1143951416015625,0.30108642578125,1.23631140590654,0.8324234944494129,0.46790469275822577,0.9711919740111018
1.0,0.99609375,0.0,1.0,1.0,0.7915702273958504,3.1846979912279836,0.0,0.0,0.0,0.0,0.0,0.0,111.26560974121094,56.730430603027344,9.483673095703125,20.107486724853516,208.2999725341797,15.030874252319336,0.205963134765625,0.0263671875,0.0022430419921875,0.0014495849609375,0.02197265625,0.2257232666015625,0.3573760986328125,0.158905029296875,1.0017251687525115,0.8362268835041502,0.39563695435349966,0.975635271104595
1.0,0.99609375,0.0,1.0,1.0,0.7915702273958504,3.1846979912279836,0.0,0.0,0.0,0.0,0.0,0.0,91.68386840820312,74.69225311279297,10.396041870117188,20.30205726623535,204.46334838867188,13.601608276367188,0.4207763671875,0.0263824462890625,0.0015411376953125,0.000518798828125,0.0029144287109375,0.02825927734375,0.186004638671875,0.3336029052734375,0.9147675628344443,0.8333326431908079,0.3826426462028427,0.9742257368111875
1.0,0.99609375,0.0,1.0,1.0,0.7915702273958504,3.1846979912279836,0.0,0.0,0.0,0.0,0.0,0.0,109.71424865722656,41.6466178894043,11.905746459960938,22.269351959228516,215.62454223632812,15.123662948608398,0.1259307861328125,0.031341552734375,0.001190185546875,0.0007476806640625,0.0609588623046875,0.5979766845703125,0.15277099609375,0.029083251953125,0.672803531931639,0.868554605614246,0.5121533582575124,0.9840178653971051
1.0,0.99609375,0.0,1.0,1.0,0.7915702273958504,3.1846979912279836,0.0,0.0,0.0,0.0,0.0,0.0,112.15478515625,59.834808349609375,11.305694580078125,26.454315185546875,200.94317626953125,19.71657943725586,0.2257080078125,0.021453857421875,0.002685546875,0.001953125,0.0166015625,0.1452178955078125,0.374053955078125,0.2123260498046875,1.649238745185091,0.8641212140973092,0.6249308412583326,0.9764136378609365
1.0,0.99609375,0.0,1.0,1.0,0.7915702273958504,3.1846979912279836,0.0,0.0,0.0,0.0,0.0,0.0,119.33293151855469,52.000648498535156,10.291351318359375,19.397241592407227,200.5806427001953,11.469454765319824,0.159576416015625,0.0252227783203125,0.0005645751953125,0.0004119873046875,0.011199951171875,0.177764892578125,0.488128662109375,0.1371307373046875,0.5908329715380394,0.8693022712925866,0.45096708467591573,0.9771667569208777
1.0,0.99609375,0.0,1.0,1.0,0.7915702273958504,3.1846979912279836,0.0,0.0,0.0,0.0,0.0,0.0,107.6749267578125,65.69380950927734,13.622756958007812,31.217815399169922,200.44964599609375,24.148727416992188,0.281280517578125,0.023590087890625,0.0025787353515625,0.0010833740234375,0.009857177734375,0.0881805419921875,0.316192626953125,0.2772369384765625,1.8934883256089385,0.8550348118707061,0.480946509557456,0.9815446225198703
1.0,0.99609375,0.0,1.0,1.0,0.7915702273958504,3.1846979912279836,0.0,0.0,0.0,0.0,0.0,0.0,102.45745849609375,59.28445816040039,19.401260375976562,36.35874938964844,201.1479949951172,23.822582244873047,0.2889404296875,0.0152587890625,0.0006103515625,0.00048828125,0.0133819580078125,0.16790771484375,0.389617919921875,0.1237945556640625,2.172040329581985,0.8230568358862005,0.4857426320156988,0.9812884920436468
1.0,0.99609375,0.0,1.0,1.0,0.7915702273958504,3.1846979912279836,0.0,0.0,0.0,0.0,0.0,0.0,106.04119873046875,57.79795455932617,10.230300903320312,16.977867126464844,206.78053283691406,18.248634338378906,0.230224609375,0.046417236328125,0.001129150390625,0.0008392333984375,0.0188140869140625,0.187408447265625,0.3632354736328125,0.1519317626953125,0.7332818344495732,0.8563722172412556,0.5916584683669369,0.9863219156887849
1.0,0.99609375,0.0,1.0,1.0,0.7915702273958504,3.1846979912279836,0.0,0.0,0.0,0.0,0.0,0.0,109.18789672851562,60.48590850830078,17.575454711914062,38.753475189208984,209.64683532714844,21.124923706054688,0.2594451904296875,0.006378173828125,0.0008544921875,0.00079345703125,0.0111541748046875,0.1345977783203125,0.3798065185546875,0.20697021484375,1.44706350105507,0.8711478805680822,0.6633984451102621,0.9868680551383302
1.0,0.99609375,0.0,1.0,1.0,0.7915702273958504,3.1846979912279836,0.0,0.0,0.0,0.0,0.0,0.0,107.10678100585938,61.615074157714844,12.564651489257812,27.714595794677734,214.84808349609375,10.110088348388672,0.2779388427734375,0.0069732666015625,0.000701904296875,0.0009765625,0.0082244873046875,0.124237060546875,0.3754119873046875,0.205535888671875,0.6752499399095953,0.9001761377485193,0.6818654825403481,0.9784900742530177
1.0,0.99609375,0.0,1.0,1.0,0.7915702273958504,3.1846979912279836,0.0,0.0,0.0,0.0,0.0,0.0,110.29496765136719,53.41996383666992,13.245819091796875,25.143465042114258,211.13775634765625,19.179513931274414,0.2231597900390625,0.00836181640625,0.0006866455078125,0.0005950927734375,0.0140380859375,0.1985626220703125,0.4567108154296875,0.0978851318359375,1.0120164741790918,0.8334763206544696,0.5828230400182158,0.9853889216109278
1.0,0.99609375,0.0,1.0,1.0,0.7915702273958504,3.1846979912279836,0.0,0.0,0.0,0.0,0.0,0.0,107.84181213378906,60.12446975708008,14.980804443359375,32.897979736328125,212.80825805664062,13.593672752380371,0.2611236572265625,0.011383056640625,0.0010986328125,0.0007171630859375,0.013519287109375,0.1534423828125,0.36053466796875,0.19818115234375,1.015823868122684,0.8722800515853018,0.6146674160512238,0.9802452867238625
1.0,0.99609375,0.0,1.0,1.0,0.7915702273958504,3.1846979912279836,0.0,0.0,0.0,0.0,0.0,0.0,102.53843688964844,61.32579040527344,12.119033813476562,24.679391860961914,213.24395751953125,12.925752639770508,0.26605224609375,0.046539306640625,0.001678466796875,0.001373291015625,0.014678955078125,0.1649169921875,0.3173828125,0.1873779296875,0.5254645212626458,0.8933632535431008,0.683810403658996,0.9862187741112594
1.0,0.99609375,0.0,1.0,1.0,0.7915702273958504,3.1846979912279836,0.0,0.0,0.0,0.0,0.0,0.0,108.823974609375,56.18768310546875,10.914413452148438,25.17108726501465,214.5000762939453,12.726850509643555,0.2294158935546875,0.011810302734375,0.0014190673828125,0.00164794921875,0.0225982666015625,0.21990966796875,0.360992431640625,0.1522064208984375,0.5619749680358725,0.8790467376688964,0.668128223295523,0.9856735169362217
1.0,0.99609375,0.0,1.0,1.0,0.7915702273958504,3.1846979912279836,0.0,0.0,0.0,0.0,0.0,0.0,113.67207336425781,51.02849578857422,8.925521850585938,17.983694076538086,213.82565307617188,15.572389602661133,0.1826629638671875,0.0179290771484375,0.0006866455078125,0.000579833984375,0.01470947265625,0.2096405029296875,0.478912353515625,0.094879150390625,0.7336238982088281,0.8291315684318656,0.554821722635706,0.9831243312469136
1.0,0.99609375,0.0,1.0,1.0,0.7915702273958504,3.1846979912279836,0.0,0.0,0.0,0.0,0.0,0.0,108.44374084472656,53.109806060791016,13.246261596679688,23.076444625854492,210.1506805419922,20.385318756103516,0.2168121337890625,0.0247344970703125,0.000335693359375,0.00018310546875,0.0144805908203125,0.2079315185546875,0.4637908935546875,0.0717315673828125,1.1690624059017174,0.8201473251749798,0.5142335703254299,0.9841419058675503
1.0,0.99609375,0.0,1.0,1.0,0.7915702273958504,3.1846979912279836,0.0,0.0,0.0,0.0,0.0,0.0,100.81834411621094,58.88800811767578,13.767318725585938,24.075284957885742,200.7169647216797,23.89850616455078,0.2581024169921875,0.053955078125,0.0012359619140625,0.001251220703125,0.0211944580078125,0.202972412109375,0.3281402587890625,0.133148193359375,1.2448971434211584,0.8109011247856972,0.411923846527814,0.9868252864393122
1.0,0.99609375,0.0,1.0,1.0,0.7915702273958504,3.1846979912279836,0.0,0.0,0.0,0.0,0.0,0.0,93.03878784179688,62.876121520996094,20.9190673828125,35.265419006347656,193.7730712890625,29.8077449798584,0.3398284912109375,0.0406341552734375,0.0021209716796875,0.001617431640625,0.0252532958984375,0.1709442138671875,0.259521484375,0.1600799560546875,2.3486144059244842,0.742857971307143,0.3384719317797359,0.9846131567114449
1.0,0.99609375,0.0,1.0,1.0,0.7915702273958504,3.1846979912279836,0.0,0.0,0.0,0.0,0.0,0.0,101.96711730957031,63.20751953125,15.991653442382812,34.76752853393555,208.23104858398438,15.267505645751953,0.3076171875,0.014251708984375,0.00177001953125,0.001556396484375,0.0138397216796875,0.1439361572265625,0.304412841796875,0.212615966796875,1.3414841817605736,0.8475708609492327,0.600900293364691,0.9786179225676936
1.0,0.99609375,0.0,1.0,1.0,0.7915702273958504,3.1846979912279836,0.0,0.0,0.0,0.0,0.0,0.0,83.07356262207031,64.81763458251953,16.212600708007812,26.72257423400879,192.6277618408203,28.854022979736328,0.39349365234375,0.0611114501953125,0.005218505859375,0.0049285888671875,0.02667236328125,0.151519775390625,0.1967926025390625,0.1602630615234375,2.1267905277628563,0.779415365255563,0.4184679037463288,0.9841205517628553
1.0,0.99609375,0.0,1.0,1.0,0.7915702273958504,3.1846979912279836,0.0,0.0,0.0,0.0,0.0,0.0,96.08047485351562,63.7484016418457,17.976898193359375,36.80653381347656,198.29136657714844,23.686492919921875,0.33123779296875,0.0238037109375,0.0026702880859375,0.0025177001953125,0.0228271484375,0.1697540283203125,0.260711669921875,0.1864776611328125,1.521439061157366,0.8218773830919226,0.4856050723471642,0.9867401580338274
1.0,0.99609375,0.0,1.0,1.0,0.7915702273958504,3.1846979912279836,0.0,0.0,0.0,0.0,0.0,0.0,90.70584106445312,64.42308807373047,15.7647705078125,29.706741333007812,199.7693634033203,20.48566436767578,0.3448333740234375,0.0528717041015625,0.00482177734375,0.0039520263671875,0.025909423828125,0.1612091064453125,0.227203369140625,0.17919921875,1.0822857228498868,0.7964185644409654,0.4060545103902904,0.9863524176556766
1.0,0.99609375,0.0,1.0,1.0,0.7915702273958504,3.1846979912279836,0.0,0.0,0.0,0.0,0.0,0.0,105.75070190429688,55.94769287109375,15.347702026367188,28.846872329711914,202.515380859375,21.23379135131836,0.2467193603515625,0.01715087890625,0.00115966796875,0.0011138916015625,0.0229034423828125,0.221710205078125,0.37774658203125,0.1114959716796875,1.6836514321159037,0.7796845059150083,0.38932304068598617,0.9803843133310628
1.0,0.99609375,0.0,1.0,1.0,0.7915702273958504,3.1846979912279836,0.0,0.0,0.0,0.0,0.0,0.0,91.60029602050781,65.09420776367188,16.072174072265625,28.025362014770508,200.51162719726562,18.479936599731445,0.34185791015625,0.0654449462890625,0.0018310546875,0.00177001953125,0.0143585205078125,0.1238555908203125,0.2642669677734375,0.186614990234375,1.1082973496510742,0.8366873482495145,0.5078262430897733,0.9833234333541221
1.0,0.99609375,0.0,1.0,1.0,0.7915702273958504,3.1846979912279836,0.0,0.0,0.0,0.0,0.0,0.0,93.68153381347656,65.57042694091797,24.973190307617188,41.189208984375,189.0171356201172,32.33384323120117,0.3716888427734375,0.022308349609375,0.002777099609375,0.0019378662109375,0.016082763671875,0.117034912109375,0.2622833251953125,0.2058868408203125,2.460924786716565,0.7775585167613247,0.3582442107102358,0.9866848642071102
1.0,0.99609375,0.0,1.0,1.0,0.7915702273958504,3.1846979912279836,0.0,0.0,0.0,0.0,0.0,0.0,54.85166931152344,63.70266342163086,30.225341796875,37.47038269042969,185.7157745361328,23.194448471069336,0.6715545654296875,0.0525665283203125,0.001434326171875,0.00103759765625,0.003662109375,0.0179290771484375,0.0637359619140625,0.188079833984375,1.6415748984417846,0.7831228354642126,0.2092960689165698,0.9848424201880748
1.0,0.99609375,0.0,1.0,1.0,0.7915702273958504,3.1846979912279836,0.0,0.0,0.0,0.0,0.0,0.0,100.60906982421875,58.48796463012695,15.767547607421875,25.26357078552246,201.53125,20.917879104614258,0.268768310546875,0.0469818115234375,0.0011444091796875,0.0012054443359375,0.0203094482421875,0.1982879638671875,0.33746337890625,0.1258392333984375,1.125050618015178,0.8171582599810665,0.47367611898101425,0.9851996623643653
1.0,0.99609375,0.0,1.0,1.0,0.7915702273958504,3.1846979912279836,0.0,0.0,0.0,0.0,0.0,0.0,94.41563415527344,62.57870101928711,18.7984619140625,30.686002731323242,196.87896728515625,28.538183212280273,0.326080322265625,0.0477294921875,0.0015869140625,0.001251220703125,0.0185089111328125,0.1663360595703125,0.27960205078125,0.158905029296875,2.8266653318480657,0.7685060869632447,0.43016988034422116,0.9794399709519912
1.0,0.99609375,0.0,1.0,1.0,0.7915702273958504,3.1846979912279836,0.0,0.0,0.0,0.0,0.0,0.0,86.60391235351562,69.06448364257812,11.893051147460938,21.514257431030273,201.2864990234375,21.90326499938965,0.4079742431640625,0.051025390625,0.0034637451171875,0.0027618408203125,0.013153076171875,0.0865936279296875,0.18231201171875,0.252716064453125,1.5925566554635697,0.8055270670514948,0.42915619888194023,0.9802681511047653
1.0,0.99609375,0.0,1.0,1.0,0.7915702273958504,3.1846979912279836,0.0,0.0,0.0,0.0,0.0,0.0,85.81782531738281,68.13997650146484,14.79852294921875,24.163639068603516,205.7659912109375,15.27473258972168,0.400390625,0.072052001953125,0.0016632080078125,0.001312255859375,0.0095062255859375,0.0769195556640625,0.2064056396484375,0.23175048828125,0.8685861160513025,0.8477447446134434,0.5133201920276604,0.9815504243273045
1.0,0.99609375,0.0,1.0,1.0,0.7915702273958504,3.1846979912279836,0.0,0.0,0.0,0.0,0.0,0.0,94.15045166015625,66.45011138916016,16.287033081054688,33.14267349243164,202.1844024658203,24.308433532714844,0.3609771728515625,0.0264739990234375,0.001983642578125,0.0017242431640625,0.01483154296875,0.1234130859375,0.24981689453125,0.2207794189453125,1.4190878101275302,0.8136578732270507,0.4607106410008168,0.9878309150714177
1.0,0.99609375,0.0,1.0,1.0,0.7915702273958504,3.1846979912279836,0.0,0.0,0.0,0.0,0.0,0.0,94.62632751464844,62.963382720947266,14.867156982421875,27.988300323486328,204.50477600097656,17.93069839477539,0.313201904296875,0.0567169189453125,0.0032806396484375,0.002716064453125,0.0206146240234375,0.1592864990234375,0.2794036865234375,0.1647796630859375,1.1305877108716236,0.8220305774252762,0.47554181992353306,0.9822944086417702
1.0,0.99609375,0.0,1.0,1.0,0.7915702273958504,3.1846979912279836,0.0,0.0,0.0,0.0,0.0,0.0,105.19792175292969,56.765499114990234,14.89520263671875,28.461423873901367,206.38116455078125,18.2879638671875,0.25897216796875,0.011962890625,0.0006256103515625,0.0005645751953125,0.02001953125,0.2104644775390625,0.3830718994140625,0.11431884765625,1.185564043406187,0.8466878169087141,0.622300478025094,0.9826270612673544
1.0,0.99609375,0.0,1.0,1.0,0.7915702273958504,3.1846979912279836,0.0,0.0,0.0,0.0,0.0,0.0,93.76153564453125,63.32210922241211,16.071441650390625,27.00963592529297,202.49932861328125,19.148265838623047,0.3459625244140625,0.0374298095703125,0.001708984375,0.0013885498046875,0.0141143798828125,0.1457366943359375,0.29022216796875,0.1634368896484375,0.805560787442944,0.8318128769566127,0.43327355692157804,0.9887119270561735
1.0,0.99609375,0.0,1.0,1.0,0.7915702273958504,3.1846979912279836,0.0,0.0,0.0,0.0,0.0,0.0,95.47352600097656,66.86351013183594,23.645889282226562,40.81361389160156,193.09510803222656,31.942928314208984,0.375946044921875,0.0164794921875,0.001373291015625,0.000823974609375,0.0081024169921875,0.095733642578125,0.2624053955078125,0.2391357421875,2.0795237976460736,0.7573065508082351,0.3205037625287981,0.9886858095562312
1.0,0.99609375,0.0,1.0,1.0,0.7915702273958504,3.1846979912279836,0.0,0.0,0.0,0.0,0.0,0.0,113.75848388671875,48.02854537963867,10.590255737304688,21.13935661315918,211.0625,18.633045196533203,0.140777587890625,0.046142578125,0.00054931640625,0.00048828125,0.0210418701171875,0.2749176025390625,0.4378662109375,0.078216552734375,0.8334583447833908,0.8973440833371318,0.6740368986009424,0.9857570111357985
1.0,0.99609375,0.0,1.0,1.0,0.7915702273958504,3.1846979912279836,0.0,0.0,0.0,0.0,0.0,0.0,104.12113952636719,58.707977294921875,17.177459716796875,31.601634979248047,205.31375122070312,25.256101608276367,0.2760467529296875,0.0175628662109375,0.0006103515625,0.0005035400390625,0.01226806640625,0.162353515625,0.398406982421875,0.1322479248046875,1.6204529761565987,0.843103620971586,0.555569851391848,0.9862138216612434
1.0,0.99609375,0.0,1.0,1.0,0.7915702273958504,3.1846979912279836,0.0,0.0,0.0,0.0,0.0,0.0,96.09083557128906,62.77164077758789,13.931015014648438,26.716236114501953,209.56997680664062,16.749034881591797,0.3199462890625,0.0414581298828125,0.0018310546875,0.0015411376953125,0.018402099609375,0.165191650390625,0.2747955322265625,0.1768341064453125,1.1515439952064026,0.8503711703025534,0.5594695413449522,0.9797636045938709
1.0,0.99609375,0.0,1.0,1.0,0.7915702273958504,3.1846979912279836,0.0,0.0,0.0,0.0,0.0,0.0,99.72544860839844,65.14430236816406,9.540634155273438,18.486011505126953,210.0349578857422,16.380678176879883,0.2907257080078125,0.0635223388671875,0.0020599365234375,0.00201416015625,0.0130462646484375,0.109588623046875,0.27252197265625,0.24652099609375,0.9093463742787156,0.8380073458452877,0.4990503379616468,0.9808081628019663
1.0,0.99609375,0.0,1.0,1.0,0.7915702273958504,3.1846979912279836,0.0,0.0,0.0,0.0,0.0,0.0,94.41630554199219,66.32794189453125,22.482666015625,42.80827331542969,201.7753143310547,26.158422470092773,0.367401123046875,0.0144195556640625,0.0012969970703125,0.0012054443359375,0.01300048828125,0.11767578125,0.278778076171875,0.2062225341796875,2.107889223628943,0.8226630150396241,0.5479229426740314,0.9863568291241163
1.0,0.99609375,0.0,1.0,1.0,0.7915702273958504,3.1846979912279836,0.0,0.0,0.0,0.0,0.0,0.0,94.80111694335938,63.446998596191406,16.917633056640625,28.627948760986328,203.94680786132812,24.030363082885742,0.3435821533203125,0.0359039306640625,0.0011138916015625,0.00079345703125,0.013031005859375,0.1361541748046875,0.298095703125,0.17132568359375,1.7929215176377833,0.808816950831019,0.43364776072896416,0.9826835358019235
1.0,0.99609375,0.0,1.0,1.0,0.7915702273958504,3.1846979912279836,0.0,0.0,0.0,0.0,0.0,0.0,96.80364990234375,62.700653076171875,20.606643676757812,34.26374816894531,204.56004333496094,20.85759735107422,0.317413330078125,0.050994873046875,0.0004730224609375,0.00042724609375,0.0081329345703125,0.1172637939453125,0.3496551513671875,0.1556396484375,1.1263224810985908,0.8359069103180216,0.3737534057203798,0.987326589977785
1.0,0.99609375,0.0,1.0,1.0,0.7915702273958504,3.1846979912279836,0.0,0.0,0.0,0.0,0.0,0.0,102.973388671875,62.62721252441406,10.43829345703125,19.83003807067871,205.00843811035156,23.33302879333496,0.2843170166015625,0.0296173095703125,0.00250244140625,0.0030364990234375,0.017669677734375,0.15057373046875,0.2842864990234375,0.227996826171875,0.8644343585698432,0.8397810893032149,0.5037243868203354,0.9900046935795903
1.0,0.99609375,0.0,1.0,1.0,0.7915702273958504,3.1846979912279836,0.0,0.0,0.0,0.0,0.0,0.0,96.69461059570312,66.03858184814453,14.410980224609375,24.349925994873047,202.5276336669922,24.210187911987305,0.3374176025390625,0.0445709228515625,0.002105712890625,0.0024261474609375,0.0106964111328125,0.100372314453125,0.2562713623046875,0.2461395263671875,1.2087080557924361,0.8147030199821479,0.3945224607627208,0.9877066304121479
1.0,0.99609375,0.0,1.0,1.0,0.7915702273958504,3.1846979912279836,0.0,0.0,0.0,0.0,0.0,0.0,101.32818603515625,70.25240325927734,11.564346313476562,23.63602638244629,207.0904541015625,19.94559097290039,0.354736328125,0.027679443359375,0.0019073486328125,0.001068115234375,0.0041046142578125,0.0386505126953125,0.18212890625,0.3897247314453125,1.4921281672795716,0.8245896951142707,0.48727990568658175,0.9790371149441115
1.0,0.99609375,0.0,1.0,1.0,0.7915702273958504,3.1846979912279836,0.0,0.0,0.0,0.0,0.0,0.0,108.71319580078125,53.91299057006836,11.779220581054688,23.090660095214844,207.5987091064453,19.852710723876953,0.1808319091796875,0.0603179931640625,0.0008544921875,0.0008697509765625,0.0189208984375,0.2181854248046875,0.414459228515625,0.105560302734375,0.7597678527869867,0.8187359622706875,0.40059862606725094,0.9889613512320963
1.0,0.99609375,0.0,1.0,1.0,0.7915702273958504,3.1846979912279836,0.0,0.0,0.0,0.0,0.0,0.0,100.58941650390625,60.47723388671875,16.553085327148438,28.77220344543457,202.53176879882812,23.286436080932617,0.2892913818359375,0.03363037109375,0.0011444091796875,0.00103759765625,0.0146331787109375,0.1615142822265625,0.35784912109375,0.140899658203125,1.1472121982844325,0.7989269461456,0.3795686176450736,0.9883588380562253
1.0,0.99609375,0.0,1.0,1.0,0.7915702273958504,3.1846979912279836,0.0,0.0,0.0,0.0,0.0,0.0,89.98886108398438,66.34400177001953,12.094894409179688,21.141902923583984,205.20608520507812,19.41550064086914,0.3508758544921875,0.0731201171875,0.00244140625,0.0020751953125,0.01580810546875,0.1234893798828125,0.2150421142578125,0.2171478271484375,0.7285601250948206,0.836317424220567,0.5109854985187967,0.9886262466380602
1.0,0.99609375,0.0,1.0,1.0,0.7915702273958504,3.1846979912279836,0.0,0.0,0.0,0.0,0.0,0.0,97.69593811035156,64.49287414550781,10.315505981445312,19.51161766052246,206.42672729492188,17.279062271118164,0.2921295166015625,0.0680084228515625,0.002593994140625,0.0020294189453125,0.01654052734375,0.133026123046875,0.2722320556640625,0.21343994140625,0.9161573779706986,0.8521816337784539,0.5724416195561592,0.9821759858612609
1.0,0.99609375,0.0,1.0,1.0,0.7915702273958504,3.1846979912279836,0.0,0.0,0.0,0.0,0.0,0.0,92.70191955566406,62.95176315307617,18.590835571289062,29.961034774780273,202.14724731445312,21.45576286315918,0.3362884521484375,0.054046630859375,0.00213623046875,0.001129150390625,0.0174713134765625,0.1484222412109375,0.2890625,0.1514434814453125,1.0869566069261027,0.8103318949549321,0.4521744588841253,0.9872343767418654
1.0,0.99609375,0.0,1.0,1.0,0.7915702273958504,3.1846979912279836,0.0,0.0,0.0,0.0,0.0,0.0,99.89079284667969,62.283897399902344,18.62371826171875,32.21653747558594,204.0929718017578,17.889307022094727,0.3277587890625,0.0095062255859375,0.000640869140625,0.00030517578125,0.0095977783203125,0.1330108642578125,0.361663818359375,0.1575164794921875,1.4649767217375071,0.8299162769970627,0.47516222069447533,0.9793890403882722
1.0,0.99609375,0.0,1.0,1.0,0.7915702273958504,3.1846979912279836,0.0,0.0,0.0,0.0,0.0,0.0,99.09614562988281,58.545494079589844,17.4423828125,26.453475952148438,204.3773193359375,20.06485366821289,0.2344207763671875,0.0971832275390625,0.000885009765625,0.000274658203125,0.0151214599609375,0.1821746826171875,0.362457275390625,0.10748291015625,1.130136224362936,0.7899589490950616,0.4241006123579052,0.9844011155468158
1.0,0.99609375,0.0,1.0,1.0,0.7915702273958504,3.1846979912279836,0.0,0.0,0.0,0.0,0.0,0.0,109.19976806640625,55.57170104980469,10.842559814453125,19.292484283447266,206.41107177734375,20.102354049682617,0.206390380859375,0.042144775390625,0.0015869140625,0.00079345703125,0.01751708984375,0.1916351318359375,0.4018707275390625,0.1380615234375,1.15629958678048,0.8361664896714497,0.5698140180046178,0.9823950475540981
1.0,0.99609375,0.0,1.0,1.0,0.7915702273958504,3.1846979912279836,0.0,0.0,0.0,0.0,0.0,0.0,104.01669311523438,61.94013977050781,13.12445068359375,21.824094772338867,203.34365844726562,22.446157455444336,0.2708587646484375,0.0479278564453125,0.001068115234375,0.0008697509765625,0.0112457275390625,0.1161041259765625,0.3470916748046875,0.204833984375,1.4636960421342389,0.8173663365810118,0.5303802953099914,0.9824097752115262
1.0,0.99609375,0.0,1.0,1.0,0.7915702273958504,3.1846979912279836,0.0,0.0,0.0,0.0,0.0,0.0,94.31875610351562,68.94618225097656,10.288253784179688,20.15102195739746,205.23890686035156,18.819292068481445,0.3632354736328125,0.049041748046875,0.0025787353515625,0.001190185546875,0.0081634521484375,0.07171630859375,0.2133941650390625,0.290679931640625,1.193130409971203,0.839631742973479,0.5098697765239861,0.9806197116011326
1.0,0.99609375,0.0,1.0,1.0,0.7915702273958504,3.1846979912279836,0.0,0.0,0.0,0.0,0.0,0.0,88.95179748535156,69.60588073730469,20.0845947265625,38.72498321533203,204.5140380859375,20.52678871154785,0.428802490234375,0.0196075439453125,0.0018463134765625,0.00128173828125,0.0074310302734375,0.0671234130859375,0.211669921875,0.262237548828125,2.0418580240620257,0.8458733524988553,0.5139887781042745,0.9791921472788789
1.0,0.99609375,0.0,1.0,1.0,0.7915702273958504,3.1846979912279836,0.0,0.0,0.0,0.0,0.0,0.0,92.21926879882812,70.84519958496094,21.1412353515625,39.332462310791016,202.28729248046875,19.853981018066406,0.416168212890625,0.0147247314453125,0.0007781982421875,0.000518798828125,0.005126953125,0.053558349609375,0.2151031494140625,0.2940216064453125,1.5143672407999944,0.810764692603678,0.42166429659817695,0.9847481617970926
1.0,0.99609375,0.0,1.0,1.0,0.7915702273958504,3.1846979912279836,0.0,0.0,0.0,0.0,0.0,0.0,68.59555053710938,69.07587432861328,17.8919677734375,28.111083984375,202.31008911132812,17.612592697143555,0.557220458984375,0.0644378662109375,0.001495361328125,0.000946044921875,0.0030670166015625,0.023712158203125,0.1074066162109375,0.2417144775390625,0.8884960127849458,0.8196974128498886,0.3610824064156192,0.9860760053276878
1.0,0.99609375,0.0,1.0,1.0,0.7915702273958504,3.1846979912279836,0.0,0.0,0.0,0.0,0.0,0.0,97.805908203125,66.61479949951172,13.581024169921875,25.386022567749023,211.23434448242188,14.043560028076172,0.3538818359375,0.0266571044921875,0.001312255859375,0.0009765625,0.0069427490234375,0.0821990966796875,0.2711944580078125,0.2568359375,0.6415043239873317,0.8756376585326254,0.6056598745647541,0.9858078252426921
1.0,0.99609375,0.0,1.0,1.0,0.7915702273958504,3.1846979912279836,0.0,0.0,0.0,0.0,0.0,0.0,109.93601989746094,55.12301254272461,9.583663940429688,19.785608291625977,207.51217651367188,16.181690216064453,0.1892852783203125,0.039215087890625,0.0036468505859375,0.002532958984375,0.0334625244140625,0.2577667236328125,0.33697509765625,0.137115478515625,1.0509290703933925,0.842832387962214,0.46477802279442193,0.9766141834522557
1.0,0.99609375,0.0,1.0,1.0,0.7915702273958504,3.1846979912279836,0.0,0.0,0.0,0.0,0.0,0.0,106.00608825683594,62.4316291809082,9.515289306640625,19.95922088623047,204.41891479492188,16.626483917236328,0.252655029296875,0.037109375,0.005279541015625,0.0024566650390625,0.023529052734375,0.154144287109375,0.3081817626953125,0.216644287109375,0.6563513253975936,0.8578129712469514,0.5318129775835078,0.9863706928526847
1.0,0.99609375,0.0,1.0,1.0,0.7915702273958504,3.1846979912279836,0.0,0.0,0.0,0.0,0.0,0.0,74.76533508300781,76.04798126220703,10.668045043945312,21.062793731689453,204.4269561767578,15.368803977966309,0.5421600341796875,0.0271453857421875,0.0006561279296875,0.0001678466796875,0.00128173828125,0.0131072998046875,0.1143951416015625,0.30108642578125,1.23631140590654,0.8324234944494129,0.46790469275822577,0.9711919740111018
1.0,0.99609375,0.0,1.0,1.0,0.7915702273958504,3.1846979912279836,0.0,0.0,0.0,0.0,0.0,0.0,111.26560974121094,56.730430603027344,9.483673095703125,20.107486724853516,208.2999725341797,15.030874252319336,0.205963134765625,0.0263671875,0.0022430419921875,0.0014495849609375,0.02197265625,0.2257232666015625,0.3573760986328125,0.158905029296875,1.0017251687525115,0.8362268835041502,0.39563695435349966,0.975635271104595
1.0,0.99609375,0.0,1.0,1.0,0.7915702273958504,3.1846979912279836,0.0,0.0,0.0,0.0,0.0,0.0,91.68386840820312,74.69225311279297,10.396041870117188,20.30205726623535,204.46334838867188,13.601608276367188,0.4207763671875,0.0263824462890625,0.0015411376953125,0.000518798828125,0.0029144287109375,0.02825927734375,0.186004638671875,0.3336029052734375,0.9147675628344443,0.8333326431908079,0.3826426462028427,0.9742257368111875
1.0,0.99609375,0.0,1.0,1.0,0.7915702273958504,3.1846979912279836,0.0,0.0,0.0,0.0,0.0,0.0,109.71424865722656,41.6466178894043,11.905746459960938,22.269351959228516,215.62454223632812,15.123662948608398,0.1259307861328125,0.031341552734375,0.001190185546875,0.0007476806640625,0.0609588623046875,0.5979766845703125,0.15277099609375,0.029083251953125,0.672803531931639,0.868554605614246,0.5121533582575124,0.9840178653971051
1.0,0.99609375,0.0,1.0,1.0,0.7915702273958504,3.1846979912279836,0.0,0.0,0.0,0.0,0.0,0.0,112.15478515625,59.834808349609375,11.305694580078125,26.454315185546875,200.94317626953125,19.71657943725586,0.2257080078125,0.021453857421875,0.002685546875,0.001953125,0.0166015625,0.1452178955078125,0.374053955078125,0.2123260498046875,1.649238745185091,0.8641212140973092,0.6249308412583326,0.9764136378609365
1.0,0.99609375,0.0,1.0,1.0,0.7915702273958504,3.1846979912279836,0.0,0.0,0.0,0.0,0.0,0.0,119.33293151855469,52.000648498535156,10.291351318359375,19.397241592407227,200.5806427001953,11.469454765319824,0.159576416015625,0.0252227783203125,0.0005645751953125,0.0004119873046875,0.011199951171875,0.177764892578125,0.488128662109375,0.1371307373046875,0.5908329715380394,0.8693022712925866,0.45096708467591573,0.9771667569208777
1.0,0.99609375,0.0,1.0,1.0,0.7915702273958504,3.1846979912279836,0.0,0.0,0.0,0.0,0.0,0.0,107.6749267578125,65.69380950927734,13.622756958007812,31.217815399169922,200.44964599609375,24.148727416992188,0.281280517578125,0.023590087890625,0.0025787353515625,0.0010833740234375,0.009857177734375,0.0881805419921875,0.316192626953125,0.2772369384765625,1.8934883256089385,0.8550348118707061,0.480946509557456,0.9815446225198703
1.0,0.99609375,0.0,1.0,1.0,0.7915702273958504,3.1846979912279836,0.0,0.0,0.0,0.0,0.0,0.0,60.13824462890625,65.74102783203125,27.492996215820312,34.130126953125,189.43748474121094,28.116901397705078,0.637908935546875,0.04522705078125,0.0015411376953125,0.001007080078125,0.0035552978515625,0.023529052734375,0.08746337890625,0.19976806640625,1.6597328327219296,0.7629516811389394,0.28831480032568024,0.9884752916361537
1.0,0.99609375,0.0,1.0,1.0,0.7915702273958504,3.1846979912279836,0.0,0.0,0.0,0.0,0.0,0.0,106.99964904785156,60.55789566040039,15.29693603515625,34.79941177368164,204.7361297607422,29.523916244506836,0.2541351318359375,0.01416015625,0.00390625,0.00201416015625,0.0265350341796875,0.1838531494140625,0.33294677734375,0.1824493408203125,2.830178099512718,0.8242368408853373,0.5150835413453362,0.9816438266380716
1.0,0.99609375,0.0,1.0,1.0,0.7915702273958504,3.1846979912279836,0.0,0.0,0.0,0.0,0.0,0.0,66.53134155273438,71.796142578125,20.702926635742188,39.87813186645508,200.7336883544922,19.965356826782227,0.58465576171875,0.037139892578125,0.0019683837890625,0.000823974609375,0.003936767578125,0.0234832763671875,0.112152099609375,0.23583984375,2.1693900785046782,0.8046973671993174,0.46907435580245704,0.9770298667437058
1.0,0.99609375,0.0,1.0,1.0,0.7915702273958504,3.1846979912279836,0.0,0.0,0.0,0.0,0.0,0.0,73.73353576660156,74.01911926269531,23.8934326171875,41.63163757324219,197.8120574951172,25.364255905151367,0.5477294921875,0.027801513671875,0.0008697509765625,0.0003204345703125,0.0016326904296875,0.020355224609375,0.139923095703125,0.2613677978515625,3.8667071183336192,0.7757343728408863,0.36690139321191717,0.9700781036961039
1.0,0.99609375,0.0,1.0,1.0,0.7915702273958504,3.1846979912279836,0.0,0.0,0.0,0.0,0.0,0.0,102.78616333007812,71.51895904541016,25.130996704101562,46.2366943359375,190.76414489746094,32.602027893066406,0.36102294921875,0.0037994384765625,0.000244140625,0.000152587890625,0.0011444091796875,0.0353240966796875,0.29266357421875,0.3056488037109375,3.5489783130867645,0.7849538480374927,0.28642818958644745,0.9823811374645655
1.0,0.99609375,0.0,1.0,1.0,0.7915702273958504,3.1846979912279836,0.0,0.0,0.0,0.0,0.0,0.0,99.34034729003906,58.124114990234375,22.4630126953125,45.363014221191406,199.6949462890625,43.57368087768555,0.2736358642578125,0.013214111328125,0.0030670166015625,0.002197265625,0.043975830078125,0.2996978759765625,0.2701416015625,0.0940704345703125,3.6913618021114436,0.7749331623965701,0.46189409586487207,0.9882455936623848
1.0,0.99609375,0.0,1.0,1.0,0.7915702273958504,3.1846979912279836,0.0,0.0,0.0,0.0,0.0,0.0,84.81015014648438,73.10418701171875,20.548568725585938,44.387969970703125,193.7874755859375,32.410125732421875,0.4519195556640625,0.026214599609375,0.0021209716796875,0.000885009765625,0.0050506591796875,0.04937744140625,0.205810546875,0.2586212158203125,3.4600177207522798,0.7671204447121974,0.38186849032266923,0.9827890369623397
1.0,0.99609375,0.0,1.0,1.0,0.7915702273958504,3.1846979912279836,0.0,0.0,0.0,0.0,0.0,0.0,101.17633056640625,59.485328674316406,23.870742797851562,46.252777099609375,199.09498596191406,41.133399963378906,0.27825927734375,0.0084686279296875,0.00238037109375,0.001251220703125,0.028411865234375,0.2752685546875,0.2925567626953125,0.1134033203125,4.955308342874305,0.7704169030998931,0.4136816070920566,0.9832670365544506
1.0,0.99609375,0.0,1.0,1.0,0.7915702273958504,3.1846979912279836,0.0,0.0,0.0,0.0,0.0,0.0,111.16476440429688,48.653846740722656,21.1097412109375,39.37858963012695,198.8311309814453,27.460487365722656,0.19000244140625,0.00384521484375,0.0003204345703125,0.0001983642578125,0.0196685791015625,0.44097900390625,0.292388916015625,0.0525970458984375,2.8330361631743624,0.8004147836292188,0.37188491826756687,0.9802902341607087
1.0,0.99609375,0.0,1.0,1.0,0.7915702273958504,3.1846979912279836,0.0,0.0,0.0,0.0,0.0,0.0,112.9676513671875,53.52519607543945,20.986587524414062,43.348995208740234,202.95068359375,31.793109893798828,0.2021942138671875,0.0038299560546875,0.0009307861328125,0.0007476806640625,0.0173492431640625,0.27362060546875,0.3982086181640625,0.103118896484375,3.876666916391451,0.78073768591074,0.40978310328182377,0.9801305360720218
1.0,0.99609375,0.0,1.0,1.0,0.7915702273958504,3.1846979912279836,0.0,0.0,0.0,0.0,0.0,0.0,108.44181823730469,62.086299896240234,18.892379760742188,39.85633850097656,201.0009307861328,28.949438095092773,0.265594482421875,0.00994873046875,0.0019378662109375,0.001007080078125,0.012725830078125,0.1391448974609375,0.3768463134765625,0.1927947998046875,3.342643735509151,0.7756172267846925,0.3818328791867056,0.9794360271433629
1.0,0.99609375,0.0,1.0,1.0,0.7915702273958504,3.1846979912279836,0.0,0.0,0.0,0.0,0.0,0.0,91.02108764648438,66.193359375,19.768707275390625,38.849037170410156,200.68243408203125,27.07895278930664,0.3665771484375,0.035675048828125,0.00433349609375,0.0027923583984375,0.0234527587890625,0.1331634521484375,0.2567138671875,0.1772918701171875,2.4006421650530614,0.8037947681153675,0.4068245652297334,0.9831734951256217
1.0,0.99609375,0.0,1.0,1.0,0.7915702273958504,3.1846979912279836,0.0,0.0,0.0,0.0,0.0,0.0,82.4312744140625,72.14183807373047,30.668685913085938,55.414424896240234,190.3325958251953,35.2525520324707,0.4754180908203125,0.020233154296875,0.002227783203125,0.0009002685546875,0.005126953125,0.048492431640625,0.2161407470703125,0.2314605712890625,3.4660956921455646,0.7627356465450189,0.3447434634110019,0.9859270278188759
1.0,0.99609375,0.0,1.0,1.0,0.7915702273958504,3.1846979912279836,0.0,0.0,0.0,0.0,0.0,0.0,75.59574890136719,72.55159759521484,20.057998657226562,38.24602127075195,195.5112762451172,31.324657440185547,0.515533447265625,0.0375213623046875,0.0024566650390625,0.001068115234375,0.0044403076171875,0.0340423583984375,0.162200927734375,0.24273681640625,3.5813986525155435,0.76512158348297,0.35555867711077754,0.9798216653860495
1.0,0.99609375,0.0,1.0,1.0,0.7915702273958504,3.1846979912279836,0.0,0.0,0.0,0.0,0.0,0.0,124.74687194824219,50.95597457885742,15.06500244140625,34.30191421508789,194.47943115234375,21.54530906677246,0.154327392578125,0.0016326904296875,0.0005035400390625,0.0005645751953125,0.0082244873046875,0.150115966796875,0.50177001953125,0.182861328125,2.2354449029743355,0.8261008412820895,0.31309749975342793,0.9764706691687851
1.0,0.99609375,0.0,1.0,1.0,0.7915702273958504,3.1846979912279836,0.0,0.0,0.0,0.0,0.0,0.0,99.22723388671875,57.54915237426758,21.139389038085938,41.01926803588867,206.6704864501953,23.15746307373047,0.280181884765625,0.01611328125,0.0029449462890625,0.0017547607421875,0.0372314453125,0.3106842041015625,0.2541656494140625,0.096923828125,3.2344254359116595,0.794666736051063,0.4325647030658939,0.9718249680158555
1.0,0.99609375,0.0,1.0,1.0,0.7915702273958504,3.1846979912279836,0.0,0.0,0.0,0.0,0.0,0.0,96.60328674316406,57.66169357299805,25.64947509765625,45.22914505004883,209.22300720214844,23.363248825073242,0.301513671875,0.016571044921875,0.001312255859375,0.00079345703125,0.0311126708984375,0.3238372802734375,0.2461700439453125,0.0786895751953125,4.578089010430157,0.7818954558217073,0.3855005679913328,0.964281683995784
1.0,0.99609375,0.0,1.0,1.0,0.7915702273958504,3.1846979912279836,0.0,0.0,0.0,0.0,0.0,0.0,111.59629821777344,43.12764358520508,17.448654174804688,35.283329010009766,210.33578491210938,22.75625228881836,0.1489715576171875,0.0084686279296875,0.000518798828125,0.000244140625,0.035308837890625,0.575775146484375,0.20147705078125,0.02923583984375,3.031074216635484,0.8068550869255087,0.387152905198272,0.9709506434247952
1.0,0.99609375,0.0,1.0,1.0,0.7915702273958504,3.1846979912279836,0.0,0.0,0.0,0.0,0.0,0.0,106.55342102050781,51.4214973449707,16.15838623046875,35.89969253540039,211.41799926757812,26.263652801513672,0.206085205078125,0.00848388671875,0.002288818359375,0.0017242431640625,0.051239013671875,0.397735595703125,0.258819580078125,0.0736236572265625,3.8064479479028654,0.7967718106748771,0.45637159966998353,0.9714637946965688
1.0,0.99609375,0.0,1.0,1.0,0.7915702273958504,3.1846979912279836,0.0,0.0,0.0,0.0,0.0,0.0,113.81768798828125,51.83262634277344,19.059463500976562,38.21339797973633,206.51295471191406,22.82886505126953,0.1945037841796875,0.003265380859375,0.00042724609375,0.0002899169921875,0.0126953125,0.3253326416015625,0.3664398193359375,0.0970458984375,3.5737489376036864,0.7947073110358918,0.3578206279217753,0.9683698977472561
1.0,0.99609375,0.0,1.0,1.0,0.7915702273958504,3.1846979912279836,0.0,0.0,0.0,0.0,0.0,0.0,66.7882080078125,69.64012908935547,22.847503662109375,42.26344299316406,196.60403442382812,26.71774673461914,0.564300537109375,0.0464935302734375,0.0039520263671875,0.0019378662109375,0.0079345703125,0.0401611328125,0.1335601806640625,0.20166015625,2.4447781611907735,0.7663973799617172,0.39120379911081515,0.983463101453669
1.0,0.99609375,0.0,1.0,1.0,0.7915702273958504,3.1846979912279836,0.0,0.0,0.0,0.0,0.0,0.0,110.45947265625,56.433712005615234,13.75494384765625,31.45909881591797,211.54127502441406,23.376707077026367,0.2198944091796875,0.01123046875,0.002532958984375,0.0019073486328125,0.0270538330078125,0.2255859375,0.3662567138671875,0.145538330078125,3.093212567390862,0.8264572254502687,0.47460984642581194,0.9703868670769421
1.0,0.99609375,0.0,1.0,1.0,0.7915702273958504,3.1846979912279836,0.0,0.0,0.0,0.0,0.0,0.0,82.96900939941406,71.17436218261719,21.453277587890625,47.70493698120117,197.79173278808594,34.270050048828125,0.4410552978515625,0.0360870361328125,0.0053253173828125,0.002593994140625,0.0128173828125,0.0760955810546875,0.191864013671875,0.234161376953125,3.012814476034083,0.7910416818816318,0.4116054579753803,0.9865628972333329
1.0,0.99609375,0.0,1.0,1.0,0.7915702273958504,3.1846979912279836,0.0,0.0,0.0,0.0,0.0,0.0,84.42027282714844,71.9659652709961,22.153182983398438,48.91964340209961,199.835205078125,30.787221908569336,0.4388427734375,0.0338134765625,0.005096435546875,0.0028076171875,0.0128631591796875,0.0658721923828125,0.1864166259765625,0.2542877197265625,3.647641477948913,0.7887203338488238,0.3562097459952677,0.9811783671404495
1.0,0.99609375,0.0,1.0,1.0,0.7915702273958504,3.1846979912279836,0.0,0.0,0.0,0.0,0.0,0.0,104.72332763671875,52.58073806762695,20.335296630859375,40.979671478271484,206.0772705078125,24.375314712524414,0.2227325439453125,0.016326904296875,0.00177001953125,0.001556396484375,0.0417633056640625,0.3909454345703125,0.2524871826171875,0.072418212890625,3.4248599845315644,0.8015960839080093,0.38022317268496086,0.9718775771569184
1.0,0.99609375,0.0,1.0,1.0,0.7915702273958504,3.1846979912279836,0.0,0.0,0.0,0.0,0.0,0.0,110.50071716308594,46.981101989746094,21.80157470703125,44.45089340209961,201.16261291503906,26.401105880737305,0.1755523681640625,0.0045318603515625,0.000732421875,0.0004119873046875,0.0341644287109375,0.4909820556640625,0.248504638671875,0.0451202392578125,3.1343822385625266,0.817180739527218,0.44743883797675,0.9783948030096281
1.0,0.99609375,0.0,1.0,1.0,0.7915702273958504,3.1846979912279836,0.0,0.0,0.0,0.0,0.0,0.0,108.85220336914062,63.903846740722656,26.571319580078125,51.22439956665039,194.9827423095703,30.329191207885742,0.2850494384765625,0.003265380859375,0.0003814697265625,0.000213623046875,0.0059814453125,0.1090545654296875,0.3892364501953125,0.206817626953125,3.110360410444387,0.7943233974757906,0.3528223145944216,0.9839792399682699
1.0,0.99609375,0.0,1.0,1.0,0.7915702273958504,3.1846979912279836,0.0,0.0,0.0,0.0,0.0,0.0,115.99798583984375,49.86449432373047,20.21563720703125,41.61728286743164,195.84188842773438,28.90676498413086,0.17584228515625,0.0028533935546875,0.000396728515625,0.000244140625,0.0146484375,0.335052490234375,0.3779754638671875,0.092987060546875,3.264009010062609,0.7906943210771096,0.37830676833723287,0.9793196329021221
1.0,0.99609375,0.0,1.0,1.0,0.7915702273958504,3.1846979912279836,0.0,0.0,0.0,0.0,0.0,0.0,100.22030639648438,60.18635559082031,16.17926025390625,37.89067459106445,209.42117309570312,24.850095748901367,0.277191162109375,0.0176239013671875,0.005523681640625,0.0034942626953125,0.0416717529296875,0.2381591796875,0.2822418212890625,0.13409423828125,3.2019588393547487,0.8148010873411884,0.5150444148734469,0.9746652611839878
1.0,0.99609375,0.0,1.0,1.0,0.7915702273958504,3.1846979912279836,0.0,0.0,0.0,0.0,0.0,0.0,92.22113037109375,72.57231140136719,21.9798583984375,43.1055793762207,198.281982421875,31.2872371673584,0.415130615234375,0.01739501953125,0.0017547607421875,0.00079345703125,0.00439453125,0.04736328125,0.223907470703125,0.2892608642578125,3.8748344868317486,0.7695941546438335,0.33016375488478233,0.9791403568841204
1.0,0.99609375,0.0,1.0,1.0,0.7915702273958504,3.1846979912279836,0.0,0.0,0.0,0.0,0.0,0.0,97.71833801269531,65.87940216064453,20.021759033203125,41.93514633178711,203.8150177001953,17.67144012451172,0.3397216796875,0.019317626953125,0.00286865234375,0.001556396484375,0.0143890380859375,0.126495361328125,0.3032379150390625,0.192413330078125,2.179720233831235,0.7849751591725922,0.31808146972422524,0.9739251917167451
1.0,0.99609375,0.0,1.0,1.0,0.7915702273958504,3.1846979912279836,0.0,0.0,0.0,0.0,0.0,0.0,87.26942443847656,67.8471450805664,20.886474609375,43.12160110473633,203.56375122070312,22.245445251464844,0.403594970703125,0.028839111328125,0.0050506591796875,0.0029296875,0.021270751953125,0.1201934814453125,0.22845458984375,0.189666748046875,2.5866920044807244,0.788681895301364,0.35231957667263186,0.9768329184909053
1.0,0.99609375,0.0,1.0,1.0,0.7915702273958504,3.1846979912279836,0.0,0.0,0.0,0.0,0.0,0.0,75.23844909667969,71.8567123413086,19.819046020507812,42.542537689208984,201.7355194091797,19.206125259399414,0.5095062255859375,0.037109375,0.0043792724609375,0.002288818359375,0.0088348388671875,0.046417236328125,0.1555328369140625,0.235931396484375,2.2649199462604632,0.8015596034238051,0.4438061442112234,0.9761161788592128
1.0,0.99609375,0.0,1.0,1.0,0.7915702273958504,3.1846979912279836,0.0,0.0,0.0,0.0,0.0,0.0,93.89588928222656,71.8643798828125,21.706069946289062,46.47504425048828,192.9575958251953,30.596845626831055,0.39508056640625,0.0185394287109375,0.002410888671875,0.000732421875,0.0070648193359375,0.056427001953125,0.242950439453125,0.27679443359375,3.339385886854001,0.7995485497161665,0.3438628239021384,0.9817962451043478
1.0,0.99609375,0.0,1.0,1.0,0.7915702273958504,3.1846979912279836,0.0,0.0,0.0,0.0,0.0,0.0,119.22718811035156,56.24568557739258,16.87530517578125,37.961830139160156,194.03927612304688,23.165950775146484,0.1968536376953125,0.0035858154296875,0.000640869140625,0.000335693359375,0.007904052734375,0.1399688720703125,0.46270751953125,0.1880035400390625,2.688871987744914,0.8246883770103745,0.3830915783896034,0.9756583060003141
1.0,0.99609375,0.0,1.0,1.0,0.7915702273958504,3.1846979912279836,0.0,0.0,0.0,0.0,0.0,0.0,101.09147644042969,55.5688362121582,23.422409057617188,48.27262878417969,203.0880889892578,29.68994140625,0.2551422119140625,0.011322021484375,0.0030517578125,0.0023956298828125,0.050567626953125,0.335662841796875,0.2624969482421875,0.0793609619140625,2.8550560725198957,0.79343049270529,0.4741001246396411,0.9846712715792741
1.0,0.99609375,0.0,1.0,1.0,0.7915702273958504,3.1846979912279836,0.0,0.0,0.0,0.0,0.0,0.0,108.82078552246094,49.46348190307617,19.060806274414062,38.06120300292969,205.1177215576172,29.098175048828125,0.1930999755859375,0.005615234375,0.001495361328125,0.0005950927734375,0.0398712158203125,0.4310150146484375,0.2692413330078125,0.0590667724609375,3.4993813644108243,0.7989166474199386,0.4098069588175145,0.9777882188569637
1.0,0.99609375,0.0,1.0,1.0,0.7915702273958504,3.1846979912279836,0.0,0.0,0.0,0.0,0.0,0.0,110.8001708984375,62.96110153198242,22.621551513671875,44.30776596069336,201.97906494140625,18.884836196899414,0.274200439453125,0.0048370361328125,0.0003509521484375,0.00030517578125,0.0048828125,0.1097412109375,0.39227294921875,0.213409423828125,2.4331705252037046,0.8037556841217242,0.3464008993405026,0.974795472475139
1.0,0.99609375,0.0,1.0,1.0,0.7915702273958504,3.1846979912279836,0.0,0.0,0.0,0.0,0.0,0.0,110.62818908691406,46.849239349365234,20.412445068359375,41.23122787475586,200.05311584472656,27.19938087463379,0.1742401123046875,0.004302978515625,0.00042724609375,0.000244140625,0.0344085693359375,0.4929046630859375,0.251312255859375,0.0421600341796875,2.603865645151487,0.8035367368654529,0.36975087074924773,0.982003198579102
1.0,0.99609375,0.0,1.0,1.0,0.7915702273958504,3.1846979912279836,0.0,0.0,0.0,0.0,0.0,0.0,104.80210876464844,53.44428253173828,15.9078369140625,33.77137756347656,208.99427795410156,25.04016876220703,0.225311279296875,0.0115966796875,0.0029449462890625,0.002044677734375,0.0512847900390625,0.3478240966796875,0.2762908935546875,0.08270263671875,2.7511964864043916,0.7884411479021922,0.4806588329671523,0.9776100040608853
1.0,0.99609375,0.0,1.0,1.0,0.7915702273958504,3.1846979912279836,0.0,0.0,0.0,0.0,0.0,0.0,118.33613586425781,47.50737380981445,19.216064453125,40.49983596801758,194.65733337402344,29.329017639160156,0.156219482421875,0.0019073486328125,0.0005950927734375,0.000274658203125,0.0175628662109375,0.3224945068359375,0.4183197021484375,0.0826263427734375,2.611589685518034,0.7912425050594143,0.30885169363409987,0.9836357694923084
1.0,0.99609375,0.0,1.0,1.0,0.7915702273958504,3.1846979912279836,0.0,0.0,0.0,0.0,0.0,0.0,99.19721984863281,57.12810516357422,25.5654296875,44.179222106933594,207.16128540039062,27.088764190673828,0.2599334716796875,0.041900634765625,0.0012664794921875,0.0007476806640625,0.027008056640625,0.308441162109375,0.2826995849609375,0.0780029296875,3.355000311519205,0.8011291754469788,0.4357269905384383,0.978089035503309
1.0,0.99609375,0.0,1.0,1.0,0.7915702273958504,3.1846979912279836,0.0,0.0,0.0,0.0,0.0,0.0,112.08839416503906,43.036476135253906,17.81976318359375,37.4794807434082,212.24415588378906,23.147655487060547,0.1461029052734375,0.00732421875,0.000457763671875,0.000335693359375,0.044830322265625,0.54925537109375,0.216522216796875,0.0351715087890625,2.471266272575856,0.8350550040656961,0.5255771485626284,0.9782493372740996
1.0,0.99609375,0.0,1.0,1.0,0.7915702273958504,3.1846979912279836,0.0,0.0,0.0,0.0,0.0,0.0,98.42500305175781,65.27354431152344,17.991790771484375,39.052818298339844,204.5865478515625,25.129535675048828,0.3232574462890625,0.0234832763671875,0.003662109375,0.0016021728515625,0.01611328125,0.1392669677734375,0.3046112060546875,0.1880035400390625,2.1777416111784933,0.8036771866712562,0.4156101518978005,0.9828730437445221
1.0,0.99609375,0.0,1.0,1.0,0.7915702273958504,3.1846979912279836,0.0,0.0,0.0,0.0,0.0,0.0,95.34561157226562,64.80352020263672,20.424957275390625,45.683692932128906,202.99012756347656,27.990726470947266,0.325775146484375,0.0302276611328125,0.00689697265625,0.00335693359375,0.0279693603515625,0.165252685546875,0.263916015625,0.176605224609375,2.4280456660619762,0.8088626871654588,0.44896879536999257,0.9851276513724674
1.0,0.99609375,0.0,1.0,1.0,0.7915702273958504,3.1846979912279836,0.0,0.0,0.0,0.0,0.0,0.0,98.30093383789062,62.52874755859375,17.789764404296875,41.52812957763672,205.91824340820312,26.06821060180664,0.2965850830078125,0.0253448486328125,0.0068206787109375,0.0035858154296875,0.0344085693359375,0.1984100341796875,0.2752227783203125,0.1596221923828125,2.4107674114958,0.793729691103744,0.4972838520848276,0.9828362325794203
1.0,0.99609375,0.0,1.0,1.0,0.7915702273958504,3.1846979912279836,0.0,0.0,0.0,0.0,0.0,0.0,106.46659851074219,56.50609588623047,20.992538452148438,41.733238220214844,203.69052124023438,30.382339477539062,0.2424468994140625,0.0119781494140625,0.00164794921875,0.00103759765625,0.0253753662109375,0.2805633544921875,0.3199462890625,0.11700439453125,4.081109147355628,0.7658941735095537,0.3659925415791382,0.9756805187105693
1.0,0.99609375,0.0,1.0,1.0,0.7915702273958504,3.1846979912279836,0.0,0.0,0.0,0.0,0.0,0.0,106.32481384277344,60.50472640991211,26.350677490234375,50.93413162231445,198.2457275390625,39.8508186340332,0.265167236328125,0.0055694580078125,0.001251220703125,0.0005950927734375,0.0157623291015625,0.2187957763671875,0.338226318359375,0.154632568359375,5.731585212966518,0.7590218207280066,0.35037692202653437,0.9803809340692728
1.0,0.99609375,0.0,1.0,1.0,0.7915702273958504,3.1846979912279836,0.0,0.0,0.0,0.0,0.0,0.0,77.33717346191406,71.0357894897461,17.760208129882812,39.81918716430664,199.7639617919922,21.151748657226562,0.4791717529296875,0.048919677734375,0.005279541015625,0.0019989013671875,0.01123046875,0.0585479736328125,0.1666717529296875,0.228179931640625,1.8688300243305707,0.8091788044086019,0.44180449170159186,0.9820120932403636
1.0,0.99609375,0.0,1.0,1.0,0.7915702273958504,3.1846979912279836,0.0,0.0,0.0,0.0,0.0,0.0,112.19308471679688,52.2296142578125,20.80218505859375,39.870155334472656,202.64028930664062,24.314891815185547,0.1947174072265625,0.0159454345703125,0.0003204345703125,0.000274658203125,0.0152587890625,0.332305908203125,0.3462066650390625,0.094970703125,2.618144382749026,0.8098570422668998,0.3703315005148401,0.9787161472950345
1.0,0.99609375,0.0,1.0,1.0,0.7915702273958504,3.1846979912279836,0.0,0.0,0.0,0.0,0.0,0.0,101.70014953613281,68.564453125,18.305862426757812,39.16735076904297,201.84408569335938,33.341487884521484,0.336700439453125,0.0112457275390625,0.0009307861328125,0.0006103515625,0.0062408447265625,0.08050537109375,0.3120269775390625,0.251739501953125,3.927454407725592,0.7685106788836972,0.3635889846769311,0.9790720747247248
1.0,0.99609375,0.0,1.0,1.0,0.7915702273958504,3.1846979912279836,0.0,0.0,0.0,0.0,0.0,0.0,101.52935791015625,68.66089630126953,18.095626831054688,39.17291259765625,202.39584350585938,33.49223709106445,0.33697509765625,0.0129241943359375,0.0011749267578125,0.0005645751953125,0.0066375732421875,0.0780792236328125,0.3080902099609375,0.25555419921875,3.8537798111402597,0.772240688901009,0.38095305871041696,0.9796898902521105
1.0,0.99609375,0.0,1.0,1.0,0.7915702273958504,3.1846979912279836,0.0,0.0,0.0,0.0,0.0,0.0,109.38206481933594,62.88499069213867,21.301376342773438,42.312347412109375,200.15960693359375,24.617929458618164,0.274627685546875,0.00970458984375,0.0006103515625,0.000335693359375,0.00634765625,0.1216888427734375,0.381378173828125,0.2053070068359375,2.920869814428004,0.7867642336555629,0.31279757300365096,0.9775154458409248
1.0,0.99609375,0.0,1.0,1.0,0.7915702273958504,3.1846979912279836,0.0,0.0,0.0,0.0,0.0,0.0,95.03689575195312,67.63925170898438,20.54083251953125,41.96457290649414,201.86959838867188,24.256914138793945,0.3619232177734375,0.0233917236328125,0.00250244140625,0.0010528564453125,0.01446533203125,0.11663818359375,0.260986328125,0.2190399169921875,3.3822950649069607,0.782423672362319,0.354353436477044,0.9738115340952812
1.0,0.99609375,0.0,1.0,1.0,0.7915702273958504,3.1846979912279836,0.0,0.0,0.0,0.0,0.0,0.0,86.97183227539062,69.43939971923828,14.772598266601562,30.111522674560547,203.89767456054688,20.548351287841797,0.4061737060546875,0.0450897216796875,0.006988525390625,0.0030364990234375,0.0160675048828125,0.082794189453125,0.2076873779296875,0.2321624755859375,1.7732747566601068,0.795571118860979,0.4474274443770677,0.9785169415774864
1.0,0.99609375,0.0,1.0,1.0,0.7915702273958504,3.1846979912279836,0.0,0.0,0.0,0.0,0.0,0.0,91.56953430175781,64.07304382324219,18.378631591796875,33.95465087890625,202.6325225830078,21.8883056640625,0.33966064453125,0.0537261962890625,0.003753662109375,0.0014801025390625,0.02093505859375,0.17352294921875,0.2598724365234375,0.1470489501953125,1.5785254614564665,0.7819622571726138,0.36765559111285484,0.982860727819981
1.0,0.99609375,0.0,1.0,1.0,0.7915702273958504,3.1846979912279836,0.0,0.0,0.0,0.0,0.0,0.0,87.62095642089844,62.299285888671875,20.500946044921875,36.30744552612305,200.5417022705078,22.631473541259766,0.35888671875,0.042694091796875,0.006256103515625,0.004669189453125,0.0440216064453125,0.2087860107421875,0.2115325927734375,0.1231536865234375,1.8975386617981653,0.7722443990562462,0.37466803146125893,0.9818134328113581
1.0,0.99609375,0.0,1.0,1.0,0.7915702273958504,3.1846979912279836,0.0,0.0,0.0,0.0,0.0,0.0,80.80105590820312,67.08607482910156,23.667007446289062,42.98431396484375,195.905029296875,25.369325637817383,0.43426513671875,0.0495147705078125,0.0090484619140625,0.0045166015625,0.0236358642578125,0.1069793701171875,0.1962127685546875,0.1758270263671875,1.579003497810021,0.8053413925743141,0.3955228051068458,0.9877823831637553
1.0,0.99609375,0.0,1.0,1.0,0.7915702273958504,3.1846979912279836,0.0,0.0,0.0,0.0,0.0,0.0,118.33711242675781,63.02926254272461,13.741775512695312,28.03095245361328,194.59503173828125,20.25242042541504,0.241973876953125,0.0057220458984375,0.0004119873046875,0.000213623046875,0.003082275390625,0.0582122802734375,0.3760528564453125,0.3143310546875,1.2066041768243307,0.8293996566243144,0.40274042748302974,0.9841137020807489
1.0,0.99609375,0.0,1.0,1.0,0.7915702273958504,3.1846979912279836,0.0,0.0,0.0,0.0,0.0,0.0,101.91058349609375,61.76029586791992,16.269607543945312,31.841331481933594,204.53297424316406,23.983665466308594,0.2905731201171875,0.02227783203125,0.0039215087890625,0.002044677734375,0.021453857421875,0.17919921875,0.3168487548828125,0.1636810302734375,1.4541765710666597,0.8172164254705236,0.5700476099653918,0.9863550186457777
1.0,0.99609375,0.0,1.0,1.0,0.7915702273958504,3.1846979912279836,0.0,0.0,0.0,0.0,0.0,0.0,116.27626037597656,44.22649383544922,13.9903564453125,29.065040588378906,220.76828002929688,21.167964935302734,0.1533050537109375,0.003570556640625,4.57763671875e-05,0.0,0.0064544677734375,0.3783111572265625,0.414764404296875,0.043548583984375,2.1554660885009556,0.8404427026963524,0.45996702293605396,0.9756822395172524
1.0,0.99609375,0.0,1.0,1.0,0.7915702273958504,3.1846979912279836,0.0,0.0,0.0,0.0,0.0,0.0,113.2578125,63.06720733642578,15.026092529296875,30.06047821044922,220.8716278076172,20.080759048461914,0.2723846435546875,0.0045623779296875,0.00018310546875,9.1552734375e-05,0.0028533935546875,0.0651702880859375,0.31884765625,0.335906982421875,2.4115667155321012,0.796813016437266,0.4374851379279163,0.9713412031050606
1.0,0.99609375,0.0,1.0,1.0,0.7915702273958504,3.1846979912279836,0.0,0.0,0.0,0.0,0.0,0.0,93.06895446777344,75.5877685546875,14.930038452148438,26.460819244384766,215.81295776367188,23.820167541503906,0.453094482421875,0.00439453125,0.0001983642578125,6.103515625e-05,0.0004425048828125,0.0083770751953125,0.11993408203125,0.4134979248046875,0.9909918525961972,0.8640878860060184,0.47008733828896565,0.9902905798697065
1.0,0.99609375,0.0,1.0,1.0,0.7915702273958504,3.1846979912279836,0.0,0.0,0.0,0.0,0.0,0.0,110.90489196777344,47.126373291015625,12.36248779296875,26.477909088134766,235.9342803955078,16.774011611938477,0.180084228515625,0.0018157958984375,9.1552734375e-05,6.103515625e-05,0.016021728515625,0.447296142578125,0.2816619873046875,0.072967529296875,2.1787647388235634,0.8705551421354465,0.5492531357544228,0.9652647701851598
1.0,0.99609375,0.0,1.0,1.0,0.7915702273958504,3.1846979912279836,0.0,0.0,0.0,0.0,0.0,0.0,108.36569213867188,73.1734619140625,16.363388061523438,31.896862030029297,212.52828979492188,18.53941535949707,0.3577117919921875,0.0049285888671875,1.52587890625e-05,0.0,4.57763671875e-05,0.004180908203125,0.1441650390625,0.48895263671875,1.425447216560638,0.8286426864586398,0.4480077703402188,0.9809501240085481
1.0,0.99609375,0.0,1.0,1.0,0.7915702273958504,3.1846979912279836,0.0,0.0,0.0,0.0,0.0,0.0,84.43742370605469,77.58493041992188,12.405120849609375,24.611541748046875,217.39964294433594,16.938016891479492,0.513214111328125,0.0126495361328125,0.0001068115234375,9.1552734375e-05,0.0001068115234375,0.000885009765625,0.033660888671875,0.4392852783203125,1.1873314996096986,0.8301279253658832,0.49689192592958464,0.9799943136432109
1.0,0.99609375,0.0,1.0,1.0,0.7915702273958504,3.1846979912279836,0.0,0.0,0.0,0.0,0.0,0.0,60.13824462890625,65.74102783203125,27.492996215820312,34.130126953125,189.43748474121094,28.116901397705078,0.637908935546875,0.04522705078125,0.0015411376953125,0.001007080078125,0.0035552978515625,0.023529052734375,0.08746337890625,0.19976806640625,1.6597328327219296,0.7629516811389394,0.28831480032568024,0.9884752916361537
1.0,0.99609375,0.0,1.0,1.0,0.7915702273958504,3.1846979912279836,0.0,0.0,0.0,0.0,0.0,0.0,106.99964904785156,60.55789566040039,15.29693603515625,34.79941177368164,204.7361297607422,29.523916244506836,0.2541351318359375,0.01416015625,0.00390625,0.00201416015625,0.0265350341796875,0.1838531494140625,0.33294677734375,0.1824493408203125,2.830178099512718,0.8242368408853373,0.5150835413453362,0.9816438266380716
1.0,0.99609375,0.0,1.0,1.0,0.7915702273958504,3.1846979912279836,0.0,0.0,0.0,0.0,0.0,0.0,66.53134155273438,71.796142578125,20.702926635742188,39.87813186645508,200.7336883544922,19.965356826782227,0.58465576171875,0.037139892578125,0.0019683837890625,0.000823974609375,0.003936767578125,0.0234832763671875,0.112152099609375,0.23583984375,2.1693900785046782,0.8046973671993174,0.46907435580245704,0.9770298667437058
1.0,0.99609375,0.0,1.0,1.0,0.7915702273958504,3.1846979912279836,0.0,0.0,0.0,0.0,0.0,0.0,73.73353576660156,74.01911926269531,23.8934326171875,41.63163757324219,197.8120574951172,25.364255905151367,0.5477294921875,0.027801513671875,0.0008697509765625,0.0003204345703125,0.0016326904296875,0.020355224609375,0.139923095703125,0.2613677978515625,3.8667071183336192,0.7757343728408863,0.36690139321191717,0.9700781036961039
1.0,0.99609375,0.0,1.0,1.0,0.7915702273958504,3.1846979912279836,0.0,0.0,0.0,0.0,0.0,0.0,102.78616333007812,71.51895904541016,25.130996704101562,46.2366943359375,190.76414489746094,32.602027893066406,0.36102294921875,0.0037994384765625,0.000244140625,0.000152587890625,0.0011444091796875,0.0353240966796875,0.29266357421875,0.3056488037109375,3.5489783130867645,0.7849538480374927,0.28642818958644745,0.9823811374645655
1.0,0.99609375,0.0,1.0,1.0,0.7915702273958504,3.1846979912279836,0.0,0.0,0.0,0.0,0.0,0.0,99.34034729003906,58.124114990234375,22.4630126953125,45.363014221191406,199.6949462890625,43.57368087768555,0.2736358642578125,0.013214111328125,0.0030670166015625,0.002197265625,0.043975830078125,0.2996978759765625,0.2701416015625,0.0940704345703125,3.6913618021114436,0.7749331623965701,0.46189409586487207,0.9882455936623848
1.0,0.99609375,0.0,1.0,1.0,0.7915702273958504,3.1846979912279836,0.0,0.0,0.0,0.0,0.0,0.0,84.81015014648438,73.10418701171875,20.548568725585938,44.387969970703125,193.7874755859375,32.410125732421875,0.4519195556640625,0.026214599609375,0.0021209716796875,0.000885009765625,0.0050506591796875,0.04937744140625,0.205810546875,0.2586212158203125,3.4600177207522798,0.7671204447121974,0.38186849032266923,0.9827890369623397
1.0,0.99609375,0.0,1.0,1.0,0.7915702273958504,3.1846979912279836,0.0,0.0,0.0,0.0,0.0,0.0,101.17633056640625,59.485328674316406,23.870742797851562,46.252777099609375,199.09498596191406,41.133399963378906,0.27825927734375,0.0084686279296875,0.00238037109375,0.001251220703125,0.028411865234375,0.2752685546875,0.2925567626953125,0.1134033203125,4.955308342874305,0.7704169030998931,0.4136816070920566,0.9832670365544506
1.0,0.99609375,0.0,1.0,1.0,0.7915702273958504,3.1846979912279836,0.0,0.0,0.0,0.0,0.0,0.0,111.16476440429688,48.653846740722656,21.1097412109375,39.37858963012695,198.8311309814453,27.460487365722656,0.19000244140625,0.00384521484375,0.0003204345703125,0.0001983642578125,0.0196685791015625,0.44097900390625,0.292388916015625,0.0525970458984375,2.8330361631743624,0.8004147836292188,0.37188491826756687,0.9802902341607087
1.0,0.99609375,0.0,1.0,1.0,0.7915702273958504,3.1846979912279836,0.0,0.0,0.0,0.0,0.0,0.0,112.9676513671875,53.52519607543945,20.986587524414062,43.348995208740234,202.95068359375,31.793109893798828,0.2021942138671875,0.0038299560546875,0.0009307861328125,0.0007476806640625,0.0173492431640625,0.27362060546875,0.3982086181640625,0.103118896484375,3.876666916391451,0.78073768591074,0.40978310328182377,0.9801305360720218
1.0,0.99609375,0.0,1.0,1.0,0.7915702273958504,3.1846979912279836,0.0,0.0,0.0,0.0,0.0,0.0,108.44181823730469,62.086299896240234,18.892379760742188,39.85633850097656,201.0009307861328,28.949438095092773,0.265594482421875,0.00994873046875,0.0019378662109375,0.001007080078125,0.012725830078125,0.1391448974609375,0.3768463134765625,0.1927947998046875,3.342643735509151,0.7756172267846925,0.3818328791867056,0.9794360271433629
1.0,0.99609375,0.0,1.0,1.0,0.7915702273958504,3.1846979912279836,0.0,0.0,0.0,0.0,0.0,0.0,91.02108764648438,66.193359375,19.768707275390625,38.849037170410156,200.68243408203125,27.07895278930664,0.3665771484375,0.035675048828125,0.00433349609375,0.0027923583984375,0.0234527587890625,0.1331634521484375,0.2567138671875,0.1772918701171875,2.4006421650530614,0.8037947681153675,0.4068245652297334,0.9831734951256217
1.0,0.99609375,0.0,1.0,1.0,0.7915702273958504,3.1846979912279836,0.0,0.0,0.0,0.0,0.0,0.0,82.4312744140625,72.14183807373047,30.668685913085938,55.414424896240234,190.3325958251953,35.2525520324707,0.4754180908203125,0.020233154296875,0.002227783203125,0.0009002685546875,0.005126953125,0.048492431640625,0.2161407470703125,0.2314605712890625,3.4660956921455646,0.7627356465450189,0.3447434634110019,0.9859270278188759
1.0,0.99609375,0.0,1.0,1.0,0.7915702273958504,3.1846979912279836,0.0,0.0,0.0,0.0,0.0,0.0,75.59574890136719,72.55159759521484,20.057998657226562,38.24602127075195,195.5112762451172,31.324657440185547,0.515533447265625,0.0375213623046875,0.0024566650390625,0.001068115234375,0.0044403076171875,0.0340423583984375,0.162200927734375,0.24273681640625,3.5813986525155435,0.76512158348297,0.35555867711077754,0.9798216653860495
1.0,0.99609375,0.0,1.0,1.0,0.7915702273958504,3.1846979912279836,0.0,0.0,0.0,0.0,0.0,0.0,124.74687194824219,50.95597457885742,15.06500244140625,34.30191421508789,194.47943115234375,21.54530906677246,0.154327392578125,0.0016326904296875,0.0005035400390625,0.0005645751953125,0.0082244873046875,0.150115966796875,0.50177001953125,0.182861328125,2.2354449029743355,0.8261008412820895,0.31309749975342793,0.9764706691687851
1.0,0.99609375,0.0,1.0,1.0,0.7915702273958504,3.1846979912279836,0.0,0.0,0.0,0.0,0.0,0.0,99.22723388671875,57.54915237426758,21.139389038085938,41.01926803588867,206.6704864501953,23.15746307373047,0.280181884765625,0.01611328125,0.0029449462890625,0.0017547607421875,0.0372314453125,0.3106842041015625,0.2541656494140625,0.096923828125,3.2344254359116595,0.794666736051063,0.4325647030658939,0.9718249680158555
1.0,0.99609375,0.0,1.0,1.0,0.7915702273958504,3.1846979912279836,0.0,0.0,0.0,0.0,0.0,0.0,96.60328674316406,57.66169357299805,25.64947509765625,45.22914505004883,209.22300720214844,23.363248825073242,0.301513671875,0.016571044921875,0.001312255859375,0.00079345703125,0.0311126708984375,0.3238372802734375,0.2461700439453125,0.0786895751953125,4.578089010430157,0.7818954558217073,0.3855005679913328,0.964281683995784
1.0,0.99609375,0.0,1.0,1.0,0.7915702273958504,3.1846979912279836,0.0,0.0,0.0,0.0,0.0,0.0,111.59629821777344,43.12764358520508,17.448654174804688,35.283329010009766,210.33578491210938,22.75625228881836,0.1489715576171875,0.0084686279296875,0.000518798828125,0.000244140625,0.035308837890625,0.575775146484375,0.20147705078125,0.02923583984375,3.031074216635484,0.8068550869255087,0.387152905198272,0.9709506434247952
1.0,0.99609375,0.0,1.0,1.0,0.7915702273958504,3.1846979912279836,0.0,0.0,0.0,0.0,0.0,0.0,106.55342102050781,51.4214973449707,16.15838623046875,35.89969253540039,211.41799926757812,26.263652801513672,0.206085205078125,0.00848388671875,0.002288818359375,0.0017242431640625,0.051239013671875,0.397735595703125,0.258819580078125,0.0736236572265625,3.8064479479028654,0.7967718106748771,0.45637159966998353,0.9714637946965688
1.0,0.99609375,0.0,1.0,1.0,0.7915702273958504,3.1846979912279836,0.0,0.0,0.0,0.0,0.0,0.0,113.81768798828125,51.83262634277344,19.059463500976562,38.21339797973633,206.51295471191406,22.82886505126953,0.1945037841796875,0.003265380859375,0.00042724609375,0.0002899169921875,0.0126953125,0.3253326416015625,0.3664398193359375,0.0970458984375,3.5737489376036864,0.7947073110358918,0.3578206279217753,0.9683698977472561
1.0,0.99609375,0.0,1.0,1.0,0.7915702273958504,3.1846979912279836,0.0,0.0,0.0,0.0,0.0,0.0,66.7882080078125,69.64012908935547,22.847503662109375,42.26344299316406,196.60403442382812,26.71774673461914,0.564300537109375,0.0464935302734375,0.0039520263671875,0.0019378662109375,0.0079345703125,0.0401611328125,0.1335601806640625,0.20166015625,2.4447781611907735,0.7663973799617172,0.39120379911081515,0.983463101453669
1.0,0.99609375,0.0,1.0,1.0,0.7915702273958504,3.1846979912279836,0.0,0.0,0.0,0.0,0.0,0.0,110.45947265625,56.433712005615234,13.75494384765625,31.45909881591797,211.54127502441406,23.376707077026367,0.2198944091796875,0.01123046875,0.002532958984375,0.0019073486328125,0.0270538330078125,0.2255859375,0.3662567138671875,0.145538330078125,3.093212567390862,0.8264572254502687,0.47460984642581194,0.9703868670769421
1.0,0.99609375,0.0,1.0,1.0,0.7915702273958504,3.1846979912279836,0.0,0.0,0.0,0.0,0.0,0.0,82.96900939941406,71.17436218261719,21.453277587890625,47.70493698120117,197.79173278808594,34.270050048828125,0.4410552978515625,0.0360870361328125,0.0053253173828125,0.002593994140625,0.0128173828125,0.0760955810546875,0.191864013671875,0.234161376953125,3.012814476034083,0.7910416818816318,0.4116054579753803,0.9865628972333329
1.0,0.99609375,0.0,1.0,1.0,0.7915702273958504,3.1846979912279836,0.0,0.0,0.0,0.0,0.0,0.0,84.42027282714844,71.9659652709961,22.153182983398438,48.91964340209961,199.835205078125,30.787221908569336,0.4388427734375,0.0338134765625,0.005096435546875,0.0028076171875,0.0128631591796875,0.0658721923828125,0.1864166259765625,0.2542877197265625,3.647641477948913,0.7887203338488238,0.3562097459952677,0.9811783671404495
1.0,0.99609375,0.0,1.0,1.0,0.7915702273958504,3.1846979912279836,0.0,0.0,0.0,0.0,0.0,0.0,104.72332763671875,52.58073806762695,20.335296630859375,40.979671478271484,206.0772705078125,24.375314712524414,0.2227325439453125,0.016326904296875,0.00177001953125,0.001556396484375,0.0417633056640625,0.3909454345703125,0.2524871826171875,0.072418212890625,3.4248599845315644,0.8015960839080093,0.38022317268496086,0.9718775771569184
1.0,0.99609375,0.0,1.0,1.0,0.7915702273958504,3.1846979912279836,0.0,0.0,0.0,0.0,0.0,0.0,110.50071716308594,46.981101989746094,21.80157470703125,44.45089340209961,201.16261291503906,26.401105880737305,0.1755523681640625,0.0045318603515625,0.000732421875,0.0004119873046875,0.0341644287109375,0.4909820556640625,0.248504638671875,0.0451202392578125,3.1343822385625266,0.817180739527218,0.44743883797675,0.9783948030096281
1.0,0.99609375,0.0,1.0,1.0,0.7915702273958504,3.1846979912279836,0.0,0.0,0.0,0.0,0.0,0.0,108.85220336914062,63.903846740722656,26.571319580078125,51.22439956665039,194.9827423095703,30.329191207885742,0.2850494384765625,0.003265380859375,0.0003814697265625,0.000213623046875,0.0059814453125,0.1090545654296875,0.3892364501953125,0.206817626953125,3.110360410444387,0.7943233974757906,0.3528223145944216,0.9839792399682699
1.0,0.99609375,0.0,1.0,1.0,0.7915702273958504,3.1846979912279836,0.0,0.0,0.0,0.0,0.0,0.0,115.99798583984375,49.86449432373047,20.21563720703125,41.61728286743164,195.84188842773438,28.90676498413086,0.17584228515625,0.0028533935546875,0.000396728515625,0.000244140625,0.0146484375,0.335052490234375,0.3779754638671875,0.092987060546875,3.264009010062609,0.7906943210771096,0.37830676833723287,0.9793196329021221
1.0,0.99609375,0.0,1.0,1.0,0.7915702273958504,3.1846979912279836,0.0,0.0,0.0,0.0,0.0,0.0,100.22030639648438,60.18635559082031,16.17926025390625,37.89067459106445,209.42117309570312,24.850095748901367,0.277191162109375,0.0176239013671875,0.005523681640625,0.0034942626953125,0.0416717529296875,0.2381591796875,0.2822418212890625,0.13409423828125,3.2019588393547487,0.8148010873411884,0.5150444148734469,0.9746652611839878
1.0,0.99609375,0.0,1.0,1.0,0.7915702273958504,3.1846979912279836,0.0,0.0,0.0,0.0,0.0,0.0,92.22113037109375,72.57231140136719,21.9798583984375,43.1055793762207,198.281982421875,31.2872371673584,0.415130615234375,0.01739501953125,0.0017547607421875,0.00079345703125,0.00439453125,0.04736328125,0.223907470703125,0.2892608642578125,3.8748344868317486,0.7695941546438335,0.33016375488478233,0.9791403568841204
1.0,0.99609375,0.0,1.0,1.0,0.7915702273958504,3.1846979912279836,0.0,0.0,0.0,0.0,0.0,0.0,97.71833801269531,65.87940216064453,20.021759033203125,41.93514633178711,203.8150177001953,17.67144012451172,0.3397216796875,0.019317626953125,0.00286865234375,0.001556396484375,0.0143890380859375,0.126495361328125,0.3032379150390625,0.192413330078125,2.179720233831235,0.7849751591725922,0.31808146972422524,0.9739251917167451
1.0,0.99609375,0.0,1.0,1.0,0.7915702273958504,3.1846979912279836,0.0,0.0,0.0,0.0,0.0,0.0,87.26942443847656,67.8471450805664,20.886474609375,43.12160110473633,203.56375122070312,22.245445251464844,0.403594970703125,0.028839111328125,0.0050506591796875,0.0029296875,0.021270751953125,0.1201934814453125,0.22845458984375,0.189666748046875,2.5866920044807244,0.788681895301364,0.35231957667263186,0.9768329184909053
1.0,0.99609375,0.0,1.0,1.0,0.7915702273958504,3.1846979912279836,0.0,0.0,0.0,0.0,0.0,0.0,75.23844909667969,71.8567123413086,19.819046020507812,42.542537689208984,201.7355194091797,19.206125259399414,0.5095062255859375,0.037109375,0.0043792724609375,0.002288818359375,0.0088348388671875,0.046417236328125,0.1555328369140625,0.235931396484375,2.2649199462604632,0.8015596034238051,0.4438061442112234,0.9761161788592128
1.0,0.99609375,0.0,1.0,1.0,0.7915702273958504,3.1846979912279836,0.0,0.0,0.0,0.0,0.0,0.0,93.89588928222656,71.8643798828125,21.706069946289062,46.47504425048828,192.9575958251953,30.596845626831055,0.39508056640625,0.0185394287109375,0.002410888671875,0.000732421875,0.0070648193359375,0.056427001953125,0.242950439453125,0.27679443359375,3.339385886854001,0.7995485497161665,0.3438628239021384,0.9817962451043478
1.0,0.99609375,0.0,1.0,1.0,0.7915702273958504,3.1846979912279836,0.0,0.0,0.0,0.0,0.0,0.0,119.22718811035156,56.24568557739258,16.87530517578125,37.961830139160156,194.03927612304688,23.165950775146484,0.1968536376953125,0.0035858154296875,0.000640869140625,0.000335693359375,0.007904052734375,0.1399688720703125,0.46270751953125,0.1880035400390625,2.688871987744914,0.8246883770103745,0.3830915783896034,0.9756583060003141
1.0,0.99609375,0.0,1.0,1.0,0.7915702273958504,3.1846979912279836,0.0,0.0,0.0,0.0,0.0,0.0,101.09147644042969,55.5688362121582,23.422409057617188,48.27262878417969,203.0880889892578,29.68994140625,0.2551422119140625,0.011322021484375,0.0030517578125,0.0023956298828125,0.050567626953125,0.335662841796875,0.2624969482421875,0.0793609619140625,2.8550560725198957,0.79343049270529,0.4741001246396411,0.9846712715792741
1.0,0.99609375,0.0,1.0,1.0,0.7915702273958504,3.1846979912279836,0.0,0.0,0.0,0.0,0.0,0.0,108.82078552246094,49.46348190307617,19.060806274414062,38.06120300292969,205.1177215576172,29.098175048828125,0.1930999755859375,0.005615234375,0.001495361328125,0.0005950927734375,0.0398712158203125,0.4310150146484375,0.2692413330078125,0.0590667724609375,3.4993813644108243,0.7989166474199386,0.4098069588175145,0.9777882188569637
1.0,0.99609375,0.0,1.0,1.0,0.7915702273958504,3.1846979912279836,0.0,0.0,0.0,0.0,0.0,0.0,110.8001708984375,62.96110153198242,22.621551513671875,44.30776596069336,201.97906494140625,18.884836196899414,0.274200439453125,0.0048370361328125,0.0003509521484375,0.00030517578125,0.0048828125,0.1097412109375,0.39227294921875,0.213409423828125,2.4331705252037046,0.8037556841217242,0.3464008993405026,0.974795472475139
1.0,0.99609375,0.0,1.0,1.0,0.7915702273958504,3.1846979912279836,0.0,0.0,0.0,0.0,0.0,0.0,110.62818908691406,46.849239349365234,20.412445068359375,41.23122787475586,200.05311584472656,27.19938087463379,0.1742401123046875,0.004302978515625,0.00042724609375,0.000244140625,0.0344085693359375,0.4929046630859375,0.251312255859375,0.0421600341796875,2.603865645151487,0.8035367368654529,0.36975087074924773,0.982003198579102
1.0,0.99609375,0.0,1.0,1.0,0.7915702273958504,3.1846979912279836,0.0,0.0,0.0,0.0,0.0,0.0,104.80210876464844,53.44428253173828,15.9078369140625,33.77137756347656,208.99427795410156,25.04016876220703,0.225311279296875,0.0115966796875,0.0029449462890625,0.002044677734375,0.0512847900390625,0.3478240966796875,0.2762908935546875,0.08270263671875,2.7511964864043916,0.7884411479021922,0.4806588329671523,0.9776100040608853
1.0,0.99609375,0.0,1.0,1.0,0.7915702273958504,3.1846979912279836,0.0,0.0,0.0,0.0,0.0,0.0,118.33613586425781,47.50737380981445,19.216064453125,40.49983596801758,194.65733337402344,29.329017639160156,0.156219482421875,0.0019073486328125,0.0005950927734375,0.000274658203125,0.0175628662109375,0.3224945068359375,0.4183197021484375,0.0826263427734375,2.611589685518034,0.7912425050594143,0.30885169363409987,0.9836357694923084
1.0,0.99609375,0.0,1.0,1.0,0.7915702273958504,3.1846979912279836,0.0,0.0,0.0,0.0,0.0,0.0,99.19721984863281,57.12810516357422,25.5654296875,44.179222106933594,207.16128540039062,27.088764190673828,0.2599334716796875,0.041900634765625,0.0012664794921875,0.0007476806640625,0.027008056640625,0.308441162109375,0.2826995849609375,0.0780029296875,3.355000311519205,0.8011291754469788,0.4357269905384383,0.978089035503309
1.0,0.99609375,0.0,1.0,1.0,0.7915702273958504,3.1846979912279836,0.0,0.0,0.0,0.0,0.0,0.0,112.08839416503906,43.036476135253906,17.81976318359375,37.4794807434082,212.24415588378906,23.147655487060547,0.1461029052734375,0.00732421875,0.000457763671875,0.000335693359375,0.044830322265625,0.54925537109375,0.216522216796875,0.0351715087890625,2.471266272575856,0.8350550040656961,0.5255771485626284,0.9782493372740996
1.0,0.99609375,0.0,1.0,1.0,0.7915702273958504,3.1846979912279836,0.0,0.0,0.0,0.0,0.0,0.0,98.42500305175781,65.27354431152344,17.991790771484375,39.052818298339844,204.5865478515625,25.129535675048828,0.3232574462890625,0.0234832763671875,0.003662109375,0.0016021728515625,0.01611328125,0.1392669677734375,0.3046112060546875,0.1880035400390625,2.1777416111784933,0.8036771866712562,0.4156101518978005,0.9828730437445221
1.0,0.99609375,0.0,1.0,1.0,0.7915702273958504,3.1846979912279836,0.0,0.0,0.0,0.0,0.0,0.0,95.34561157226562,64.80352020263672,20.424957275390625,45.683692932128906,202.99012756347656,27.990726470947266,0.325775146484375,0.0302276611328125,0.00689697265625,0.00335693359375,0.0279693603515625,0.165252685546875,0.263916015625,0.176605224609375,2.4280456660619762,0.8088626871654588,0.44896879536999257,0.9851276513724674
1.0,0.99609375,0.0,1.0,1.0,0.7915702273958504,3.1846979912279836,0.0,0.0,0.0,0.0,0.0,0.0,98.30093383789062,62.52874755859375,17.789764404296875,41.52812957763672,205.91824340820312,26.06821060180664,0.2965850830078125,0.0253448486328125,0.0068206787109375,0.0035858154296875,0.0344085693359375,0.1984100341796875,0.2752227783203125,0.1596221923828125,2.4107674114958,0.793729691103744,0.4972838520848276,0.9828362325794203
1.0,0.99609375,0.0,1.0,1.0,0.7915702273958504,3.1846979912279836,0.0,0.0,0.0,0.0,0.0,0.0,106.46659851074219,56.50609588623047,20.992538452148438,41.733238220214844,203.69052124023438,30.382339477539062,0.2424468994140625,0.0119781494140625,0.00164794921875,0.00103759765625,0.0253753662109375,0.2805633544921875,0.3199462890625,0.11700439453125,4.081109147355628,0.7658941735095537,0.3659925415791382,0.9756805187105693
1.0,0.99609375,0.0,1.0,1.0,0.7915702273958504,3.1846979912279836,0.0,0.0,0.0,0.0,0.0,0.0,106.32481384277344,60.50472640991211,26.350677490234375,50.93413162231445,198.2457275390625,39.8508186340332,0.265167236328125,0.0055694580078125,0.001251220703125,0.0005950927734375,0.0157623291015625,0.2187957763671875,0.338226318359375,0.154632568359375,5.731585212966518,0.7590218207280066,0.35037692202653437,0.9803809340692728
1.0,0.99609375,0.0,1.0,1.0,0.7915702273958504,3.1846979912279836,0.0,0.0,0.0,0.0,0.0,0.0,77.33717346191406,71.0357894897461,17.760208129882812,39.81918716430664,199.7639617919922,21.151748657226562,0.4791717529296875,0.048919677734375,0.005279541015625,0.0019989013671875,0.01123046875,0.0585479736328125,0.1666717529296875,0.228179931640625,1.8688300243305707,0.8091788044086019,0.44180449170159186,0.9820120932403636
1.0,0.99609375,0.0,1.0,1.0,0.7915702273958504,3.1846979912279836,0.0,0.0,0.0,0.0,0.0,0.0,112.19308471679688,52.2296142578125,20.80218505859375,39.870155334472656,202.64028930664062,24.314891815185547,0.1947174072265625,0.0159454345703125,0.0003204345703125,0.000274658203125,0.0152587890625,0.332305908203125,0.3462066650390625,0.094970703125,2.618144382749026,0.8098570422668998,0.3703315005148401,0.9787161472950345
1.0,0.99609375,0.0,1.0,1.0,0.7915702273958504,3.1846979912279836,0.0,0.0,0.0,0.0,0.0,0.0,101.70014953613281,68.564453125,18.305862426757812,39.16735076904297,201.84408569335938,33.341487884521484,0.336700439453125,0.0112457275390625,0.0009307861328125,0.0006103515625,0.0062408447265625,0.08050537109375,0.3120269775390625,0.251739501953125,3.927454407725592,0.7685106788836972,0.3635889846769311,0.9790720747247248
1.0,0.99609375,0.0,1.0,1.0,0.7915702273958504,3.1846979912279836,0.0,0.0,0.0,0.0,0.0,0.0,101.52935791015625,68.66089630126953,18.095626831054688,39.17291259765625,202.39584350585938,33.49223709106445,0.33697509765625,0.0129241943359375,0.0011749267578125,0.0005645751953125,0.0066375732421875,0.0780792236328125,0.3080902099609375,0.25555419921875,3.8537798111402597,0.772240688901009,0.38095305871041696,0.9796898902521105
1.0,0.99609375,0.0,1.0,1.0,0.7915702273958504,3.1846979912279836,0.0,0.0,0.0,0.0,0.0,0.0,109.38206481933594,62.88499069213867,21.301376342773438,42.312347412109375,200.15960693359375,24.617929458618164,0.274627685546875,0.00970458984375,0.0006103515625,0.000335693359375,0.00634765625,0.1216888427734375,0.381378173828125,0.2053070068359375,2.920869814428004,0.7867642336555629,0.31279757300365096,0.9775154458409248
1.0,0.99609375,0.0,1.0,1.0,0.7915702273958504,3.1846979912279836,0.0,0.0,0.0,0.0,0.0,0.0,95.03689575195312,67.63925170898438,20.54083251953125,41.96457290649414,201.86959838867188,24.256914138793945,0.3619232177734375,0.0233917236328125,0.00250244140625,0.0010528564453125,0.01446533203125,0.11663818359375,0.260986328125,0.2190399169921875,3.3822950649069607,0.782423672362319,0.354353436477044,0.9738115340952812
1.0,0.99609375,0.0,1.0,1.0,0.7915702273958504,3.1846979912279836,0.0,0.0,0.0,0.0,0.0,0.0,86.97183227539062,69.43939971923828,14.772598266601562,30.111522674560547,203.89767456054688,20.548351287841797,0.4061737060546875,0.0450897216796875,0.006988525390625,0.0030364990234375,0.0160675048828125,0.082794189453125,0.2076873779296875,0.2321624755859375,1.7732747566601068,0.795571118860979,0.4474274443770677,0.9785169415774864
1.0,0.99609375,0.0,1.0,1.0,0.7915702273958504,3.1846979912279836,0.0,0.0,0.0,0.0,0.0,0.0,91.56953430175781,64.07304382324219,18.378631591796875,33.95465087890625,202.6325225830078,21.8883056640625,0.33966064453125,0.0537261962890625,0.003753662109375,0.0014801025390625,0.02093505859375,0.17352294921875,0.2598724365234375,0.1470489501953125,1.5785254614564665,0.7819622571726138,0.36765559111285484,0.982860727819981
1.0,0.99609375,0.0,1.0,1.0,0.7915702273958504,3.1846979912279836,0.0,0.0,0.0,0.0,0.0,0.0,87.62095642089844,62.299285888671875,20.500946044921875,36.30744552612305,200.5417022705078,22.631473541259766,0.35888671875,0.042694091796875,0.006256103515625,0.004669189453125,0.0440216064453125,0.2087860107421875,0.2115325927734375,0.1231536865234375,1.8975386617981653,0.7722443990562462,0.37466803146125893,0.9818134328113581
1.0,0.99609375,0.0,1.0,1.0,0.7915702273958504,3.1846979912279836,0.0,0.0,0.0,0.0,0.0,0.0,80.80105590820312,67.08607482910156,23.667007446289062,42.98431396484375,195.905029296875,25.369325637817383,0.43426513671875,0.0495147705078125,0.0090484619140625,0.0045166015625,0.0236358642578125,0.1069793701171875,0.1962127685546875,0.1758270263671875,1.579003497810021,0.8053413925743141,0.3955228051068458,0.9877823831637553
1.0,0.99609375,0.0,1.0,1.0,0.7915702273958504,3.1846979912279836,0.0,0.0,0.0,0.0,0.0,0.0,118.33711242675781,63.02926254272461,13.741775512695312,28.03095245361328,194.59503173828125,20.25242042541504,0.241973876953125,0.0057220458984375,0.0004119873046875,0.000213623046875,0.003082275390625,0.0582122802734375,0.3760528564453125,0.3143310546875,1.2066041768243307,0.8293996566243144,0.40274042748302974,0.9841137020807489
1.0,0.99609375,0.0,1.0,1.0,0.7915702273958504,3.1846979912279836,0.0,0.0,0.0,0.0,0.0,0.0,101.91058349609375,61.76029586791992,16.269607543945312,31.841331481933594,204.53297424316406,23.983665466308594,0.2905731201171875,0.02227783203125,0.0039215087890625,0.002044677734375,0.021453857421875,0.17919921875,0.3168487548828125,0.1636810302734375,1.4541765710666597,0.8172164254705236,0.5700476099653918,0.9863550186457777
1.0,0.99609375,0.0,1.0,1.0,0.7915702273958504,3.1846979912279836,0.0,0.0,0.0,0.0,0.0,0.0,116.27626037597656,44.22649383544922,13.9903564453125,29.065040588378906,220.76828002929688,21.167964935302734,0.1533050537109375,0.003570556640625,4.57763671875e-05,0.0,0.0064544677734375,0.3783111572265625,0.414764404296875,0.043548583984375,2.1554660885009556,0.8404427026963524,0.45996702293605396,0.9756822395172524
1.0,0.99609375,0.0,1.0,1.0,0.7915702273958504,3.1846979912279836,0.0,0.0,0.0,0.0,0.0,0.0,113.2578125,63.06720733642578,15.026092529296875,30.06047821044922,220.8716278076172,20.080759048461914,0.2723846435546875,0.0045623779296875,0.00018310546875,9.1552734375e-05,0.0028533935546875,0.0651702880859375,0.31884765625,0.335906982421875,2.4115667155321012,0.796813016437266,0.4374851379279163,0.9713412031050606
1.0,0.99609375,0.0,1.0,1.0,0.7915702273958504,3.1846979912279836,0.0,0.0,0.0,0.0,0.0,0.0,93.06895446777344,75.5877685546875,14.930038452148438,26.460819244384766,215.81295776367188,23.820167541503906,0.453094482421875,0.00439453125,0.0001983642578125,6.103515625e-05,0.0004425048828125,0.0083770751953125,0.11993408203125,0.4134979248046875,0.9909918525961972,0.8640878860060184,0.47008733828896565,0.9902905798697065
1.0,0.99609375,0.0,1.0,1.0,0.7915702273958504,3.1846979912279836,0.0,0.0,0.0,0.0,0.0,0.0,110.90489196777344,47.126373291015625,12.36248779296875,26.477909088134766,235.9342803955078,16.774011611938477,0.180084228515625,0.0018157958984375,9.1552734375e-05,6.103515625e-05,0.016021728515625,0.447296142578125,0.2816619873046875,0.072967529296875,2.1787647388235634,0.8705551421354465,0.5492531357544228,0.9652647701851598
1.0,0.99609375,0.0,1.0,1.0,0.7915702273958504,3.1846979912279836,0.0,0.0,0.0,0.0,0.0,0.0,108.36569213867188,73.1734619140625,16.363388061523438,31.896862030029297,212.52828979492188,18.53941535949707,0.3577117919921875,0.0049285888671875,1.52587890625e-05,0.0,4.57763671875e-05,0.004180908203125,0.1441650390625,0.48895263671875,1.425447216560638,0.8286426864586398,0.4480077703402188,0.9809501240085481
1.0,0.99609375,0.0,1.0,1.0,0.7915702273958504,3.1846979912279836,0.0,0.0,0.0,0.0,0.0,0.0,84.43742370605469,77.58493041992188,12.405120849609375,24.611541748046875,217.39964294433594,16.938016891479492,0.513214111328125,0.0126495361328125,0.0001068115234375,9.1552734375e-05,0.0001068115234375,0.000885009765625,0.033660888671875,0.4392852783203125,1.1873314996096986,0.8301279253658832,0.49689192592958464,0.9799943136432109
1.0,0.99609375,0.0,1.0,1.0,0.7915702273958504,3.1846979912279836,0.0,0.0,0.0,0.0,0.0,0.0,123.18141174316406,54.23937225341797,18.542449951171875,43.11591720581055,217.19293212890625,33.793731689453125,0.1738433837890625,0.0008087158203125,0.0001983642578125,1.52587890625e-05,0.004852294921875,0.1357574462890625,0.406036376953125,0.2784881591796875,4.349842948227657,0.7966022407047129,0.37324418633556866,0.980937166218554
1.0,0.99609375,0.0,1.0,1.0,0.7915702273958504,3.1846979912279836,0.0,0.0,0.0,0.0,0.0,0.0,123.57987976074219,50.467979431152344,19.720367431640625,44.48320388793945,212.29925537109375,41.09037399291992,0.1517181396484375,0.0004425048828125,1.52587890625e-05,0.0,0.003875732421875,0.1595611572265625,0.5051422119140625,0.1792449951171875,4.8108902882013584,0.8124130011659356,0.41230533022037275,0.9843958746840834
1.0,0.99609375,0.0,1.0,1.0,0.7915702273958504,3.1846979912279836,0.0,0.0,0.0,0.0,0.0,0.0,112.36027526855469,53.592506408691406,15.30694580078125,27.194997787475586,198.3946075439453,63.41877746582031,0.1835479736328125,0.000640869140625,0.0001373291015625,0.0001373291015625,0.009613037109375,0.23760986328125,0.511505126953125,0.0568084716796875,7.069186635529835,0.8182634873617656,0.36048971736251917,0.9875654582979074
1.0,0.99609375,0.0,1.0,1.0,0.7915702273958504,3.1846979912279836,0.0,0.0,0.0,0.0,0.0,0.0,102.4239501953125,54.831695556640625,14.339141845703125,22.633211135864258,188.7105255126953,71.11328887939453,0.2302093505859375,0.000732421875,0.0001983642578125,0.0001220703125,0.0218505859375,0.3716888427734375,0.3432769775390625,0.03192138671875,7.713812633556925,0.8091808464940398,0.30050624686227473,0.988586850726251
1.0,0.99609375,0.0,1.0,1.0,0.7915702273958504,3.1846979912279836,0.0,0.0,0.0,0.0,0.0,0.0,111.87571716308594,58.54002380371094,15.413955688476562,29.44636344909668,197.2655792236328,61.149658203125,0.2179412841796875,0.0009765625,0.000274658203125,0.0001983642578125,0.0075225830078125,0.19451904296875,0.3951568603515625,0.18341064453125,6.806752829540403,0.8302487575987202,0.34704917024414106,0.9871203061169566
1.0,0.99609375,0.0,1.0,1.0,0.7915702273958504,3.1846979912279836,0.0,0.0,0.0,0.0,0.0,0.0,116.63935852050781,57.83269119262695,19.32281494140625,34.65536880493164,196.08497619628906,62.20586395263672,0.20550537109375,0.000823974609375,0.0001373291015625,3.0517578125e-05,0.0023040771484375,0.079742431640625,0.54052734375,0.170928955078125,7.536446822101848,0.8137757285304068,0.3365886510422371,0.986572003361929
1.0,0.99609375,0.0,1.0,1.0,0.7915702273958504,3.1846979912279836,0.0,0.0,0.0,0.0,0.0,0.0,116.15916442871094,52.84778594970703,17.772140502929688,31.061710357666016,196.8522491455078,59.758243560791016,0.1880035400390625,0.000335693359375,6.103515625e-05,7.62939453125e-05,0.0017852783203125,0.1494293212890625,0.6048736572265625,0.0554351806640625,7.875148499519062,0.7990342026471935,0.3799595020335194,0.9844036268414915
1.0,0.99609375,0.0,1.0,1.0,0.7915702273958504,3.1846979912279836,0.0,0.0,0.0,0.0,0.0,0.0,80.36470031738281,64.93124389648438,30.577651977539062,35.770233154296875,154.14987182617188,78.5394287109375,0.4196929931640625,0.0008392333984375,3.0517578125e-05,6.103515625e-05,0.00616455078125,0.2367706298828125,0.3128662109375,0.0235748291015625,14.779644819581383,0.7010286457676602,0.16449674607216522,0.9824107142695329
1.0,0.99609375,0.0,1.0,1.0,0.7915702273958504,3.1846979912279836,0.0,0.0,0.0,0.0,0.0,0.0,118.68605041503906,37.315616607666016,14.633834838867188,35.38347625732422,218.42127990722656,39.67844009399414,0.09521484375,0.0002899169921875,1.52587890625e-05,1.52587890625e-05,0.0106658935546875,0.5856475830078125,0.29473876953125,0.0134124755859375,4.906823776946758,0.8300054580997795,0.44554437526130686,0.981553983265176
1.0,0.99609375,0.0,1.0,1.0,0.7915702273958504,3.1846979912279836,0.0,0.0,0.0,0.0,0.0,0.0,114.5118408203125,55.27670669555664,18.681320190429688,34.26354217529297,195.5781707763672,60.605873107910156,0.1992340087890625,0.000518798828125,4.57763671875e-05,3.0517578125e-05,0.0046539306640625,0.162841796875,0.524139404296875,0.1085357666015625,8.521558291947981,0.7977098865468242,0.3401572629005737,0.9838005800108977
1.0,0.99609375,0.0,1.0,1.0,0.7915702273958504,3.1846979912279836,0.0,0.0,0.0,0.0,0.0,0.0,102.6600341796875,45.4788818359375,14.146286010742188,26.005687713623047,205.10140991210938,63.65573501586914,0.1726837158203125,0.00091552734375,3.0517578125e-05,3.0517578125e-05,0.0863494873046875,0.6586761474609375,0.0467987060546875,0.034515380859375,5.8180523602874405,0.8502870088771093,0.3938782080789531,0.9894593223055907
1.0,0.99609375,0.0,1.0,1.0,0.7915702273958504,3.1846979912279836,0.0,0.0,0.0,0.0,0.0,0.0,109.25154113769531,42.225318908691406,10.794052124023438,15.290077209472656,204.09262084960938,66.58916473388672,0.12823486328125,0.000518798828125,0.0001220703125,4.57763671875e-05,0.06329345703125,0.7316741943359375,0.030029296875,0.04608154296875,4.599929797632188,0.8720129642789407,0.39887176064960633,0.9920583426355385
1.0,0.99609375,0.0,1.0,1.0,0.7915702273958504,3.1846979912279836,0.0,0.0,0.0,0.0,0.0,0.0,131.14840698242188,54.63058090209961,16.323455810546875,37.03922653198242,210.36959838867188,40.56302261352539,0.1560516357421875,0.0005645751953125,0.0001220703125,7.62939453125e-05,0.000640869140625,0.03668212890625,0.4682159423828125,0.337646484375,4.385009342858312,0.8293720292301641,0.41244930401215396,0.9840351152118413
1.0,0.99609375,0.0,1.0,1.0,0.7915702273958504,3.1846979912279836,0.0,0.0,0.0,0.0,0.0,0.0,104.87251281738281,42.56025314331055,11.47406005859375,21.550851821899414,210.44287109375,60.99445343017578,0.1461944580078125,0.000244140625,0.0,0.0001068115234375,0.0699615478515625,0.7198944091796875,0.0435028076171875,0.0200958251953125,4.339530784843474,0.8714835198354263,0.49351005912897716,0.99147033727555
1.0,0.99609375,0.0,1.0,1.0,0.7915702273958504,3.1846979912279836,0.0,0.0,0.0,0.0,0.0,0.0,108.89958190917969,45.40768814086914,10.854446411132812,12.640149116516113,191.35377502441406,75.63741302490234,0.1480255126953125,0.0012664794921875,0.0001373291015625,4.57763671875e-05,0.0236663818359375,0.7326202392578125,0.02532958984375,0.06890869140625,5.580264099259725,0.8446641659211834,0.33255818686206756,0.9922668673280175
1.0,0.99609375,0.0,1.0,1.0,0.7915702273958504,3.1846979912279836,0.0,0.0,0.0,0.0,0.0,0.0,109.50628662109375,41.83945083618164,9.0428466796875,11.845162391662598,206.40846252441406,67.54508209228516,0.1340484619140625,0.00146484375,9.1552734375e-05,9.1552734375e-05,0.0222015380859375,0.7802276611328125,0.0318145751953125,0.030059814453125,4.430863843852967,0.8642532119278383,0.490259947178579,0.9923629981836872
1.0,0.99609375,0.0,1.0,1.0,0.7915702273958504,3.1846979912279836,0.0,0.0,0.0,0.0,0.0,0.0,114.72866821289062,35.888038635253906,9.38525390625,17.25929069519043,211.59259033203125,63.136470794677734,0.0909576416015625,0.001678466796875,0.0001373291015625,0.0001373291015625,0.017425537109375,0.8300933837890625,0.016998291015625,0.042572021484375,4.934917132053778,0.8783192399319018,0.47834811943150496,0.9903401619694389
1.0,0.99609375,0.0,1.0,1.0,0.7915702273958504,3.1846979912279836,0.0,0.0,0.0,0.0,0.0,0.0,106.11271667480469,42.86606979370117,12.406692504882812,19.45499038696289,210.51988220214844,62.994117736816406,0.1417083740234375,0.0002899169921875,9.1552734375e-05,7.62939453125e-05,0.0356292724609375,0.7755279541015625,0.026123046875,0.0205535888671875,4.4164787371179175,0.876977935062623,0.48569194674334626,0.9917086287117648
1.0,0.99609375,0.0,1.0,1.0,0.7915702273958504,3.1846979912279836,0.0,0.0,0.0,0.0,0.0,0.0,112.41871643066406,31.82268714904785,12.679824829101562,32.21281051635742,229.54452514648438,31.901437759399414,0.0831756591796875,0.0006256103515625,9.1552734375e-05,1.52587890625e-05,0.058349609375,0.817596435546875,0.0331573486328125,0.006988525390625,2.104484400912502,0.9279637899715791,0.7193208519255452,0.9888371498801548
1.0,0.99609375,0.0,1.0,1.0,0.7915702273958504,3.1846979912279836,0.0,0.0,0.0,0.0,0.0,0.0,108.74906921386719,37.47135543823242,9.61669921875,23.135591506958008,226.3763885498047,41.0096321105957,0.1142578125,0.00152587890625,3.0517578125e-05,0.0001220703125,0.0754852294921875,0.7380218505859375,0.038909912109375,0.031646728515625,3.482155574604115,0.8914842690249734,0.5387109892481173,0.9862428150499003
1.0,0.99609375,0.0,1.0,1.0,0.7915702273958504,3.1846979912279836,0.0,0.0,0.0,0.0,0.0,0.0,112.33631896972656,37.720829010009766,13.191162109375,33.25139236450195,229.93728637695312,29.014427185058594,0.113739013671875,0.00042724609375,0.0,0.0,0.047119140625,0.69390869140625,0.1020050048828125,0.0428009033203125,2.0297208710273793,0.9109134305660193,0.6842271423540536,0.9867718047879307
1.0,0.99609375,0.0,1.0,1.0,0.7915702273958504,3.1846979912279836,0.0,0.0,0.0,0.0,0.0,0.0,110.35426330566406,38.39972686767578,11.506637573242188,29.777650833129883,227.56597900390625,36.008628845214844,0.1175384521484375,0.000396728515625,0.0,0.0,0.0214691162109375,0.7350311279296875,0.1025390625,0.0230255126953125,2.202234072459211,0.8864805952984866,0.6067943637544165,0.9899974071116695
1.0,0.99609375,0.0,1.0,1.0,0.7915702273958504,3.1846979912279836,0.0,0.0,0.0,0.0,0.0,0.0,110.59953308105469,29.575292587280273,8.759597778320312,21.305795669555664,229.89111328125,35.541297912597656,0.0731048583984375,0.0001983642578125,3.0517578125e-05,0.000152587890625,0.151824951171875,0.7464447021484375,0.01617431640625,0.0120697021484375,2.0766060069543326,0.9224602405430913,0.7477335351218215,0.9884571352777978
1.0,0.99609375,0.0,1.0,1.0,0.7915702273958504,3.1846979912279836,0.0,0.0,0.0,0.0,0.0,0.0,128.4257354736328,64.09423828125,18.148727416992188,42.57862091064453,212.5073699951172,36.42461013793945,0.2138519287109375,0.00146484375,4.57763671875e-05,0.0001068115234375,0.000885009765625,0.0138092041015625,0.1844940185546875,0.5853424072265625,3.9056813718725336,0.8159575328596763,0.35124529938635574,0.9846233344993602
1.0,0.99609375,0.0,1.0,1.0,0.7915702273958504,3.1846979912279836,0.0,0.0,0.0,0.0,0.0,0.0,112.67791748046875,31.791593551635742,6.954498291015625,18.411203384399414,228.26283264160156,36.744476318359375,0.0803680419921875,0.0007781982421875,9.1552734375e-05,0.000274658203125,0.056640625,0.7921600341796875,0.0526885986328125,0.016998291015625,2.3733011786625715,0.9249148308505919,0.7376755889367967,0.9876779127260289
1.0,0.99609375,0.0,1.0,1.0,0.7915702273958504,3.1846979912279836,0.0,0.0,0.0,0.0,0.0,0.0,100.60076904296875,46.97858810424805,19.28289794921875,35.15277099609375,216.4486541748047,40.318641662597656,0.2108001708984375,0.001495361328125,9.1552734375e-05,4.57763671875e-05,0.0499114990234375,0.6203460693359375,0.0952606201171875,0.0220489501953125,6.031744895655887,0.8076190320253338,0.41295006521933564,0.9785714157897991
1.0,0.99609375,0.0,1.0,1.0,0.7915702273958504,3.1846979912279836,0.0,0.0,0.0,0.0,0.0,0.0,106.35690307617188,43.52827072143555,10.648727416992188,15.487286567687988,201.11618041992188,70.38269805908203,0.1433258056640625,0.0015106201171875,0.0001068115234375,0.0001983642578125,0.0789337158203125,0.695281982421875,0.03466796875,0.0459747314453125,4.093419147187862,0.8549954970414301,0.386852178500941,0.9935961864420435
1.0,0.99609375,0.0,1.0,1.0,0.7915702273958504,3.1846979912279836,0.0,0.0,0.0,0.0,0.0,0.0,109.86679077148438,40.96507263183594,9.29913330078125,15.898941993713379,209.03411865234375,62.617515563964844,0.123779296875,0.0015869140625,0.0001220703125,7.62939453125e-05,0.04296875,0.7240753173828125,0.061798095703125,0.04559326171875,5.393461958715538,0.8527202611559731,0.38848924089741665,0.9895035390705107
1.0,0.99609375,0.0,1.0,1.0,0.7915702273958504,3.1846979912279836,0.0,0.0,0.0,0.0,0.0,0.0,110.45631408691406,40.91522979736328,10.107833862304688,13.130603790283203,206.46084594726562,66.09007263183594,0.1213836669921875,0.0021209716796875,0.0001678466796875,9.1552734375e-05,0.0182342529296875,0.7979278564453125,0.0263519287109375,0.033721923828125,4.072310092378333,0.8712660205838474,0.4555995482842382,0.9927275003953335
1.0,0.99609375,0.0,1.0,1.0,0.7915702273958504,3.1846979912279836,0.0,0.0,0.0,0.0,0.0,0.0,115.1212158203125,35.05382537841797,7.311431884765625,9.543167114257812,216.69569396972656,59.31046676635742,0.08465576171875,0.001922607421875,3.0517578125e-05,0.0,0.027130126953125,0.8144683837890625,0.0355072021484375,0.036285400390625,3.3697503766619548,0.8814929847789779,0.533682950721135,0.992485365472934
1.0,0.99609375,0.0,1.0,1.0,0.7915702273958504,3.1846979912279836,0.0,0.0,0.0,0.0,0.0,0.0,115.52743530273438,43.15167999267578,9.417678833007812,10.558792114257812,187.1634979248047,78.34544372558594,0.11370849609375,0.0024261474609375,0.000274658203125,0.000152587890625,0.0260772705078125,0.704986572265625,0.0389556884765625,0.1134185791015625,5.043931298304306,0.8190765149008815,0.31366924538156493,0.9934474794751992
1.0,0.99609375,0.0,1.0,1.0,0.7915702273958504,3.1846979912279836,0.0,0.0,0.0,0.0,0.0,0.0,129.8224639892578,64.94937133789062,16.620391845703125,37.85899353027344,208.1803436279297,40.47196960449219,0.2145233154296875,0.00140380859375,0.0001678466796875,1.52587890625e-05,0.000244140625,0.0083770751953125,0.1779022216796875,0.5973663330078125,4.404438930654097,0.8213305756323904,0.36859888182309575,0.9838815281228934
1.0,0.99609375,0.0,1.0,1.0,0.7915702273958504,3.1846979912279836,0.0,0.0,0.0,0.0,0.0,0.0,129.44961547851562,59.49830627441406,20.678878784179688,44.154441833496094,209.46095275878906,28.434951782226562,0.1921539306640625,0.0003204345703125,7.62939453125e-05,6.103515625e-05,0.0003662109375,0.0155487060546875,0.4370269775390625,0.3544464111328125,4.842248449019258,0.8127117391491525,0.41122920633551163,0.9717970067388627
1.0,0.99609375,0.0,1.0,1.0,0.7915702273958504,3.1846979912279836,0.0,0.0,0.0,0.0,0.0,0.0,93.25262451171875,49.4538688659668,13.197830200195312,18.80950164794922,199.1553955078125,71.90582275390625,0.2322540283203125,0.000762939453125,6.103515625e-05,4.57763671875e-05,0.311126708984375,0.3811798095703125,0.02703857421875,0.0475311279296875,7.256065471909489,0.7682751052408179,0.35623149549525684,0.9894131462762223
1.0,0.99609375,0.0,1.0,1.0,0.7915702273958504,3.1846979912279836,0.0,0.0,0.0,0.0,0.0,0.0,88.74551391601562,51.18269348144531,18.555435180664062,26.565532684326172,198.1259765625,73.96796417236328,0.257049560546875,0.00054931640625,6.103515625e-05,0.0001373291015625,0.296478271484375,0.3877410888671875,0.02734375,0.0306396484375,4.764433780662457,0.8276277953637355,0.3683895482628422,0.9937299647569019
1.0,0.99609375,0.0,1.0,1.0,0.7915702273958504,3.1846979912279836,0.0,0.0,0.0,0.0,0.0,0.0,100.99156188964844,46.6048698425293,11.773880004882812,14.00212574005127,199.63890075683594,75.72144317626953,0.170623779296875,0.00274658203125,7.62939453125e-05,0.0001220703125,0.09912109375,0.637847900390625,0.0205535888671875,0.06890869140625,6.121553078044606,0.8309474985015421,0.36527693318369603,0.9917064069292991
1.0,0.99609375,0.0,1.0,1.0,0.7915702273958504,3.1846979912279836,0.0,0.0,0.0,0.0,0.0,0.0,86.9725341796875,54.327091217041016,19.06292724609375,26.536312103271484,194.77488708496094,74.02545166015625,0.2879180908203125,0.001190185546875,6.103515625e-05,0.000213623046875,0.1424407958984375,0.5158538818359375,0.01983642578125,0.0324859619140625,5.237923167389747,0.82875674951582,0.3152684255677465,0.9931125658445904
1.0,0.99609375,0.0,1.0,1.0,0.7915702273958504,3.1846979912279836,0.0,0.0,0.0,0.0,0.0,0.0,97.54913330078125,47.96302032470703,12.831222534179688,19.384801864624023,201.87892150878906,73.419677734375,0.1886138916015625,0.00048828125,9.1552734375e-05,6.103515625e-05,0.4182281494140625,0.29681396484375,0.03289794921875,0.06280517578125,5.0384161617855145,0.8261228056865962,0.391146188370047,0.9930236935915415
1.0,0.99609375,0.0,1.0,1.0,0.7915702273958504,3.1846979912279836,0.0,0.0,0.0,0.0,0.0,0.0,102.08599853515625,37.582252502441406,14.410430908203125,28.16868019104004,226.925537109375,48.673828125,0.1370849609375,0.0005340576171875,3.0517578125e-05,1.52587890625e-05,0.1489715576171875,0.6892852783203125,0.014129638671875,0.00994873046875,3.924182542499961,0.8729869381668005,0.6039149663289916,0.9889211223686579
1.0,0.99609375,0.0,1.0,1.0,0.7915702273958504,3.1846979912279836,0.0,0.0,0.0,0.0,0.0,0.0,101.72178649902344,40.482452392578125,10.742630004882812,20.567718505859375,219.82545471191406,57.17241287231445,0.141510009765625,0.0003204345703125,9.1552734375e-05,0.0001220703125,0.3466644287109375,0.469024658203125,0.020050048828125,0.022216796875,3.5705254721855466,0.8673265531261056,0.5461483212488503,0.9921966979189658
1.0,0.99609375,0.0,1.0,1.0,0.7915702273958504,3.1846979912279836,0.0,0.0,0.0,0.0,0.0,0.0,100.06002807617188,38.413429260253906,9.504257202148438,18.785886764526367,228.89280700683594,46.116146087646484,0.139801025390625,0.0013885498046875,0.000213623046875,0.0003662109375,0.55194091796875,0.257843017578125,0.022979736328125,0.0254669189453125,2.3551363958933202,0.8963862364921823,0.6701506432672034,0.992235200720012
1.0,0.99609375,0.0,1.0,1.0,0.7915702273958504,3.1846979912279836,0.0,0.0,0.0,0.0,0.0,0.0,115.09877014160156,33.74728012084961,14.157501220703125,32.50126266479492,229.85769653320312,30.27597427368164,0.088653564453125,1.52587890625e-05,0.0,0.0,0.0014190673828125,0.859527587890625,0.03790283203125,0.012481689453125,1.6351463070457937,0.9114825405704183,0.6738492179524411,0.9906592519522217
1.0,0.99609375,0.0,1.0,1.0,0.7915702273958504,3.1846979912279836,0.0,0.0,0.0,0.0,0.0,0.0,102.74171447753906,51.1549186706543,16.766647338867188,29.05734634399414,197.82603454589844,67.9323959350586,0.2095184326171875,0.000579833984375,0.0001678466796875,0.0001373291015625,0.028076171875,0.5096588134765625,0.2315216064453125,0.0203399658203125,7.444616629324429,0.8116948524360835,0.3151833681618528,0.9882745902561338
1.0,0.99609375,0.0,1.0,1.0,0.7915702273958504,3.1846979912279836,0.0,0.0,0.0,0.0,0.0,0.0,100.23770141601562,36.962223052978516,15.333023071289062,34.15365982055664,230.78713989257812,39.767112731933594,0.1344146728515625,6.103515625e-05,7.62939453125e-05,1.52587890625e-05,0.56695556640625,0.265380859375,0.0174713134765625,0.015625,2.238102844485498,0.892574653159899,0.6501144541563277,0.9919863580747539
1.0,0.99609375,0.0,1.0,1.0,0.7915702273958504,3.1846979912279836,0.0,0.0,0.0,0.0,0.0,0.0,108.93257141113281,47.19036102294922,16.594100952148438,25.702774047851562,199.6144561767578,69.23927307128906,0.152618408203125,0.0008087158203125,9.1552734375e-05,4.57763671875e-05,0.0144195556640625,0.7328948974609375,0.038818359375,0.060302734375,4.673408264659337,0.86463800168495,0.38238658904962874,0.9928543933448422
1.0,0.99609375,0.0,1.0,1.0,0.7915702273958504,3.1846979912279836,0.0,0.0,0.0,0.0,0.0,0.0,107.83181762695312,45.690555572509766,10.317901611328125,12.93820858001709,191.1003875732422,76.80094909667969,0.143646240234375,0.0035552978515625,0.0003509521484375,0.0001373291015625,0.0986480712890625,0.6374053955078125,0.030120849609375,0.0861358642578125,5.25018774569477,0.8319844276805493,0.36339306915666114,0.9929901099933309
1.0,0.99609375,0.0,1.0,1.0,0.7915702273958504,3.1846979912279836,0.0,0.0,0.0,0.0,0.0,0.0,107.82835388183594,47.352882385253906,12.233016967773438,16.537385940551758,191.62213134765625,75.83881378173828,0.1541290283203125,0.0007476806640625,7.62939453125e-05,9.1552734375e-05,0.0516357421875,0.678253173828125,0.038299560546875,0.0767669677734375,5.392855448353857,0.8520863864320632,0.34801523745994034,0.9927699239793096
1.0,0.99609375,0.0,1.0,1.0,0.7915702273958504,3.1846979912279836,0.0,0.0,0.0,0.0,0.0,0.0,98.61231994628906,50.6654167175293,11.8321533203125,15.991629600524902,183.6281280517578,80.0123062133789,0.2164306640625,0.00250244140625,0.0001373291015625,0.0001678466796875,0.075775146484375,0.6122589111328125,0.0349273681640625,0.05780029296875,6.186970035477724,0.8109345778218838,0.2865019936400944,0.9924408650912376
1.0,0.99609375,0.0,1.0,1.0,0.7915702273958504,3.1846979912279836,0.0,0.0,0.0,0.0,0.0,0.0,105.68150329589844,49.15470886230469,11.024139404296875,13.609760284423828,187.7458038330078,78.0320053100586,0.1783294677734375,0.0027923583984375,0.000213623046875,0.000152587890625,0.0338592529296875,0.6658935546875,0.0457611083984375,0.072998046875,5.625982434875505,0.8218337150273268,0.32313317714027934,0.9927266907336194
1.0,0.99609375,0.0,1.0,1.0,0.7915702273958504,3.1846979912279836,0.0,0.0,0.0,0.0,0.0,0.0,108.66964721679688,47.3323974609375,13.08441162109375,20.890796661376953,197.93470764160156,70.31366729736328,0.1510009765625,0.00018310546875,6.103515625e-05,1.52587890625e-05,0.0375213623046875,0.6314239501953125,0.1085968017578125,0.071197509765625,4.661676402853169,0.8495874213984771,0.3187559232989682,0.9930322974181132
1.0,0.99609375,0.0,1.0,1.0,0.7915702273958504,3.1846979912279836,0.0,0.0,0.0,0.0,0.0,0.0,115.71871948242188,40.58228302001953,13.375167846679688,23.265966415405273,203.15028381347656,66.27924346923828,0.1030120849609375,0.0005950927734375,3.0517578125e-05,0.0,0.0201568603515625,0.7639617919921875,0.03082275390625,0.0814208984375,4.713495866206773,0.8567681910336723,0.38269013970088306,0.9919311050698321
1.0,0.99609375,0.0,1.0,1.0,0.7915702273958504,3.1846979912279836,0.0,0.0,0.0,0.0,0.0,0.0,107.06706237792969,52.14879608154297,12.630569458007812,20.42388343811035,198.67819213867188,66.69960021972656,0.1941680908203125,0.0011749267578125,0.0001983642578125,0.0001068115234375,0.02117919921875,0.41534423828125,0.32635498046875,0.041473388671875,7.107781677918698,0.8020737294680832,0.3279173281245745,0.9881408330822482
1.0,0.99609375,0.0,1.0,1.0,0.7915702273958504,3.1846979912279836,0.0,0.0,0.0,0.0,0.0,0.0,106.11990356445312,47.39408493041992,10.885726928710938,14.20991325378418,195.79234313964844,71.85138702392578,0.179718017578125,0.0028076171875,7.62939453125e-05,1.52587890625e-05,0.0088348388671875,0.6851959228515625,0.0978851318359375,0.0254669189453125,8.991920146048475,0.7926998226424135,0.35509379285420795,0.9862444484813874
1.0,0.99609375,0.0,1.0,1.0,0.7915702273958504,3.1846979912279836,0.0,0.0,0.0,0.0,0.0,0.0,116.72883605957031,43.9645881652832,13.789901733398438,27.402332305908203,208.17433166503906,55.79740524291992,0.12957763671875,0.0003509521484375,3.0517578125e-05,3.0517578125e-05,0.0057830810546875,0.428680419921875,0.425140380859375,0.010406494140625,6.8991016483465275,0.8483250814833835,0.40795214859098633,0.9842926769787506
1.0,0.99609375,0.0,1.0,1.0,0.7915702273958504,3.1846979912279836,0.0,0.0,0.0,0.0,0.0,0.0,123.18141174316406,54.23937225341797,18.542449951171875,43.11591720581055,217.19293212890625,33.793731689453125,0.1738433837890625,0.0008087158203125,0.0001983642578125,1.52587890625e-05,0.004852294921875,0.1357574462890625,0.406036376953125,0.2784881591796875,4.349842948227657,0.7966022407047129,0.37324418633556866,0.980937166218554
1.0,0.99609375,0.0,1.0,1.0,0.7915702273958504,3.1846979912279836,0.0,0.0,0.0,0.0,0.0,0.0,123.57987976074219,50.467979431152344,19.720367431640625,44.48320388793945,212.29925537109375,41.09037399291992,0.1517181396484375,0.0004425048828125,1.52587890625e-05,0.0,0.003875732421875,0.1595611572265625,0.5051422119140625,0.1792449951171875,4.8108902882013584,0.8124130011659356,0.41230533022037275,0.9843958746840834
1.0,0.99609375,0.0,1.0,1.0,0.7915702273958504,3.1846979912279836,0.0,0.0,0.0,0.0,0.0,0.0,112.36027526855469,53.592506408691406,15.30694580078125,27.194997787475586,198.3946075439453,63.41877746582031,0.1835479736328125,0.000640869140625,0.0001373291015625,0.0001373291015625,0.009613037109375,0.23760986328125,0.511505126953125,0.0568084716796875,7.069186635529835,0.8182634873617656,0.36048971736251917,0.9875654582979074
1.0,0.99609375,0.0,1.0,1.0,0.7915702273958504,3.1846979912279836,0.0,0.0,0.0,0.0,0.0,0.0,102.4239501953125,54.831695556640625,14.339141845703125,22.633211135864258,188.7105255126953,71.11328887939453,0.2302093505859375,0.000732421875,0.0001983642578125,0.0001220703125,0.0218505859375,0.3716888427734375,0.3432769775390625,0.03192138671875,7.713812633556925,0.8091808464940398,0.30050624686227473,0.988586850726251
1.0,0.99609375,0.0,1.0,1.0,0.7915702273958504,3.1846979912279836,0.0,0.0,0.0,0.0,0.0,0.0,111.87571716308594,58.54002380371094,15.413955688476562,29.44636344909668,197.2655792236328,61.149658203125,0.2179412841796875,0.0009765625,0.000274658203125,0.0001983642578125,0.0075225830078125,0.19451904296875,0.3951568603515625,0.18341064453125,6.806752829540403,0.8302487575987202,0.34704917024414106,0.9871203061169566
1.0,0.99609375,0.0,1.0,1.0,0.7915702273958504,3.1846979912279836,0.0,0.0,0.0,0.0,0.0,0.0,116.63935852050781,57.83269119262695,19.32281494140625,34.65536880493164,196.08497619628906,62.20586395263672,0.20550537109375,0.000823974609375,0.0001373291015625,3.0517578125e-05,0.0023040771484375,0.079742431640625,0.54052734375,0.170928955078125,7.536446822101848,0.8137757285304068,0.3365886510422371,0.986572003361929
1.0,0.99609375,0.0,1.0,1.0,0.7915702273958504,3.1846979912279836,0.0,0.0,0.0,0.0,0.0,0.0,116.15916442871094,52.84778594970703,17.772140502929688,31.061710357666016,196.8522491455078,59.758243560791016,0.1880035400390625,0.000335693359375,6.103515625e-05,7.62939453125e-05,0.0017852783203125,0.1494293212890625,0.6048736572265625,0.0554351806640625,7.875148499519062,0.7990342026471935,0.3799595020335194,0.9844036268414915
1.0,0.99609375,0.0,1.0,1.0,0.7915702273958504,3.1846979912279836,0.0,0.0,0.0,0.0,0.0,0.0,80.36470031738281,64.93124389648438,30.577651977539062,35.770233154296875,154.14987182617188,78.5394287109375,0.4196929931640625,0.0008392333984375,3.0517578125e-05,6.103515625e-05,0.00616455078125,0.2367706298828125,0.3128662109375,0.0235748291015625,14.779644819581383,0.7010286457676602,0.16449674607216522,0.9824107142695329
1.0,0.99609375,0.0,1.0,1.0,0.7915702273958504,3.1846979912279836,0.0,0.0,0.0,0.0,0.0,0.0,118.68605041503906,37.315616607666016,14.633834838867188,35.38347625732422,218.42127990722656,39.67844009399414,0.09521484375,0.0002899169921875,1.52587890625e-05,1.52587890625e-05,0.0106658935546875,0.5856475830078125,0.29473876953125,0.0134124755859375,4.906823776946758,0.8300054580997795,0.44554437526130686,0.981553983265176
1.0,0.99609375,0.0,1.0,1.0,0.7915702273958504,3.1846979912279836,0.0,0.0,0.0,0.0,0.0,0.0,114.5118408203125,55.27670669555664,18.681320190429688,34.26354217529297,195.5781707763672,60.605873107910156,0.1992340087890625,0.000518798828125,4.57763671875e-05,3.0517578125e-05,0.0046539306640625,0.162841796875,0.524139404296875,0.1085357666015625,8.521558291947981,0.7977098865468242,0.3401572629005737,0.9838005800108977
1.0,0.99609375,0.0,1.0,1.0,0.7915702273958504,3.1846979912279836,0.0,0.0,0.0,0.0,0.0,0.0,102.6600341796875,45.4788818359375,14.146286010742188,26.005687713623047,205.10140991210938,63.65573501586914,0.1726837158203125,0.00091552734375,3.0517578125e-05,3.0517578125e-05,0.0863494873046875,0.6586761474609375,0.0467987060546875,0.034515380859375,5.8180523602874405,0.8502870088771093,0.3938782080789531,0.9894593223055907
1.0,0.99609375,0.0,1.0,1.0,0.7915702273958504,3.1846979912279836,0.0,0.0,0.0,0.0,0.0,0.0,109.25154113769531,42.225318908691406,10.794052124023438,15.290077209472656,204.09262084960938,66.58916473388672,0.12823486328125,0.000518798828125,0.0001220703125,4.57763671875e-05,0.06329345703125,0.7316741943359375,0.030029296875,0.04608154296875,4.599929797632188,0.8720129642789407,0.39887176064960633,0.9920583426355385
1.0,0.99609375,0.0,1.0,1.0,0.7915702273958504,3.1846979912279836,0.0,0.0,0.0,0.0,0.0,0.0,131.14840698242188,54.63058090209961,16.323455810546875,37.03922653198242,210.36959838867188,40.56302261352539,0.1560516357421875,0.0005645751953125,0.0001220703125,7.62939453125e-05,0.000640869140625,0.03668212890625,0.4682159423828125,0.337646484375,4.385009342858312,0.8293720292301641,0.41244930401215396,0.9840351152118413
1.0,0.99609375,0.0,1.0,1.0,0.7915702273958504,3.1846979912279836,0.0,0.0,0.0,0.0,0.0,0.0,104.87251281738281,42.56025314331055,11.47406005859375,21.550851821899414,210.44287109375,60.99445343017578,0.1461944580078125,0.000244140625,0.0,0.0001068115234375,0.0699615478515625,0.7198944091796875,0.0435028076171875,0.0200958251953125,4.339530784843474,0.8714835198354263,0.49351005912897716,0.99147033727555
1.0,0.99609375,0.0,1.0,1.0,0.7915702273958504,3.1846979912279836,0.0,0.0,0.0,0.0,0.0,0.0,108.89958190917969,45.40768814086914,10.854446411132812,12.640149116516113,191.35377502441406,75.63741302490234,0.1480255126953125,0.0012664794921875,0.0001373291015625,4.57763671875e-05,0.0236663818359375,0.7326202392578125,0.02532958984375,0.06890869140625,5.580264099259725,0.8446641659211834,0.33255818686206756,0.9922668673280175
1.0,0.99609375,0.0,1.0,1.0,0.7915702273958504,3.1846979912279836,0.0,0.0,0.0,0.0,0.0,0.0,109.50628662109375,41.83945083618164,9.0428466796875,11.845162391662598,206.40846252441406,67.54508209228516,0.1340484619140625,0.00146484375,9.1552734375e-05,9.1552734375e-05,0.0222015380859375,0.7802276611328125,0.0318145751953125,0.030059814453125,4.430863843852967,0.8642532119278383,0.490259947178579,0.9923629981836872
1.0,0.99609375,0.0,1.0,1.0,0.7915702273958504,3.1846979912279836,0.0,0.0,0.0,0.0,0.0,0.0,114.72866821289062,35.888038635253906,9.38525390625,17.25929069519043,211.59259033203125,63.136470794677734,0.0909576416015625,0.001678466796875,0.0001373291015625,0.0001373291015625,0.017425537109375,0.8300933837890625,0.016998291015625,0.042572021484375,4.934917132053778,0.8783192399319018,0.47834811943150496,0.9903401619694389
1.0,0.99609375,0.0,1.0,1.0,0.7915702273958504,3.1846979912279836,0.0,0.0,0.0,0.0,0.0,0.0,106.11271667480469,42.86606979370117,12.406692504882812,19.45499038696289,210.51988220214844,62.994117736816406,0.1417083740234375,0.0002899169921875,9.1552734375e-05,7.62939453125e-05,0.0356292724609375,0.7755279541015625,0.026123046875,0.0205535888671875,4.4164787371179175,0.876977935062623,0.48569194674334626,0.9917086287117648
1.0,0.99609375,0.0,1.0,1.0,0.7915702273958504,3.1846979912279836,0.0,0.0,0.0,0.0,0.0,0.0,112.41871643066406,31.82268714904785,12.679824829101562,32.21281051635742,229.54452514648438,31.901437759399414,0.0831756591796875,0.0006256103515625,9.1552734375e-05,1.52587890625e-05,0.058349609375,0.817596435546875,0.0331573486328125,0.006988525390625,2.104484400912502,0.9279637899715791,0.7193208519255452,0.9888371498801548
1.0,0.99609375,0.0,1.0,1.0,0.7915702273958504,3.1846979912279836,0.0,0.0,0.0,0.0,0.0,0.0,108.74906921386719,37.47135543823242,9.61669921875,23.135591506958008,226.3763885498047,41.0096321105957,0.1142578125,0.00152587890625,3.0517578125e-05,0.0001220703125,0.0754852294921875,0.7380218505859375,0.038909912109375,0.031646728515625,3.482155574604115,0.8914842690249734,0.5387109892481173,0.9862428150499003
1.0,0.99609375,0.0,1.0,1.0,0.7915702273958504,3.1846979912279836,0.0,0.0,0.0,0.0,0.0,0.0,112.33631896972656,37.720829010009766,13.191162109375,33.25139236450195,229.93728637695312,29.014427185058594,0.113739013671875,0.00042724609375,0.0,0.0,0.047119140625,0.69390869140625,0.1020050048828125,0.0428009033203125,2.0297208710273793,0.9109134305660193,0.6842271423540536,0.9867718047879307
1.0,0.99609375,0.0,1.0,1.0,0.7915702273958504,3.1846979912279836,0.0,0.0,0.0,0.0,0.0,0.0,110.35426330566406,38.39972686767578,11.506637573242188,29.777650833129883,227.56597900390625,36.008628845214844,0.1175384521484375,0.000396728515625,0.0,0.0,0.0214691162109375,0.7350311279296875,0.1025390625,0.0230255126953125,2.202234072459211,0.8864805952984866,0.6067943637544165,0.9899974071116695
1.0,0.99609375,0.0,1.0,1.0,0.7915702273958504,3.1846979912279836,0.0,0.0,0.0,0.0,0.0,0.0,110.59953308105469,29.575292587280273,8.759597778320312,21.305795669555664,229.89111328125,35.541297912597656,0.0731048583984375,0.0001983642578125,3.0517578125e-05,0.000152587890625,0.151824951171875,0.7464447021484375,0.01617431640625,0.0120697021484375,2.0766060069543326,0.9224602405430913,0.7477335351218215,0.9884571352777978
1.0,0.99609375,0.0,1.0,1.0,0.7915702273958504,3.1846979912279836,0.0,0.0,0.0,0.0,0.0,0.0,128.4257354736328,64.09423828125,18.148727416992188,42.57862091064453,212.5073699951172,36.42461013793945,0.2138519287109375,0.00146484375,4.57763671875e-05,0.0001068115234375,0.000885009765625,0.0138092041015625,0.1844940185546875,0.5853424072265625,3.9056813718725336,0.8159575328596763,0.35124529938635574,0.9846233344993602
1.0,0.99609375,0.0,1.0,1.0,0.7915702273958504,3.1846979912279836,0.0,0.0,0.0,0.0,0.0,0.0,112.67791748046875,31.791593551635742,6.954498291015625,18.411203384399414,228.26283264160156,36.744476318359375,0.0803680419921875,0.0007781982421875,9.1552734375e-05,0.000274658203125,0.056640625,0.7921600341796875,0.0526885986328125,0.016998291015625,2.3733011786625715,0.9249148308505919,0.7376755889367967,0.9876779127260289
1.0,0.99609375,0.0,1.0,1.0,0.7915702273958504,3.1846979912279836,0.0,0.0,0.0,0.0,0.0,0.0,100.60076904296875,46.97858810424805,19.28289794921875,35.15277099609375,216.4486541748047,40.318641662597656,0.2108001708984375,0.001495361328125,9.1552734375e-05,4.57763671875e-05,0.0499114990234375,0.6203460693359375,0.0952606201171875,0.0220489501953125,6.031744895655887,0.8076190320253338,0.41295006521933564,0.9785714157897991
1.0,0.99609375,0.0,1.0,1.0,0.7915702273958504,3.1846979912279836,0.0,0.0,0.0,0.0,0.0,0.0,106.35690307617188,43.52827072143555,10.648727416992188,15.487286567687988,201.11618041992188,70.38269805908203,0.1433258056640625,0.0015106201171875,0.0001068115234375,0.0001983642578125,0.0789337158203125,0.695281982421875,0.03466796875,0.0459747314453125,4.093419147187862,0.8549954970414301,0.386852178500941,0.9935961864420435
1.0,0.99609375,0.0,1.0,1.0,0.7915702273958504,3.1846979912279836,0.0,0.0,0.0,0.0,0.0,0.0,109.86679077148438,40.96507263183594,9.29913330078125,15.898941993713379,209.03411865234375,62.617515563964844,0.123779296875,0.0015869140625,0.0001220703125,7.62939453125e-05,0.04296875,0.7240753173828125,0.061798095703125,0.04559326171875,5.393461958715538,0.8527202611559731,0.38848924089741665,0.9895035390705107
1.0,0.99609375,0.0,1.0,1.0,0.7915702273958504,3.1846979912279836,0.0,0.0,0.0,0.0,0.0,0.0,110.45631408691406,40.91522979736328,10.107833862304688,13.130603790283203,206.46084594726562,66.09007263183594,0.1213836669921875,0.0021209716796875,0.0001678466796875,9.1552734375e-05,0.0182342529296875,0.7979278564453125,0.0263519287109375,0.033721923828125,4.072310092378333,0.8712660205838474,0.4555995482842382,0.9927275003953335
1.0,0.99609375,0.0,1.0,1.0,0.7915702273958504,3.1846979912279836,0.0,0.0,0.0,0.0,0.0,0.0,115.1212158203125,35.05382537841797,7.311431884765625,9.543167114257812,216.69569396972656,59.31046676635742,0.08465576171875,0.001922607421875,3.0517578125e-05,0.0,0.027130126953125,0.8144683837890625,0.0355072021484375,0.036285400390625,3.3697503766619548,0.8814929847789779,0.533682950721135,0.992485365472934
1.0,0.99609375,0.0,1.0,1.0,0.7915702273958504,3.1846979912279836,0.0,0.0,0.0,0.0,0.0,0.0,115.52743530273438,43.15167999267578,9.417678833007812,10.558792114257812,187.1634979248047,78.34544372558594,0.11370849609375,0.0024261474609375,0.000274658203125,0.000152587890625,0.0260772705078125,0.704986572265625,0.0389556884765625,0.1134185791015625,5.043931298304306,0.8190765149008815,0.31366924538156493,0.9934474794751992
1.0,0.99609375,0.0,1.0,1.0,0.7915702273958504,3.1846979912279836,0.0,0.0,0.0,0.0,0.0,0.0,129.8224639892578,64.94937133789062,16.620391845703125,37.85899353027344,208.1803436279297,40.47196960449219,0.2145233154296875,0.00140380859375,0.0001678466796875,1.52587890625e-05,0.000244140625,0.0083770751953125,0.1779022216796875,0.5973663330078125,4.404438930654097,0.8213305756323904,0.36859888182309575,0.9838815281228934
1.0,0.99609375,0.0,1.0,1.0,0.7915702273958504,3.1846979912279836,0.0,0.0,0.0,0.0,0.0,0.0,129.44961547851562,59.49830627441406,20.678878784179688,44.154441833496094,209.46095275878906,28.434951782226562,0.1921539306640625,0.0003204345703125,7.62939453125e-05,6.103515625e-05,0.0003662109375,0.0155487060546875,0.4370269775390625,0.3544464111328125,4.842248449019258,0.8127117391491525,0.41122920633551163,0.9717970067388627
1.0,0.99609375,0.0,1.0,1.0,0.7915702273958504,3.1846979912279836,0.0,0.0,0.0,0.0,0.0,0.0,93.25262451171875,49.4538688659668,13.197830200195312,18.80950164794922,199.1553955078125,71.90582275390625,0.2322540283203125,0.000762939453125,6.103515625e-05,4.57763671875e-05,0.311126708984375,0.3811798095703125,0.02703857421875,0.0475311279296875,7.256065471909489,0.7682751052408179,0.35623149549525684,0.9894131462762223
1.0,0.99609375,0.0,1.0,1.0,0.7915702273958504,3.1846979912279836,0.0,0.0,0.0,0.0,0.0,0.0,88.74551391601562,51.18269348144531,18.555435180664062,26.565532684326172,198.1259765625,73.96796417236328,0.257049560546875,0.00054931640625,6.103515625e-05,0.0001373291015625,0.296478271484375,0.3877410888671875,0.02734375,0.0306396484375,4.764433780662457,0.8276277953637355,0.3683895482628422,0.9937299647569019
1.0,0.99609375,0.0,1.0,1.0,0.7915702273958504,3.1846979912279836,0.0,0.0,0.0,0.0,0.0,0.0,100.99156188964844,46.6048698425293,11.773880004882812,14.00212574005127,199.63890075683594,75.72144317626953,0.170623779296875,0.00274658203125,7.62939453125e-05,0.0001220703125,0.09912109375,0.637847900390625,0.0205535888671875,0.06890869140625,6.121553078044606,0.8309474985015421,0.36527693318369603,0.9917064069292991
1.0,0.99609375,0.0,1.0,1.0,0.7915702273958504,3.1846979912279836,0.0,0.0,0.0,0.0,0.0,0.0,86.9725341796875,54.327091217041016,19.06292724609375,26.536312103271484,194.77488708496094,74.02545166015625,0.2879180908203125,0.001190185546875,6.103515625e-05,0.000213623046875,0.1424407958984375,0.5158538818359375,0.01983642578125,0.0324859619140625,5.237923167389747,0.82875674951582,0.3152684255677465,0.9931125658445904
1.0,0.99609375,0.0,1.0,1.0,0.7915702273958504,3.1846979912279836,0.0,0.0,0.0,0.0,0.0,0.0,97.54913330078125,47.96302032470703,12.831222534179688,19.384801864624023,201.87892150878906,73.419677734375,0.1886138916015625,0.00048828125,9.1552734375e-05,6.103515625e-05,0.4182281494140625,0.29681396484375,0.03289794921875,0.06280517578125,5.0384161617855145,0.8261228056865962,0.391146188370047,0.9930236935915415
1.0,0.99609375,0.0,1.0,1.0,0.7915702273958504,3.1846979912279836,0.0,0.0,0.0,0.0,0.0,0.0,102.08599853515625,37.582252502441406,14.410430908203125,28.16868019104004,226.925537109375,48.673828125,0.1370849609375,0.0005340576171875,3.0517578125e-05,1.52587890625e-05,0.1489715576171875,0.6892852783203125,0.014129638671875,0.00994873046875,3.924182542499961,0.8729869381668005,0.6039149663289916,0.9889211223686579
1.0,0.99609375,0.0,1.0,1.0,0.7915702273958504,3.1846979912279836,0.0,0.0,0.0,0.0,0.0,0.0,101.72178649902344,40.482452392578125,10.742630004882812,20.567718505859375,219.82545471191406,57.17241287231445,0.141510009765625,0.0003204345703125,9.1552734375e-05,0.0001220703125,0.3466644287109375,0.469024658203125,0.020050048828125,0.022216796875,3.5705254721855466,0.8673265531261056,0.5461483212488503,0.9921966979189658
1.0,0.99609375,0.0,1.0,1.0,0.7915702273958504,3.1846979912279836,0.0,0.0,0.0,0.0,0.0,0.0,100.06002807617188,38.413429260253906,9.504257202148438,18.785886764526367,228.89280700683594,46.116146087646484,0.139801025390625,0.0013885498046875,0.000213623046875,0.0003662109375,0.55194091796875,0.257843017578125,0.022979736328125,0.0254669189453125,2.3551363958933202,0.8963862364921823,0.6701506432672034,0.992235200720012
1.0,0.99609375,0.0,1.0,1.0,0.7915702273958504,3.1846979912279836,0.0,0.0,0.0,0.0,0.0,0.0,115.09877014160156,33.74728012084961,14.157501220703125,32.50126266479492,229.85769653320312,30.27597427368164,0.088653564453125,1.52587890625e-05,0.0,0.0,0.0014190673828125,0.859527587890625,0.03790283203125,0.012481689453125,1.6351463070457937,0.9114825405704183,0.6738492179524411,0.9906592519522217
1.0,0.99609375,0.0,1.0,1.0,0.7915702273958504,3.1846979912279836,0.0,0.0,0.0,0.0,0.0,0.0,102.74171447753906,51.1549186706543,16.766647338867188,29.05734634399414,197.82603454589844,67.9323959350586,0.2095184326171875,0.000579833984375,0.0001678466796875,0.0001373291015625,0.028076171875,0.5096588134765625,0.2315216064453125,0.0203399658203125,7.444616629324429,0.8116948524360835,0.3151833681618528,0.9882745902561338
1.0,0.99609375,0.0,1.0,1.0,0.7915702273958504,3.1846979912279836,0.0,0.0,0.0,0.0,0.0,0.0,100.23770141601562,36.962223052978516,15.333023071289062,34.15365982055664,230.78713989257812,39.767112731933594,0.1344146728515625,6.103515625e-05,7.62939453125e-05,1.52587890625e-05,0.56695556640625,0.265380859375,0.0174713134765625,0.015625,2.238102844485498,0.892574653159899,0.6501144541563277,0.9919863580747539
1.0,0.99609375,0.0,1.0,1.0,0.7915702273958504,3.1846979912279836,0.0,0.0,0.0,0.0,0.0,0.0,108.93257141113281,47.19036102294922,16.594100952148438,25.702774047851562,199.6144561767578,69.23927307128906,0.152618408203125,0.0008087158203125,9.1552734375e-05,4.57763671875e-05,0.0144195556640625,0.7328948974609375,0.038818359375,0.060302734375,4.673408264659337,0.86463800168495,0.38238658904962874,0.9928543933448422
1.0,0.99609375,0.0,1.0,1.0,0.7915702273958504,3.1846979912279836,0.0,0.0,0.0,0.0,0.0,0.0,107.83181762695312,45.690555572509766,10.317901611328125,12.93820858001709,191.1003875732422,76.80094909667969,0.143646240234375,0.0035552978515625,0.0003509521484375,0.0001373291015625,0.0986480712890625,0.6374053955078125,0.030120849609375,0.0861358642578125,5.25018774569477,0.8319844276805493,0.36339306915666114,0.9929901099933309
1.0,0.99609375,0.0,1.0,1.0,0.7915702273958504,3.1846979912279836,0.0,0.0,0.0,0.0,0.0,0.0,107.82835388183594,47.352882385253906,12.233016967773438,16.537385940551758,191.62213134765625,75.83881378173828,0.1541290283203125,0.0007476806640625,7.62939453125e-05,9.1552734375e-05,0.0516357421875,0.678253173828125,0.038299560546875,0.0767669677734375,5.392855448353857,0.8520863864320632,0.34801523745994034,0.9927699239793096
1.0,0.99609375,0.0,1.0,1.0,0.7915702273958504,3.1846979912279836,0.0,0.0,0.0,0.0,0.0,0.0,98.61231994628906,50.6654167175293,11.8321533203125,15.991629600524902,183.6281280517578,80.0123062133789,0.2164306640625,0.00250244140625,0.0001373291015625,0.0001678466796875,0.075775146484375,0.6122589111328125,0.0349273681640625,0.05780029296875,6.186970035477724,0.8109345778218838,0.2865019936400944,0.9924408650912376
1.0,0.99609375,0.0,1.0,1.0,0.7915702273958504,3.1846979912279836,0.0,0.0,0.0,0.0,0.0,0.0,105.68150329589844,49.15470886230469,11.024139404296875,13.609760284423828,187.7458038330078,78.0320053100586,0.1783294677734375,0.0027923583984375,0.000213623046875,0.000152587890625,0.0338592529296875,0.6658935546875,0.0457611083984375,0.072998046875,5.625982434875505,0.8218337150273268,0.32313317714027934,0.9927266907336194
1.0,0.99609375,0.0,1.0,1.0,0.7915702273958504,3.1846979912279836,0.0,0.0,0.0,0.0,0.0,0.0,108.66964721679688,47.3323974609375,13.08441162109375,20.890796661376953,197.93470764160156,70.31366729736328,0.1510009765625,0.00018310546875,6.103515625e-05,1.52587890625e-05,0.0375213623046875,0.6314239501953125,0.1085968017578125,0.071197509765625,4.661676402853169,0.8495874213984771,0.3187559232989682,0.9930322974181132
1.0,0.99609375,0.0,1.0,1.0,0.7915702273958504,3.1846979912279836,0.0,0.0,0.0,0.0,0.0,0.0,115.71871948242188,40.58228302001953,13.375167846679688,23.265966415405273,203.15028381347656,66.27924346923828,0.1030120849609375,0.0005950927734375,3.0517578125e-05,0.0,0.0201568603515625,0.7639617919921875,0.03082275390625,0.0814208984375,4.713495866206773,0.8567681910336723,0.38269013970088306,0.9919311050698321
1.0,0.99609375,0.0,1.0,1.0,0.7915702273958504,3.1846979912279836,0.0,0.0,0.0,0.0,0.0,0.0,107.06706237792969,52.14879608154297,12.630569458007812,20.42388343811035,198.67819213867188,66.69960021972656,0.1941680908203125,0.0011749267578125,0.0001983642578125,0.0001068115234375,0.02117919921875,0.41534423828125,0.32635498046875,0.041473388671875,7.107781677918698,0.8020737294680832,0.3279173281245745,0.9881408330822482
1.0,0.99609375,0.0,1.0,1.0,0.7915702273958504,3.1846979912279836,0.0,0.0,0.0,0.0,0.0,0.0,106.11990356445312,47.39408493041992,10.885726928710938,14.20991325378418,195.79234313964844,71.85138702392578,0.179718017578125,0.0028076171875,7.62939453125e-05,1.52587890625e-05,0.0088348388671875,0.6851959228515625,0.0978851318359375,0.0254669189453125,8.991920146048475,0.7926998226424135,0.35509379285420795,0.9862444484813874
1.0,0.99609375,0.0,1.0,1.0,0.7915702273958504,3.1846979912279836,0.0,0.0,0.0,0.0,0.0,0.0,116.72883605957031,43.9645881652832,13.789901733398438,27.402332305908203,208.17433166503906,55.79740524291992,0.12957763671875,0.0003509521484375,3.0517578125e-05,3.0517578125e-05,0.0057830810546875,0.428680419921875,0.425140380859375,0.010406494140625,6.8991016483465275,0.8483250814833835,0.40795214859098633,0.9842926769787506
1.0,0.99609375,0.0,1.0,1.0,0.7915702273958504,3.1846979912279836,0.0,0.0,0.0,0.0,0.0,0.0,66.63894653320312,69.41969299316406,15.45782470703125,25.386369705200195,228.11959838867188,9.288729667663574,0.603118896484375,0.0244140625,0.0002593994140625,6.103515625e-05,0.00201416015625,0.03680419921875,0.09307861328125,0.2402496337890625,1.4996590996383388,0.8526321402935961,0.34797071165313387,0.9374587074043403
1.0,0.99609375,0.0,1.0,1.0,0.7915702273958504,3.1846979912279836,0.0,0.0,0.0,0.0,0.0,0.0,36.544708251953125,55.60382843017578,20.638031005859375,33.63114929199219,222.55218505859375,11.85544204711914,0.8222198486328125,0.021820068359375,9.1552734375e-05,0.0,0.0009307861328125,0.00396728515625,0.01025390625,0.140716552734375,1.9742905736739664,0.8203085274696051,0.35604720698623127,0.9553765890452282
1.0,0.99609375,0.0,1.0,1.0,0.7915702273958504,3.1846979912279836,0.0,0.0,0.0,0.0,0.0,0.0,20.610000610351562,35.0382194519043,24.108367919921875,35.578670501708984,220.60086059570312,10.668224334716797,0.9325103759765625,0.01556396484375,6.103515625e-05,3.0517578125e-05,7.62939453125e-05,0.00042724609375,0.002593994140625,0.048736572265625,1.601915263540207,0.835240066502827,0.34948288593796556,0.9596278256355225
1.0,0.99609375,0.0,1.0,1.0,0.7915702273958504,3.1846979912279836,0.0,0.0,0.0,0.0,0.0,0.0,95.34190368652344,70.39277648925781,11.679962158203125,19.133119583129883,232.9840850830078,5.2139973640441895,0.4080657958984375,0.0122833251953125,0.0001678466796875,7.62939453125e-05,0.0021514892578125,0.045867919921875,0.204437255859375,0.3269500732421875,0.3273931282073339,0.8871362326383458,0.5609858975175969,0.9654824652571425
1.0,0.99609375,0.0,1.0,1.0,0.7915702273958504,3.1846979912279836,0.0,0.0,0.0,0.0,0.0,0.0,69.64082336425781,74.71788787841797,14.242828369140625,22.243488311767578,226.07493591308594,10.602039337158203,0.6075286865234375,0.01373291015625,0.00018310546875,6.103515625e-05,0.000762939453125,0.0051116943359375,0.057159423828125,0.315460205078125,0.6378920055737409,0.8414874995456936,0.37723266403834277,0.9775134631257427
1.0,0.99609375,0.0,1.0,1.0,0.7915702273958504,3.1846979912279836,0.0,0.0,0.0,0.0,0.0,0.0,45.0782470703125,65.42214965820312,17.41790771484375,26.145723342895508,225.2054443359375,8.430910110473633,0.775421142578125,0.0078582763671875,1.52587890625e-05,0.0,1.52587890625e-05,0.00079345703125,0.00860595703125,0.2072906494140625,0.5908251146492212,0.8542854539108795,0.44227757759827135,0.9758668745704798
1.0,0.99609375,0.0,1.0,1.0,0.7915702273958504,3.1846979912279836,0.0,0.0,0.0,0.0,0.0,0.0,115.1370849609375,57.590816497802734,11.573379516601562,25.6435546875,223.9497833251953,20.147830963134766,0.225067138671875,0.004150390625,7.62939453125e-05,3.0517578125e-05,0.00518798828125,0.1329498291015625,0.397705078125,0.234832763671875,2.2463376476898556,0.8349658750988378,0.5852777055117052,0.9707844468951505
1.0,0.99609375,0.0,1.0,1.0,0.7915702273958504,3.1846979912279836,0.0,0.0,0.0,0.0,0.0,0.0,115.31265258789062,67.62837219238281,12.9893798828125,31.254680633544922,221.17843627929688,19.130725860595703,0.2830352783203125,0.0050201416015625,0.0001983642578125,0.0001373291015625,0.0016632080078125,0.038787841796875,0.1867523193359375,0.484405517578125,1.7907255238214017,0.859017995883055,0.4851253170385331,0.9781485503802613
1.0,0.99609375,0.0,1.0,1.0,0.7915702273958504,3.1846979912279836,0.0,0.0,0.0,0.0,0.0,0.0,70.19538879394531,77.28379821777344,18.286849975585938,33.39531326293945,214.51779174804688,10.376554489135742,0.6153106689453125,0.001861572265625,0.0,1.52587890625e-05,4.57763671875e-05,0.0008544921875,0.0465240478515625,0.33538818359375,0.8721280925831021,0.8541114882908585,0.4172223601180735,0.9768447538516529
1.0,0.99609375,0.0,1.0,1.0,0.7915702273958504,3.1846979912279836,0.0,0.0,0.0,0.0,0.0,0.0,87.76214599609375,75.8550796508789,32.08866882324219,50.31058883666992,202.8865509033203,16.736392974853516,0.4887542724609375,4.57763671875e-05,0.0,0.0,1.52587890625e-05,0.004913330078125,0.231597900390625,0.2746734619140625,2.8498894671325083,0.763187006633194,0.27241110071809443,0.9685046661180434
1.0,0.99609375,0.0,1.0,1.0,0.7915702273958504,3.1846979912279836,0.0,0.0,0.0,0.0,0.0,0.0,76.94709777832031,77.87177276611328,17.022918701171875,31.354299545288086,221.12416076660156,16.30531120300293,0.570465087890625,0.00665283203125,4.57763671875e-05,1.52587890625e-05,0.000213623046875,0.0016937255859375,0.028961181640625,0.3919525146484375,1.1391180589989305,0.836853442882227,0.4480283067434207,0.9826872053533071
1.0,0.99609375,0.0,1.0,1.0,0.7915702273958504,3.1846979912279836,0.0,0.0,0.0,0.0,0.0,0.0,74.57575988769531,77.1838150024414,25.996871948242188,39.558895111083984,215.44491577148438,11.76303768157959,0.582855224609375,0.0001068115234375,1.52587890625e-05,0.0,0.0,0.0009918212890625,0.1370697021484375,0.278961181640625,1.23938578215555,0.7878599074082175,0.3207239675810492,0.9773482305075838
1.0,0.99609375,0.0,1.0,1.0,0.7915702273958504,3.1846979912279836,0.0,0.0,0.0,0.0,0.0,0.0,92.98219299316406,70.23925018310547,18.505294799804688,34.02345275878906,229.3131866455078,10.740979194641113,0.4194183349609375,0.003326416015625,4.57763671875e-05,1.52587890625e-05,0.0019073486328125,0.0553436279296875,0.243072509765625,0.2768707275390625,2.1641813597518773,0.8310157858337428,0.4231221327529593,0.945380410514171
1.0,0.99609375,0.0,1.0,1.0,0.7915702273958504,3.1846979912279836,0.0,0.0,0.0,0.0,0.0,0.0,99.39761352539062,74.17630004882812,20.6610107421875,35.845115661621094,213.7440643310547,15.175392150878906,0.40118408203125,9.1552734375e-05,0.0,0.0,0.0001068115234375,0.0059661865234375,0.34613037109375,0.24652099609375,2.230435516051422,0.8105773472086533,0.3793016542860582,0.9654273442014994
1.0,0.99609375,0.0,1.0,1.0,0.7915702273958504,3.1846979912279836,0.0,0.0,0.0,0.0,0.0,0.0,48.254302978515625,69.45146179199219,23.620529174804688,40.950584411621094,219.06748962402344,16.21446990966797,0.7531890869140625,0.002044677734375,1.52587890625e-05,1.52587890625e-05,3.0517578125e-05,0.000579833984375,0.0164642333984375,0.2276611328125,2.865881569640388,0.8087685821151007,0.38034133015827526,0.9640080416659643
1.0,0.99609375,0.0,1.0,1.0,0.7915702273958504,3.1846979912279836,0.0,0.0,0.0,0.0,0.0,0.0,57.712646484375,72.50952911376953,22.012054443359375,40.40638732910156,220.7149658203125,16.04020881652832,0.691741943359375,0.005157470703125,3.0517578125e-05,1.52587890625e-05,7.62939453125e-05,0.0012664794921875,0.016937255859375,0.2847747802734375,3.2481834650756136,0.8008132100921695,0.46229896240617135,0.9566007205723775
1.0,0.99609375,0.0,1.0,1.0,0.7915702273958504,3.1846979912279836,0.0,0.0,0.0,0.0,0.0,0.0,79.91233825683594,73.48018646240234,11.114425659179688,23.460235595703125,239.33642578125,11.99952220916748,0.5127716064453125,0.029632568359375,0.0007781982421875,0.0004730224609375,0.0042724609375,0.0295867919921875,0.0613861083984375,0.3610992431640625,1.2747760455207815,0.8488003627841163,0.6437193144159352,0.9696472183677627
1.0,0.99609375,0.0,1.0,1.0,0.7915702273958504,3.1846979912279836,0.0,0.0,0.0,0.0,0.0,0.0,77.70936584472656,71.69915008544922,14.948135375976562,27.127653121948242,240.8961181640625,5.757696628570557,0.53399658203125,0.0226898193359375,0.000457763671875,0.000213623046875,0.00140380859375,0.03076171875,0.099456787109375,0.3110198974609375,0.4422236183382768,0.8911704896191097,0.6812490384215407,0.9767416141995406
1.0,0.99609375,0.0,1.0,1.0,0.7915702273958504,3.1846979912279836,0.0,0.0,0.0,0.0,0.0,0.0,117.74592590332031,54.6702766418457,12.664886474609375,27.300817489624023,236.50779724121094,11.954047203063965,0.2018585205078125,0.00128173828125,0.000152587890625,0.0001220703125,0.00335693359375,0.1526641845703125,0.423553466796875,0.217010498046875,1.1686268178122865,0.8761680353426872,0.5335363859442415,0.9742713602636406
1.0,0.99609375,0.0,1.0,1.0,0.7915702273958504,3.1846979912279836,0.0,0.0,0.0,0.0,0.0,0.0,96.1353759765625,76.05806732177734,9.085052490234375,19.524402618408203,236.99993896484375,9.96928596496582,0.4233551025390625,0.0034332275390625,3.0517578125e-05,1.52587890625e-05,6.103515625e-05,0.006256103515625,0.1549072265625,0.4119415283203125,1.2384074853411833,0.889964743786147,0.6248293829371359,0.9536448137926478
1.0,0.99609375,0.0,1.0,1.0,0.7915702273958504,3.1846979912279836,0.0,0.0,0.0,0.0,0.0,0.0,41.84391784667969,58.72023391723633,15.0604248046875,28.767423629760742,237.2912139892578,12.864721298217773,0.76812744140625,0.0451202392578125,0.000274658203125,7.62939453125e-05,0.000457763671875,0.0027618408203125,0.0153656005859375,0.167816162109375,1.6314659005300012,0.8564832901736311,0.6098361204844955,0.9681167723304437
1.0,0.99609375,0.0,1.0,1.0,0.7915702273958504,3.1846979912279836,0.0,0.0,0.0,0.0,0.0,0.0,17.641510009765625,25.988327026367188,17.875228881835938,30.72327423095703,235.82989501953125,7.972306251525879,0.9396209716796875,0.032318115234375,4.57763671875e-05,0.0,6.103515625e-05,6.103515625e-05,0.0015106201171875,0.0263824462890625,0.9664532018571597,0.8535201465243148,0.5878574978392107,0.969528833878122
1.0,0.99609375,0.0,1.0,1.0,0.7915702273958504,3.1846979912279836,0.0,0.0,0.0,0.0,0.0,0.0,21.177886962890625,39.04499435424805,17.469894409179688,28.146453857421875,234.67953491210938,9.686904907226562,0.919952392578125,0.016326904296875,0.0,0.0,7.62939453125e-05,0.0001983642578125,0.002655029296875,0.060791015625,0.7615831672197962,0.8795763654558917,0.4986337131222709,0.9766051931456362
1.0,0.99609375,0.0,1.0,1.0,0.7915702273958504,3.1846979912279836,0.0,0.0,0.0,0.0,0.0,0.0,66.25076293945312,75.63444519042969,18.569046020507812,29.672348022460938,232.3829803466797,8.625115394592285,0.637908935546875,0.001800537109375,0.0,0.0,3.0517578125e-05,0.0006561279296875,0.0711822509765625,0.288421630859375,0.6395151914611307,0.8629512402166,0.5456197543975521,0.9803467189156416
1.0,0.99609375,0.0,1.0,1.0,0.7915702273958504,3.1846979912279836,0.0,0.0,0.0,0.0,0.0,0.0,65.46635437011719,69.28337097167969,8.307540893554688,22.93123435974121,234.05287170410156,13.735701560974121,0.5399627685546875,0.0746917724609375,0.007049560546875,0.0071868896484375,0.0112152099609375,0.0434112548828125,0.0886077880859375,0.227874755859375,1.074665366242984,0.9038785837674019,0.7293874873298671,0.9759407152494968
1.0,0.99609375,0.0,1.0,1.0,0.7915702273958504,3.1846979912279836,0.0,0.0,0.0,0.0,0.0,0.0,69.98127746582031,68.1370849609375,11.470062255859375,30.765796661376953,235.2687530517578,9.289864540100098,0.4949951171875,0.0418548583984375,0.010711669921875,0.0144500732421875,0.028076171875,0.1219940185546875,0.098541259765625,0.1893768310546875,0.8485415454421834,0.9030949558872161,0.7091824369337077,0.9768496233122352
1.0,0.99609375,0.0,1.0,1.0,0.7915702273958504,3.1846979912279836,0.0,0.0,0.0,0.0,0.0,0.0,71.21136474609375,69.54351043701172,9.095779418945312,24.507062911987305,231.14483642578125,12.569921493530273,0.503173828125,0.0687713623046875,0.0071258544921875,0.0054779052734375,0.012786865234375,0.06378173828125,0.101409912109375,0.2374725341796875,0.7952885905746936,0.8729027309806847,0.5597146988320727,0.9806175121943693
1.0,0.99609375,0.0,1.0,1.0,0.7915702273958504,3.1846979912279836,0.0,0.0,0.0,0.0,0.0,0.0,73.96774291992188,71.26914978027344,6.8986663818359375,18.273229598999023,235.59432983398438,8.882763862609863,0.497100830078125,0.068634033203125,0.005767822265625,0.0047454833984375,0.0073699951171875,0.0381927490234375,0.1009979248046875,0.277191162109375,0.38776816430408323,0.9399940273245788,0.7905369387882382,0.9815054139563941
1.0,0.99609375,0.0,1.0,1.0,0.7915702273958504,3.1846979912279836,0.0,0.0,0.0,0.0,0.0,0.0,84.47767639160156,67.00059509277344,16.712127685546875,34.74038314819336,229.7644500732422,10.632617950439453,0.4222259521484375,0.022552490234375,0.00543212890625,0.004302978515625,0.0247802734375,0.1443634033203125,0.178680419921875,0.197662353515625,0.8175409689504951,0.8801728219974047,0.6652041209874127,0.9818537860598582
1.0,0.99609375,0.0,1.0,1.0,0.7915702273958504,3.1846979912279836,0.0,0.0,0.0,0.0,0.0,0.0,65.21516418457031,68.45018768310547,10.225860595703125,27.148279190063477,232.91134643554688,15.506011009216309,0.531585693359375,0.1015777587890625,0.0067596435546875,0.0044097900390625,0.0070953369140625,0.0303802490234375,0.0854034423828125,0.2327880859375,1.9068684574334693,0.8805250566057233,0.636235988783567,0.9666639272501615
1.0,0.99609375,0.0,1.0,1.0,0.7915702273958504,3.1846979912279836,0.0,0.0,0.0,0.0,0.0,0.0,75.9368896484375,71.97608184814453,11.03399658203125,27.969768524169922,233.6412811279297,11.86150074005127,0.5012664794921875,0.046966552734375,0.004547119140625,0.003814697265625,0.0076751708984375,0.0489654541015625,0.0962371826171875,0.29052734375,1.2185117929470792,0.8807840728730959,0.621223279239328,0.9707594758104136
1.0,0.99609375,0.0,1.0,1.0,0.7915702273958504,3.1846979912279836,0.0,0.0,0.0,0.0,0.0,0.0,74.507568359375,73.04723358154297,8.87542724609375,24.78525733947754,233.86241149902344,10.166637420654297,0.5266876220703125,0.058624267578125,0.0023040771484375,0.001220703125,0.00262451171875,0.0096588134765625,0.065185546875,0.3336944580078125,0.7794260865360281,0.8772514859615873,0.5275706592576246,0.9766133620123479
1.0,0.99609375,0.0,1.0,1.0,0.7915702273958504,3.1846979912279836,0.0,0.0,0.0,0.0,0.0,0.0,67.90574645996094,70.8551254272461,12.878311157226562,29.59787940979004,230.07545471191406,10.737384796142578,0.5702362060546875,0.0574493408203125,0.0030517578125,0.001861572265625,0.002960205078125,0.0141448974609375,0.0676727294921875,0.282623291015625,0.9299265987283769,0.838457284310155,0.4784958739798003,0.9763837067961887
1.0,0.99609375,0.0,1.0,1.0,0.7915702273958504,3.1846979912279836,0.0,0.0,0.0,0.0,0.0,0.0,52.49867248535156,63.443702697753906,12.989151000976562,28.356279373168945,233.19296264648438,9.27890396118164,0.6451568603515625,0.091583251953125,0.004608154296875,0.002166748046875,0.0034942626953125,0.01214599609375,0.048736572265625,0.192108154296875,0.7735285148827288,0.8480266949346691,0.512786542142209,0.9773044394227197
1.0,0.99609375,0.0,1.0,1.0,0.7915702273958504,3.1846979912279836,0.0,0.0,0.0,0.0,0.0,0.0,54.63435363769531,66.45904541015625,14.017593383789062,34.591007232666016,233.548583984375,12.600617408752441,0.6642913818359375,0.0639495849609375,0.000823974609375,0.0003204345703125,0.0007171630859375,0.00311279296875,0.0346832275390625,0.2321014404296875,1.1945840173597295,0.8699962539524907,0.6190728074325018,0.9800962539186489
1.0,0.99609375,0.0,1.0,1.0,0.7915702273958504,3.1846979912279836,0.0,0.0,0.0,0.0,0.0,0.0,66.63894653320312,69.41969299316406,15.45782470703125,25.386369705200195,228.11959838867188,9.288729667663574,0.603118896484375,0.0244140625,0.0002593994140625,6.103515625e-05,0.00201416015625,0.03680419921875,0.09307861328125,0.2402496337890625,1.4996590996383388,0.8526321402935961,0.34797071165313387,0.9374587074043403
1.0,0.99609375,0.0,1.0,1.0,0.7915702273958504,3.1846979912279836,0.0,0.0,0.0,0.0,0.0,0.0,36.544708251953125,55.60382843017578,20.638031005859375,33.63114929199219,222.55218505859375,11.85544204711914,0.8222198486328125,0.021820068359375,9.1552734375e-05,0.0,0.0009307861328125,0.00396728515625,0.01025390625,0.140716552734375,1.9742905736739664,0.8203085274696051,0.35604720698623127,0.9553765890452282
1.0,0.99609375,0.0,1.0,1.0,0.7915702273958504,3.1846979912279836,0.0,0.0,0.0,0.0,0.0,0.0,20.610000610351562,35.0382194519043,24.108367919921875,35.578670501708984,220.60086059570312,10.668224334716797,0.9325103759765625,0.01556396484375,6.103515625e-05,3.0517578125e-05,7.62939453125e-05,0.00042724609375,0.002593994140625,0.048736572265625,1.601915263540207,0.835240066502827,0.34948288593796556,0.9596278256355225
1.0,0.99609375,0.0,1.0,1.0,0.7915702273958504,3.1846979912279836,0.0,0.0,0.0,0.0,0.0,0.0,95.34190368652344,70.39277648925781,11.679962158203125,19.133119583129883,232.9840850830078,5.2139973640441895,0.4080657958984375,0.0122833251953125,0.0001678466796875,7.62939453125e-05,0.0021514892578125,0.045867919921875,0.204437255859375,0.3269500732421875,0.3273931282073339,0.8871362326383458,0.5609858975175969,0.9654824652571425
1.0,0.99609375,0.0,1.0,1.0,0.7915702273958504,3.1846979912279836,0.0,0.0,0.0,0.0,0.0,0.0,69.64082336425781,74.71788787841797,14.242828369140625,22.243488311767578,226.07493591308594,10.602039337158203,0.6075286865234375,0.01373291015625,0.00018310546875,6.103515625e-05,0.000762939453125,0.0051116943359375,0.057159423828125,0.315460205078125,0.6378920055737409,0.8414874995456936,0.37723266403834277,0.9775134631257427
1.0,0.99609375,0.0,1.0,1.0,0.7915702273958504,3.1846979912279836,0.0,0.0,0.0,0.0,0.0,0.0,45.0782470703125,65.42214965820312,17.41790771484375,26.145723342895508,225.2054443359375,8.430910110473633,0.775421142578125,0.0078582763671875,1.52587890625e-05,0.0,1.52587890625e-05,0.00079345703125,0.00860595703125,0.2072906494140625,0.5908251146492212,0.8542854539108795,0.44227757759827135,0.9758668745704798
1.0,0.99609375,0.0,1.0,1.0,0.7915702273958504,3.1846979912279836,0.0,0.0,0.0,0.0,0.0,0.0,115.1370849609375,57.590816497802734,11.573379516601562,25.6435546875,223.9497833251953,20.147830963134766,0.225067138671875,0.004150390625,7.62939453125e-05,3.0517578125e-05,0.00518798828125,0.1329498291015625,0.397705078125,0.234832763671875,2.2463376476898556,0.8349658750988378,0.5852777055117052,0.9707844468951505
1.0,0.99609375,0.0,1.0,1.0,0.7915702273958504,3.1846979912279836,0.0,0.0,0.0,0.0,0.0,0.0,115.31265258789062,67.62837219238281,12.9893798828125,31.254680633544922,221.17843627929688,19.130725860595703,0.2830352783203125,0.0050201416015625,0.0001983642578125,0.0001373291015625,0.0016632080078125,0.038787841796875,0.1867523193359375,0.484405517578125,1.7907255238214017,0.859017995883055,0.4851253170385331,0.9781485503802613
1.0,0.99609375,0.0,1.0,1.0,0.7915702273958504,3.1846979912279836,0.0,0.0,0.0,0.0,0.0,0.0,70.19538879394531,77.28379821777344,18.286849975585938,33.39531326293945,214.51779174804688,10.376554489135742,0.6153106689453125,0.001861572265625,0.0,1.52587890625e-05,4.57763671875e-05,0.0008544921875,0.0465240478515625,0.33538818359375,0.8721280925831021,0.8541114882908585,0.4172223601180735,0.9768447538516529
1.0,0.99609375,0.0,1.0,1.0,0.7915702273958504,3.1846979912279836,0.0,0.0,0.0,0.0,0.0,0.0,87.76214599609375,75.8550796508789,32.08866882324219,50.31058883666992,202.8865509033203,16.736392974853516,0.4887542724609375,4.57763671875e-05,0.0,0.0,1.52587890625e-05,0.004913330078125,0.231597900390625,0.2746734619140625,2.8498894671325083,0.763187006633194,0.27241110071809443,0.9685046661180434
1.0,0.99609375,0.0,1.0,1.0,0.7915702273958504,3.1846979912279836,0.0,0.0,0.0,0.0,0.0,0.0,76.94709777832031,77.87177276611328,17.022918701171875,31.354299545288086,221.12416076660156,16.30531120300293,0.570465087890625,0.00665283203125,4.57763671875e-05,1.52587890625e-05,0.000213623046875,0.0016937255859375,0.028961181640625,0.3919525146484375,1.1391180589989305,0.836853442882227,0.4480283067434207,0.9826872053533071
1.0,0.99609375,0.0,1.0,1.0,0.7915702273958504,3.1846979912279836,0.0,0.0,0.0,0.0,0.0,0.0,74.57575988769531,77.1838150024414,25.996871948242188,39.558895111083984,215.44491577148438,11.76303768157959,0.582855224609375,0.0001068115234375,1.52587890625e-05,0.0,0.0,0.0009918212890625,0.1370697021484375,0.278961181640625,1.23938578215555,0.7878599074082175,0.3207239675810492,0.9773482305075838
1.0,0.99609375,0.0,1.0,1.0,0.7915702273958504,3.1846979912279836,0.0,0.0,0.0,0.0,0.0,0.0,92.98219299316406,70.23925018310547,18.505294799804688,34.02345275878906,229.3131866455078,10.740979194641113,0.4194183349609375,0.003326416015625,4.57763671875e-05,1.52587890625e-05,0.0019073486328125,0.0553436279296875,0.243072509765625,0.2768707275390625,2.1641813597518773,0.8310157858337428,0.4231221327529593,0.945380410514171
1.0,0.99609375,0.0,1.0,1.0,0.7915702273958504,3.1846979912279836,0.0,0.0,0.0,0.0,0.0,0.0,99.39761352539062,74.17630004882812,20.6610107421875,35.845115661621094,213.7440643310547,15.175392150878906,0.40118408203125,9.1552734375e-05,0.0,0.0,0.0001068115234375,0.0059661865234375,0.34613037109375,0.24652099609375,2.230435516051422,0.8105773472086533,0.3793016542860582,0.9654273442014994
1.0,0.99609375,0.0,1.0,1.0,0.7915702273958504,3.1846979912279836,0.0,0.0,0.0,0.0,0.0,0.0,48.254302978515625,69.45146179199219,23.620529174804688,40.950584411621094,219.06748962402344,16.21446990966797,0.7531890869140625,0.002044677734375,1.52587890625e-05,1.52587890625e-05,3.0517578125e-05,0.000579833984375,0.0164642333984375,0.2276611328125,2.865881569640388,0.8087685821151007,0.38034133015827526,0.9640080416659643
1.0,0.99609375,0.0,1.0,1.0,0.7915702273958504,3.1846979912279836,0.0,0.0,0.0,0.0,0.0,0.0,57.712646484375,72.50952911376953,22.012054443359375,40.40638732910156,220.7149658203125,16.04020881652832,0.691741943359375,0.005157470703125,3.0517578125e-05,1.52587890625e-05,7.62939453125e-05,0.0012664794921875,0.016937255859375,0.2847747802734375,3.2481834650756136,0.8008132100921695,0.46229896240617135,0.9566007205723775
1.0,0.99609375,0.0,1.0,1.0,0.7915702273958504,3.1846979912279836,0.0,0.0,0.0,0.0,0.0,0.0,79.91233825683594,73.48018646240234,11.114425659179688,23.460235595703125,239.33642578125,11.99952220916748,0.5127716064453125,0.029632568359375,0.0007781982421875,0.0004730224609375,0.0042724609375,0.0295867919921875,0.0613861083984375,0.3610992431640625,1.2747760455207815,0.8488003627841163,0.6437193144159352,0.9696472183677627
1.0,0.99609375,0.0,1.0,1.0,0.7915702273958504,3.1846979912279836,0.0,0.0,0.0,0.0,0.0,0.0,77.70936584472656,71.69915008544922,14.948135375976562,27.127653121948242,240.8961181640625,5.757696628570557,0.53399658203125,0.0226898193359375,0.000457763671875,0.000213623046875,0.00140380859375,0.03076171875,0.099456787109375,0.3110198974609375,0.4422236183382768,0.8911704896191097,0.6812490384215407,0.9767416141995406
1.0,0.99609375,0.0,1.0,1.0,0.7915702273958504,3.1846979912279836,0.0,0.0,0.0,0.0,0.0,0.0,117.74592590332031,54.6702766418457,12.664886474609375,27.300817489624023,236.50779724121094,11.954047203063965,0.2018585205078125,0.00128173828125,0.000152587890625,0.0001220703125,0.00335693359375,0.1526641845703125,0.423553466796875,0.217010498046875,1.1686268178122865,0.8761680353426872,0.5335363859442415,0.9742713602636406
1.0,0.99609375,0.0,1.0,1.0,0.7915702273958504,3.1846979912279836,0.0,0.0,0.0,0.0,0.0,0.0,96.1353759765625,76.05806732177734,9.085052490234375,19.524402618408203,236.99993896484375,9.96928596496582,0.4233551025390625,0.0034332275390625,3.0517578125e-05,1.52587890625e-05,6.103515625e-05,0.006256103515625,0.1549072265625,0.4119415283203125,1.2384074853411833,0.889964743786147,0.6248293829371359,0.9536448137926478
1.0,0.99609375,0.0,1.0,1.0,0.7915702273958504,3.1846979912279836,0.0,0.0,0.0,0.0,0.0,0.0,41.84391784667969,58.72023391723633,15.0604248046875,28.767423629760742,237.2912139892578,12.864721298217773,0.76812744140625,0.0451202392578125,0.000274658203125,7.62939453125e-05,0.000457763671875,0.0027618408203125,0.0153656005859375,0.167816162109375,1.6314659005300012,0.8564832901736311,0.6098361204844955,0.9681167723304437
1.0,0.99609375,0.0,1.0,1.0,0.7915702273958504,3.1846979912279836,0.0,0.0,0.0,0.0,0.0,0.0,17.641510009765625,25.988327026367188,17.875228881835938,30.72327423095703,235.82989501953125,7.972306251525879,0.9396209716796875,0.032318115234375,4.57763671875e-05,0.0,6.103515625e-05,6.103515625e-05,0.0015106201171875,0.0263824462890625,0.9664532018571597,0.8535201465243148,0.5878574978392107,0.969528833878122
1.0,0.99609375,0.0,1.0,1.0,0.7915702273958504,3.1846979912279836,0.0,0.0,0.0,0.0,0.0,0.0,21.177886962890625,39.04499435424805,17.469894409179688,28.146453857421875,234.67953491210938,9.686904907226562,0.919952392578125,0.016326904296875,0.0,0.0,7.62939453125e-05,0.0001983642578125,0.002655029296875,0.060791015625,0.7615831672197962,0.8795763654558917,0.4986337131222709,0.9766051931456362
1.0,0.99609375,0.0,1.0,1.0,0.7915702273958504,3.1846979912279836,0.0,0.0,0.0,0.0,0.0,0.0,66.25076293945312,75.63444519042969,18.569046020507812,29.672348022460938,232.3829803466797,8.625115394592285,0.637908935546875,0.001800537109375,0.0,0.0,3.0517578125e-05,0.0006561279296875,0.0711822509765625,0.288421630859375,0.6395151914611307,0.8629512402166,0.5456197543975521,0.9803467189156416
1.0,0.99609375,0.0,1.0,1.0,0.7915702273958504,3.1846979912279836,0.0,0.0,0.0,0.0,0.0,0.0,65.46635437011719,69.28337097167969,8.307540893554688,22.93123435974121,234.05287170410156,13.735701560974121,0.5399627685546875,0.0746917724609375,0.007049560546875,0.0071868896484375,0.0112152099609375,0.0434112548828125,0.0886077880859375,0.227874755859375,1.074665366242984,0.9038785837674019,0.7293874873298671,0.9759407152494968
1.0,0.99609375,0.0,1.0,1.0,0.7915702273958504,3.1846979912279836,0.0,0.0,0.0,0.0,0.0,0.0,69.98127746582031,68.1370849609375,11.470062255859375,30.765796661376953,235.2687530517578,9.289864540100098,0.4949951171875,0.0418548583984375,0.010711669921875,0.0144500732421875,0.028076171875,0.1219940185546875,0.098541259765625,0.1893768310546875,0.8485415454421834,0.9030949558872161,0.7091824369337077,0.9768496233122352
1.0,0.99609375,0.0,1.0,1.0,0.7915702273958504,3.1846979912279836,0.0,0.0,0.0,0.0,0.0,0.0,71.21136474609375,69.54351043701172,9.095779418945312,24.507062911987305,231.14483642578125,12.569921493530273,0.503173828125,0.0687713623046875,0.0071258544921875,0.0054779052734375,0.012786865234375,0.06378173828125,0.101409912109375,0.2374725341796875,0.7952885905746936,0.8729027309806847,0.5597146988320727,0.9806175121943693
1.0,0.99609375,0.0,1.0,1.0,0.7915702273958504,3.1846979912279836,0.0,0.0,0.0,0.0,0.0,0.0,73.96774291992188,71.26914978027344,6.8986663818359375,18.273229598999023,235.59432983398438,8.882763862609863,0.497100830078125,0.068634033203125,0.005767822265625,0.0047454833984375,0.0073699951171875,0.0381927490234375,0.1009979248046875,0.277191162109375,0.38776816430408323,0.9399940273245788,0.7905369387882382,0.9815054139563941
1.0,0.99609375,0.0,1.0,1.0,0.7915702273958504,3.1846979912279836,0.0,0.0,0.0,0.0,0.0,0.0,84.47767639160156,67.00059509277344,16.712127685546875,34.74038314819336,229.7644500732422,10.632617950439453,0.4222259521484375,0.022552490234375,0.00543212890625,0.004302978515625,0.0247802734375,0.1443634033203125,0.178680419921875,0.197662353515625,0.8175409689504951,0.8801728219974047,0.6652041209874127,0.9818537860598582
1.0,0.99609375,0.0,1.0,1.0,0.7915702273958504,3.1846979912279836,0.0,0.0,0.0,0.0,0.0,0.0,65.21516418457031,68.45018768310547,10.225860595703125,27.148279190063477,232.91134643554688,15.506011009216309,0.531585693359375,0.1015777587890625,0.0067596435546875,0.0044097900390625,0.0070953369140625,0.0303802490234375,0.0854034423828125,0.2327880859375,1.9068684574334693,0.8805250566057233,0.636235988783567,0.9666639272501615
1.0,0.99609375,0.0,1.0,1.0,0.7915702273958504,3.1846979912279836,0.0,0.0,0.0,0.0,0.0,0.0,75.9368896484375,71.97608184814453,11.03399658203125,27.969768524169922,233.6412811279297,11.86150074005127,0.5012664794921875,0.046966552734375,0.004547119140625,0.003814697265625,0.0076751708984375,0.0489654541015625,0.0962371826171875,0.29052734375,1.2185117929470792,0.8807840728730959,0.621223279239328,0.9707594758104136
1.0,0.99609375,0.0,1.0,1.0,0.7915702273958504,3.1846979912279836,0.0,0.0,0.0,0.0,0.0,0.0,74.507568359375,73.04723358154297,8.87542724609375,24.78525733947754,233.86241149902344,10.166637420654297,0.5266876220703125,0.058624267578125,0.0023040771484375,0.001220703125,0.00262451171875,0.0096588134765625,0.065185546875,0.3336944580078125,0.7794260865360281,0.8772514859615873,0.5275706592576246,0.9766133620123479
1.0,0.99609375,0.0,1.0,1.0,0.7915702273958504,3.1846979912279836,0.0,0.0,0.0,0.0,0.0,0.0,67.90574645996094,70.8551254272461,12.878311157226562,29.59787940979004,230.07545471191406,10.737384796142578,0.5702362060546875,0.0574493408203125,0.0030517578125,0.001861572265625,0.002960205078125,0.0141448974609375,0.0676727294921875,0.282623291015625,0.9299265987283769,0.838457284310155,0.4784958739798003,0.9763837067961887
1.0,0.99609375,0.0,1.0,1.0,0.7915702273958504,3.1846979912279836,0.0,0.0,0.0,0.0,0.0,0.0,52.49867248535156,63.443702697753906,12.989151000976562,28.356279373168945,233.19296264648438,9.27890396118164,0.6451568603515625,0.091583251953125,0.004608154296875,0.002166748046875,0.0034942626953125,0.01214599609375,0.048736572265625,0.192108154296875,0.7735285148827288,0.8480266949346691,0.512786542142209,0.9773044394227197
1.0,0.99609375,0.0,1.0,1.0,0.7915702273958504,3.1846979912279836,0.0,0.0,0.0,0.0,0.0,0.0,54.63435363769531,66.45904541015625,14.017593383789062,34.591007232666016,233.548583984375,12.600617408752441,0.6642913818359375,0.0639495849609375,0.000823974609375,0.0003204345703125,0.0007171630859375,0.00311279296875,0.0346832275390625,0.2321014404296875,1.1945840173597295,0.8699962539524907,0.6190728074325018,0.9800962539186489
1.0,0.99609375,0.0,1.0,1.0,0.7915702273958504,3.1846979912279836,0.0,0.0,0.0,0.0,0.0,0.0,89.81585693359375,58.10844039916992,15.939788818359375,31.077167510986328,216.77578735351562,18.046873092651367,0.3320465087890625,0.0258331298828125,0.003692626953125,0.0038299560546875,0.062957763671875,0.291717529296875,0.1949920654296875,0.084930419921875,1.0168653093000128,0.8789129178845217,0.5267570677497082,0.9862406331903426
1.0,0.99609375,0.0,1.0,1.0,0.7915702273958504,3.1846979912279836,0.0,0.0,0.0,0.0,0.0,0.0,99.77928161621094,53.39075469970703,13.522293090820312,26.233503341674805,215.9041748046875,16.251291275024414,0.2549285888671875,0.0160675048828125,0.002532958984375,0.0027618408203125,0.0596771240234375,0.3432464599609375,0.2521820068359375,0.068603515625,0.5837295654509153,0.8999528961216815,0.6811546745191971,0.9895401089626747
1.0,0.99609375,0.0,1.0,1.0,0.7915702273958504,3.1846979912279836,0.0,0.0,0.0,0.0,0.0,0.0,78.59320068359375,63.328182220458984,10.775131225585938,20.99759292602539,222.33206176757812,11.305597305297852,0.3845977783203125,0.0847625732421875,0.009307861328125,0.0072021484375,0.0482330322265625,0.1839447021484375,0.1455535888671875,0.1363983154296875,1.8934727269222151,0.8348953455086787,0.37790230898142074,0.9347763812088998
1.0,0.99609375,0.0,1.0,1.0,0.7915702273958504,3.1846979912279836,0.0,0.0,0.0,0.0,0.0,0.0,80.88166809082031,61.55881118774414,16.775527954101562,29.31424903869629,216.37545776367188,14.647544860839844,0.401611328125,0.044036865234375,0.0083770751953125,0.0052337646484375,0.047821044921875,0.2156829833984375,0.1711578369140625,0.1060791015625,1.3383045180454918,0.8344536360948879,0.3845311063965352,0.9743659228013953
1.0,0.99609375,0.0,1.0,1.0,0.7915702273958504,3.1846979912279836,0.0,0.0,0.0,0.0,0.0,0.0,66.30101013183594,62.80792999267578,12.645736694335938,25.460384368896484,220.78854370117188,11.421490669250488,0.4856109619140625,0.0771484375,0.0158538818359375,0.0134735107421875,0.04779052734375,0.125732421875,0.1109619140625,0.1234283447265625,1.9586442315526869,0.8140902055454395,0.4046158905945128,0.9408645067465398
1.0,0.99609375,0.0,1.0,1.0,0.7915702273958504,3.1846979912279836,0.0,0.0,0.0,0.0,0.0,0.0,79.8702392578125,62.36772155761719,9.042953491210938,23.502769470214844,219.47621154785156,11.145543098449707,0.3691558837890625,0.054901123046875,0.0180511474609375,0.0169830322265625,0.064483642578125,0.2157745361328125,0.146270751953125,0.1143798828125,1.1769728878850776,0.863518047732388,0.4540213342011927,0.9626267169302487
1.0,0.99609375,0.0,1.0,1.0,0.7915702273958504,3.1846979912279836,0.0,0.0,0.0,0.0,0.0,0.0,71.290283203125,68.6353530883789,12.897979736328125,26.751312255859375,214.61868286132812,10.337685585021973,0.5142974853515625,0.0584259033203125,0.006378173828125,0.004180908203125,0.0126190185546875,0.057373046875,0.1378173828125,0.2089080810546875,1.6591827448391805,0.8612748511991579,0.4114040803144185,0.9457434757520728
1.0,0.99609375,0.0,1.0,1.0,0.7915702273958504,3.1846979912279836,0.0,0.0,0.0,0.0,0.0,0.0,71.04634094238281,67.69721984863281,10.733932495117188,23.219646453857422,214.37063598632812,16.318622589111328,0.4689178466796875,0.096343994140625,0.011810302734375,0.0073699951171875,0.0190277099609375,0.0691375732421875,0.12890625,0.198486328125,1.9047970451842837,0.8252849590416609,0.44982078203109177,0.9638680360191568
1.0,0.99609375,0.0,1.0,1.0,0.7915702273958504,3.1846979912279836,0.0,0.0,0.0,0.0,0.0,0.0,66.58502197265625,65.44153594970703,12.318130493164062,25.065780639648438,218.8295440673828,10.06666374206543,0.506561279296875,0.084442138671875,0.0114593505859375,0.006622314453125,0.0221710205078125,0.08331298828125,0.1259307861328125,0.1595001220703125,1.2284031321181863,0.848734785602179,0.5288334801585031,0.9576025214024153
1.0,0.99609375,0.0,1.0,1.0,0.7915702273958504,3.1846979912279836,0.0,0.0,0.0,0.0,0.0,0.0,77.90057373046875,69.26580810546875,10.493316650390625,22.325176239013672,218.1862030029297,11.249181747436523,0.4475250244140625,0.0760650634765625,0.0062255859375,0.0034942626953125,0.014068603515625,0.0682373046875,0.158843994140625,0.2255401611328125,1.86304021271654,0.8686722479469242,0.6220585678579669,0.9372902938779144
1.0,0.99609375,0.0,1.0,1.0,0.7915702273958504,3.1846979912279836,0.0,0.0,0.0,0.0,0.0,0.0,80.65367126464844,71.6229248046875,10.0179443359375,23.44208335876465,215.1245574951172,12.522995948791504,0.461334228515625,0.0555877685546875,0.0044708251953125,0.0022735595703125,0.00811767578125,0.041656494140625,0.152587890625,0.2739715576171875,1.08540306336358,0.8619043885862467,0.5795832401334806,0.969612878309078
1.0,0.99609375,0.0,1.0,1.0,0.7915702273958504,3.1846979912279836,0.0,0.0,0.0,0.0,0.0,0.0,82.62872314453125,72.37568664550781,11.119903564453125,23.904996871948242,212.32171630859375,13.385993957519531,0.4635772705078125,0.049468994140625,0.00299072265625,0.0015106201171875,0.0042724609375,0.032012939453125,0.1391754150390625,0.3069915771484375,1.8592763116034636,0.8712222951837079,0.47597894024439574,0.9533917713706468
1.0,0.99609375,0.0,1.0,1.0,0.7915702273958504,3.1846979912279836,0.0,0.0,0.0,0.0,0.0,0.0,90.53903198242188,60.69756317138672,12.976608276367188,21.750064849853516,212.88714599609375,17.693758010864258,0.3400115966796875,0.0324554443359375,0.005279541015625,0.0043182373046875,0.0439300537109375,0.227813720703125,0.2299041748046875,0.1162872314453125,0.598470677569452,0.8696073169830236,0.5688536135921861,0.9898940733181907
1.0,0.99609375,0.0,1.0,1.0,0.7915702273958504,3.1846979912279836,0.0,0.0,0.0,0.0,0.0,0.0,80.04556274414062,61.13517761230469,10.22979736328125,18.837656021118164,225.7245330810547,9.16018009185791,0.3643951416015625,0.0731201171875,0.0102386474609375,0.0086822509765625,0.0555572509765625,0.239044189453125,0.145416259765625,0.103546142578125,0.4846580367273424,0.8774519427514385,0.5739567899782747,0.9765261618224206
1.0,0.99609375,0.0,1.0,1.0,0.7915702273958504,3.1846979912279836,0.0,0.0,0.0,0.0,0.0,0.0,68.31501770019531,62.88657760620117,13.711013793945312,26.624914169311523,225.831787109375,9.764230728149414,0.4788665771484375,0.06103515625,0.015716552734375,0.0139923095703125,0.054718017578125,0.144287109375,0.1062774658203125,0.1251068115234375,0.8353335796481212,0.8632658770139249,0.638435279734744,0.9737960500164259
1.0,0.99609375,0.0,1.0,1.0,0.7915702273958504,3.1846979912279836,0.0,0.0,0.0,0.0,0.0,0.0,59.94999694824219,61.19899368286133,21.662841796875,32.84878921508789,215.27752685546875,13.968557357788086,0.5547332763671875,0.082672119140625,0.007659912109375,0.0059356689453125,0.027130126953125,0.1031951904296875,0.1110687255859375,0.10760498046875,2.677525805850965,0.7726976313759449,0.30252327354209596,0.948242188669425
1.0,0.99609375,0.0,1.0,1.0,0.7915702273958504,3.1846979912279836,0.0,0.0,0.0,0.0,0.0,0.0,72.70565795898438,61.30083084106445,8.055465698242188,18.36020278930664,221.99505615234375,10.896744728088379,0.40106201171875,0.067901611328125,0.0236053466796875,0.02410888671875,0.0742340087890625,0.197723388671875,0.1138763427734375,0.0974884033203125,0.4229540489162041,0.8868232601210853,0.46406275973973177,0.9839827475983203
1.0,0.99609375,0.0,1.0,1.0,0.7915702273958504,3.1846979912279836,0.0,0.0,0.0,0.0,0.0,0.0,66.29920959472656,68.02214813232422,12.520782470703125,25.16097068786621,217.91822814941406,7.584652900695801,0.536407470703125,0.07568359375,0.0085601806640625,0.0054168701171875,0.0142822265625,0.0434722900390625,0.107452392578125,0.2087249755859375,0.5100072846157852,0.8569137150473405,0.4048221117328687,0.9780058797226345
1.0,0.99609375,0.0,1.0,1.0,0.7915702273958504,3.1846979912279836,0.0,0.0,0.0,0.0,0.0,0.0,62.15074157714844,65.59119415283203,11.845352172851562,24.162813186645508,219.2079315185547,13.847497940063477,0.519195556640625,0.124053955078125,0.0132293701171875,0.0060577392578125,0.01318359375,0.04437255859375,0.0959930419921875,0.1839141845703125,0.7655527463571445,0.8667181061116493,0.47738914898439855,0.982055885269856
1.0,0.99609375,0.0,1.0,1.0,0.7915702273958504,3.1846979912279836,0.0,0.0,0.0,0.0,0.0,0.0,66.66522216796875,66.08625030517578,12.580352783203125,23.355066299438477,220.52389526367188,8.794092178344727,0.514373779296875,0.0905303955078125,0.00848388671875,0.0055389404296875,0.0167083740234375,0.066741943359375,0.1188201904296875,0.178802490234375,0.7881745307104382,0.8664471638194711,0.44958860289188507,0.9659020797069613
1.0,0.99609375,0.0,1.0,1.0,0.7915702273958504,3.1846979912279836,0.0,0.0,0.0,0.0,0.0,0.0,75.83320617675781,69.29885864257812,10.614105224609375,20.2856388092041,218.02102661132812,11.334202766418457,0.4657135009765625,0.0821075439453125,0.0057830810546875,0.0029449462890625,0.0114898681640625,0.0544891357421875,0.1446685791015625,0.2328033447265625,0.5974051581945495,0.8898497240687684,0.6499710979802825,0.9792371026723219
1.0,0.99609375,0.0,1.0,1.0,0.7915702273958504,3.1846979912279836,0.0,0.0,0.0,0.0,0.0,0.0,63.371612548828125,68.83821105957031,9.537521362304688,19.435821533203125,216.77685546875,12.551161766052246,0.56854248046875,0.08685302734375,0.0048828125,0.00152587890625,0.0043487548828125,0.01702880859375,0.0810546875,0.2357635498046875,0.5865096911860808,0.8660287741993676,0.49424905834881755,0.9822100721809435
1.0,0.99609375,0.0,1.0,1.0,0.7915702273958504,3.1846979912279836,0.0,0.0,0.0,0.0,0.0,0.0,77.09449768066406,72.74578094482422,10.889602661132812,20.302764892578125,212.4442596435547,12.653614044189453,0.5042266845703125,0.056610107421875,0.0024566650390625,0.001190185546875,0.003387451171875,0.018646240234375,0.107574462890625,0.305908203125,0.6941571827676294,0.8662811518363835,0.4510401437966627,0.9792874428282521
1.0,0.99609375,0.0,1.0,1.0,0.7915702273958504,3.1846979912279836,0.0,0.0,0.0,0.0,0.0,0.0,72.93890380859375,63.883750915527344,19.1776123046875,30.519868850708008,212.431396484375,12.465837478637695,0.473297119140625,0.061767578125,0.0054931640625,0.0037841796875,0.0298614501953125,0.134429931640625,0.162109375,0.1292572021484375,1.1036730690515526,0.7867044251259383,0.35000947501840973,0.9754163024577507
1.0,0.99609375,0.0,1.0,1.0,0.7915702273958504,3.1846979912279836,0.0,0.0,0.0,0.0,0.0,0.0,89.18963623046875,61.69763946533203,9.74298095703125,23.433788299560547,223.01380920410156,9.518352508544922,0.3359527587890625,0.0346832275390625,0.0084228515625,0.006500244140625,0.05584716796875,0.2332763671875,0.1972503662109375,0.1280670166015625,0.6435164164556523,0.8493266178183899,0.5204145164458703,0.9755046650131034
1.0,0.99609375,0.0,1.0,1.0,0.7915702273958504,3.1846979912279836,0.0,0.0,0.0,0.0,0.0,0.0,88.01553344726562,61.02675247192383,8.657516479492188,22.086606979370117,218.3610076904297,18.50699234008789,0.31524658203125,0.0435791015625,0.014739990234375,0.0119171142578125,0.0799560546875,0.24322509765625,0.1693115234375,0.1220245361328125,1.52573479489409,0.8378184907880477,0.48617044586826974,0.9760183620824898
1.0,0.99609375,0.0,1.0,1.0,0.7915702273958504,3.1846979912279836,0.0,0.0,0.0,0.0,0.0,0.0,71.45387268066406,67.59225463867188,11.639755249023438,24.20006561279297,217.59193420410156,12.467867851257324,0.4833984375,0.0752716064453125,0.01043701171875,0.0060882568359375,0.0214080810546875,0.075958251953125,0.1373138427734375,0.19012451171875,2.208107000351897,0.8317076905992953,0.4300043149185545,0.9392708953617437
1.0,0.99609375,0.0,1.0,1.0,0.7915702273958504,3.1846979912279836,0.0,0.0,0.0,0.0,0.0,0.0,51.47679138183594,57.96049118041992,21.955352783203125,31.657167434692383,215.75863647460938,11.768181800842285,0.6046905517578125,0.1103515625,0.010284423828125,0.00543212890625,0.019195556640625,0.0643768310546875,0.084320068359375,0.101348876953125,2.3170450990468368,0.7894050812877242,0.3551262246629939,0.9446116938790707
1.0,0.99609375,0.0,1.0,1.0,0.7915702273958504,3.1846979912279836,0.0,0.0,0.0,0.0,0.0,0.0,83.56208801269531,68.3138198852539,6.742156982421875,17.217927932739258,220.58786010742188,9.492182731628418,0.388336181640625,0.0679473876953125,0.010772705078125,0.0067291259765625,0.0272216796875,0.1089935302734375,0.1740570068359375,0.2159423828125,0.9413319602636887,0.8547224963193412,0.5092725072876303,0.9544560779407318
1.0,0.99609375,0.0,1.0,1.0,0.7915702273958504,3.1846979912279836,0.0,0.0,0.0,0.0,0.0,0.0,69.4022216796875,68.82566833496094,13.783935546875,27.405414581298828,215.31239318847656,12.691126823425293,0.5314178466796875,0.05987548828125,0.0064849853515625,0.0034027099609375,0.0104217529296875,0.0463104248046875,0.1332244873046875,0.2088623046875,1.0413137824400485,0.8309900709585275,0.4104432031553551,0.9751182497338027
1.0,0.99609375,0.0,1.0,1.0,0.7915702273958504,3.1846979912279836,0.0,0.0,0.0,0.0,0.0,0.0,68.5968017578125,69.77203369140625,14.634231567382812,28.25980567932129,212.98692321777344,13.141101837158203,0.540283203125,0.0707550048828125,0.0030975341796875,0.0012969970703125,0.005279541015625,0.02777099609375,0.12213134765625,0.2293853759765625,2.1433347578018465,0.8263524501143413,0.3631189916002633,0.9494993122760784
1.0,0.99609375,0.0,1.0,1.0,0.7915702273958504,3.1846979912279836,0.0,0.0,0.0,0.0,0.0,0.0,73.24488830566406,69.56727600097656,14.917678833007812,28.110065460205078,213.23353576660156,10.733772277832031,0.5108795166015625,0.0593109130859375,0.00531005859375,0.0025177001953125,0.009124755859375,0.0420989990234375,0.1425628662109375,0.2281951904296875,0.7883359562276069,0.8244392122874905,0.43375150632314197,0.9773091719634144
1.0,0.99609375,0.0,1.0,1.0,0.7915702273958504,3.1846979912279836,0.0,0.0,0.0,0.0,0.0,0.0,72.21170043945312,68.80966186523438,13.737808227539062,26.847394943237305,214.2303009033203,13.194690704345703,0.5025482177734375,0.0648956298828125,0.0078125,0.0049285888671875,0.0149078369140625,0.0562896728515625,0.12896728515625,0.2196502685546875,0.7838476178125318,0.823267737575939,0.4526050315133241,0.9817631057043414
1.0,0.99609375,0.0,1.0,1.0,0.7915702273958504,3.1846979912279836,0.0,0.0,0.0,0.0,0.0,0.0,77.67451477050781,66.39806365966797,6.2755126953125,14.542566299438477,220.05569458007812,9.632665634155273,0.39825439453125,0.0797271728515625,0.0177764892578125,0.012451171875,0.042999267578125,0.122833251953125,0.1556243896484375,0.1703338623046875,0.46181505977702236,0.8677086862245822,0.5199674747300693,0.9759458854458033
1.0,0.99609375,0.0,1.0,1.0,0.7915702273958504,3.1846979912279836,0.0,0.0,0.0,0.0,0.0,0.0,61.80964660644531,63.36701202392578,19.536849975585938,27.67992401123047,214.34503173828125,8.633353233337402,0.566741943359375,0.0734405517578125,0.0070953369140625,0.004364013671875,0.016265869140625,0.074798583984375,0.1153411865234375,0.1419525146484375,0.7270085460482953,0.8103539316499111,0.3786035146710806,0.9709375379781178
1.0,0.99609375,0.0,1.0,1.0,0.7915702273958504,3.1846979912279836,0.0,0.0,0.0,0.0,0.0,0.0,71.52040100097656,65.87835693359375,10.561904907226562,21.06053352355957,219.33189392089844,9.549561500549316,0.4478607177734375,0.095489501953125,0.015289306640625,0.0096435546875,0.0311279296875,0.0965423583984375,0.138916015625,0.165130615234375,0.6742372514937434,0.8475443634206855,0.4610059906380962,0.9720049863672693
1.0,0.99609375,0.0,1.0,1.0,0.7915702273958504,3.1846979912279836,0.0,0.0,0.0,0.0,0.0,0.0,78.05302429199219,62.56565475463867,8.205001831054688,19.120141983032227,219.06503295898438,17.153308868408203,0.3705291748046875,0.0668792724609375,0.022552490234375,0.019378662109375,0.073089599609375,0.1904144287109375,0.13641357421875,0.1207427978515625,0.764007388084887,0.8535965876592893,0.5092086457227613,0.9856721521212224
1.0,0.99609375,0.0,1.0,1.0,0.7915702273958504,3.1846979912279836,0.0,0.0,0.0,0.0,0.0,0.0,85.01048278808594,61.034149169921875,8.62530517578125,19.53411865234375,223.09844970703125,10.271307945251465,0.3398590087890625,0.0445098876953125,0.015533447265625,0.0132904052734375,0.0687103271484375,0.24456787109375,0.160919189453125,0.11260986328125,0.4818005233720719,0.8566563076634686,0.5140982914451296,0.9813828095670425
1.0,0.99609375,0.0,1.0,1.0,0.7915702273958504,3.1846979912279836,0.0,0.0,0.0,0.0,0.0,0.0,78.25518798828125,60.714393615722656,15.207427978515625,28.239885330200195,215.62203979492188,17.823436737060547,0.402130126953125,0.0543670654296875,0.0096588134765625,0.0066375732421875,0.062103271484375,0.220123291015625,0.1519775390625,0.0930023193359375,0.9902245956862219,0.8379434067736998,0.42404622209422943,0.985428018985094
1.0,0.99609375,0.0,1.0,1.0,0.7915702273958504,3.1846979912279836,0.0,0.0,0.0,0.0,0.0,0.0,98.321533203125,54.94611740112305,14.825775146484375,27.90572738647461,213.8192596435547,20.377403259277344,0.26177978515625,0.029510498046875,0.0039825439453125,0.0028839111328125,0.05487060546875,0.318206787109375,0.249908447265625,0.078857421875,1.3630115150983473,0.8256871227506675,0.3914953051088963,0.9832186588510546
1.0,0.99609375,0.0,1.0,1.0,0.7915702273958504,3.1846979912279836,0.0,0.0,0.0,0.0,0.0,0.0,78.07997131347656,63.051876068115234,19.437515258789062,35.74968719482422,212.91265869140625,19.55986213684082,0.4291839599609375,0.0498504638671875,0.006683349609375,0.004608154296875,0.03802490234375,0.184112548828125,0.166259765625,0.12127685546875,1.8523181591034183,0.8101048730569391,0.37335911651316694,0.979156103314132
1.0,0.99609375,0.0,1.0,1.0,0.7915702273958504,3.1846979912279836,0.0,0.0,0.0,0.0,0.0,0.0,65.1953125,63.280426025390625,23.27593994140625,34.671390533447266,207.87754821777344,22.03256607055664,0.541107177734375,0.0665435791015625,0.00689697265625,0.0042572021484375,0.020538330078125,0.095733642578125,0.1362762451171875,0.1286468505859375,1.5866480349976773,0.804911611153099,0.3667942973623116,0.9841793692940479
1.0,0.99609375,0.0,1.0,1.0,0.7915702273958504,3.1846979912279836,0.0,0.0,0.0,0.0,0.0,0.0,61.42613220214844,64.35482025146484,23.867431640625,37.23731231689453,204.55482482910156,25.927507400512695,0.5736541748046875,0.0699462890625,0.0067901611328125,0.00335693359375,0.0143585205078125,0.0654144287109375,0.1177978515625,0.148681640625,2.531807962483331,0.7911003317394533,0.3460675459797472,0.9807679365038233
1.0,0.99609375,0.0,1.0,1.0,0.7915702273958504,3.1846979912279836,0.0,0.0,0.0,0.0,0.0,0.0,85.41838073730469,61.33481216430664,13.183197021484375,25.4819278717041,213.91693115234375,15.254939079284668,0.357513427734375,0.0435943603515625,0.0099945068359375,0.0079193115234375,0.054962158203125,0.2277069091796875,0.184783935546875,0.113525390625,1.0387578872992773,0.8175804211559071,0.4905525750900301,0.9797847637059509
1.0,0.99609375,0.0,1.0,1.0,0.7915702273958504,3.1846979912279836,0.0,0.0,0.0,0.0,0.0,0.0,102.57647705078125,55.01307678222656,11.701583862304688,20.95100975036621,210.95925903320312,20.08063507080078,0.235748291015625,0.0352325439453125,0.002532958984375,0.0017547607421875,0.040679931640625,0.2868194580078125,0.3013916015625,0.0958404541015625,0.68142191314971,0.8648698580511381,0.46777240657544394,0.9901951373149533
1.0,0.99609375,0.0,1.0,1.0,0.7915702273958504,3.1846979912279836,0.0,0.0,0.0,0.0,0.0,0.0,76.00762939453125,64.38905334472656,17.32244873046875,29.95915985107422,210.33514404296875,18.341964721679688,0.4559478759765625,0.0447235107421875,0.0073394775390625,0.0074920654296875,0.037841796875,0.1496124267578125,0.155792236328125,0.1412506103515625,0.9007425425056608,0.8135624761826143,0.391480055754828,0.9877036767040561
1.0,0.99609375,0.0,1.0,1.0,0.7915702273958504,3.1846979912279836,0.0,0.0,0.0,0.0,0.0,0.0,68.98875427246094,65.40966033935547,20.238128662109375,31.788251876831055,207.52561950683594,19.23542594909668,0.5169677734375,0.0626678466796875,0.008453369140625,0.006011962890625,0.0206298828125,0.0857086181640625,0.137908935546875,0.161651611328125,1.1255718776155,0.7854477178443847,0.36855910967140704,0.9857760482193937
1.0,0.99609375,0.0,1.0,1.0,0.7915702273958504,3.1846979912279836,0.0,0.0,0.0,0.0,0.0,0.0,70.16448974609375,67.75686645507812,21.53936767578125,34.31025695800781,205.27536010742188,21.134241104125977,0.5301513671875,0.0589752197265625,0.00390625,0.002838134765625,0.00994873046875,0.0577392578125,0.1383819580078125,0.19805908203125,1.3182569097163501,0.8230042481447135,0.4861475366787287,0.9857138192684827
1.0,0.99609375,0.0,1.0,1.0,0.7915702273958504,3.1846979912279836,0.0,0.0,0.0,0.0,0.0,0.0,89.81585693359375,58.10844039916992,15.939788818359375,31.077167510986328,216.77578735351562,18.046873092651367,0.3320465087890625,0.0258331298828125,0.003692626953125,0.0038299560546875,0.062957763671875,0.291717529296875,0.1949920654296875,0.084930419921875,1.0168653093000128,0.8789129178845217,0.5267570677497082,0.9862406331903426
1.0,0.99609375,0.0,1.0,1.0,0.7915702273958504,3.1846979912279836,0.0,0.0,0.0,0.0,0.0,0.0,99.77928161621094,53.39075469970703,13.522293090820312,26.233503341674805,215.9041748046875,16.251291275024414,0.2549285888671875,0.0160675048828125,0.002532958984375,0.0027618408203125,0.0596771240234375,0.3432464599609375,0.2521820068359375,0.068603515625,0.5837295654509153,0.8999528961216815,0.6811546745191971,0.9895401089626747
1.0,0.99609375,0.0,1.0,1.0,0.7915702273958504,3.1846979912279836,0.0,0.0,0.0,0.0,0.0,0.0,78.59320068359375,63.328182220458984,10.775131225585938,20.99759292602539,222.33206176757812,11.305597305297852,0.3845977783203125,0.0847625732421875,0.009307861328125,0.0072021484375,0.0482330322265625,0.1839447021484375,0.1455535888671875,0.1363983154296875,1.8934727269222151,0.8348953455086787,0.37790230898142074,0.9347763812088998
1.0,0.99609375,0.0,1.0,1.0,0.7915702273958504,3.1846979912279836,0.0,0.0,0.0,0.0,0.0,0.0,80.88166809082031,61.55881118774414,16.775527954101562,29.31424903869629,216.37545776367188,14.647544860839844,0.401611328125,0.044036865234375,0.0083770751953125,0.0052337646484375,0.047821044921875,0.2156829833984375,0.1711578369140625,0.1060791015625,1.3383045180454918,0.8344536360948879,0.3845311063965352,0.9743659228013953
1.0,0.99609375,0.0,1.0,1.0,0.7915702273958504,3.1846979912279836,0.0,0.0,0.0,0.0,0.0,0.0,66.30101013183594,62.80792999267578,12.645736694335938,25.460384368896484,220.78854370117188,11.421490669250488,0.4856109619140625,0.0771484375,0.0158538818359375,0.0134735107421875,0.04779052734375,0.125732421875,0.1109619140625,0.1234283447265625,1.9586442315526869,0.8140902055454395,0.4046158905945128,0.9408645067465398
1.0,0.99609375,0.0,1.0,1.0,0.7915702273958504,3.1846979912279836,0.0,0.0,0.0,0.0,0.0,0.0,79.8702392578125,62.36772155761719,9.042953491210938,23.502769470214844,219.47621154785156,11.145543098449707,0.3691558837890625,0.054901123046875,0.0180511474609375,0.0169830322265625,0.064483642578125,0.2157745361328125,0.146270751953125,0.1143798828125,1.1769728878850776,0.863518047732388,0.4540213342011927,0.9626267169302487
1.0,0.99609375,0.0,1.0,1.0,0.7915702273958504,3.1846979912279836,0.0,0.0,0.0,0.0,0.0,0.0,71.290283203125,68.6353530883789,12.897979736328125,26.751312255859375,214.61868286132812,10.337685585021973,0.5142974853515625,0.0584259033203125,0.006378173828125,0.004180908203125,0.0126190185546875,0.057373046875,0.1378173828125,0.2089080810546875,1.6591827448391805,0.8612748511991579,0.4114040803144185,0.9457434757520728
1.0,0.99609375,0.0,1.0,1.0,0.7915702273958504,3.1846979912279836,0.0,0.0,0.0,0.0,0.0,0.0,71.04634094238281,67.69721984863281,10.733932495117188,23.219646453857422,214.37063598632812,16.318622589111328,0.4689178466796875,0.096343994140625,0.011810302734375,0.0073699951171875,0.0190277099609375,0.0691375732421875,0.12890625,0.198486328125,1.9047970451842837,0.8252849590416609,0.44982078203109177,0.9638680360191568
1.0,0.99609375,0.0,1.0,1.0,0.7915702273958504,3.1846979912279836,0.0,0.0,0.0,0.0,0.0,0.0,66.58502197265625,65.44153594970703,12.318130493164062,25.065780639648438,218.8295440673828,10.06666374206543,0.506561279296875,0.084442138671875,0.0114593505859375,0.006622314453125,0.0221710205078125,0.08331298828125,0.1259307861328125,0.1595001220703125,1.2284031321181863,0.848734785602179,0.5288334801585031,0.9576025214024153
1.0,0.99609375,0.0,1.0,1.0,0.7915702273958504,3.1846979912279836,0.0,0.0,0.0,0.0,0.0,0.0,77.90057373046875,69.26580810546875,10.493316650390625,22.325176239013672,218.1862030029297,11.249181747436523,0.4475250244140625,0.0760650634765625,0.0062255859375,0.0034942626953125,0.014068603515625,0.0682373046875,0.158843994140625,0.2255401611328125,1.86304021271654,0.8686722479469242,0.6220585678579669,0.9372902938779144
1.0,0.99609375,0.0,1.0,1.0,0.7915702273958504,3.1846979912279836,0.0,0.0,0.0,0.0,0.0,0.0,80.65367126464844,71.6229248046875,10.0179443359375,23.44208335876465,215.1245574951172,12.522995948791504,0.461334228515625,0.0555877685546875,0.0044708251953125,0.0022735595703125,0.00811767578125,0.041656494140625,0.152587890625,0.2739715576171875,1.08540306336358,0.8619043885862467,0.5795832401334806,0.969612878309078
1.0,0.99609375,0.0,1.0,1.0,0.7915702273958504,3.1846979912279836,0.0,0.0,0.0,0.0,0.0,0.0,82.62872314453125,72.37568664550781,11.119903564453125,23.904996871948242,212.32171630859375,13.385993957519531,0.4635772705078125,0.049468994140625,0.00299072265625,0.0015106201171875,0.0042724609375,0.032012939453125,0.1391754150390625,0.3069915771484375,1.8592763116034636,0.8712222951837079,0.47597894024439574,0.9533917713706468
1.0,0.99609375,0.0,1.0,1.0,0.7915702273958504,3.1846979912279836,0.0,0.0,0.0,0.0,0.0,0.0,90.53903198242188,60.69756317138672,12.976608276367188,21.750064849853516,212.88714599609375,17.693758010864258,0.3400115966796875,0.0324554443359375,0.005279541015625,0.0043182373046875,0.0439300537109375,0.227813720703125,0.2299041748046875,0.1162872314453125,0.598470677569452,0.8696073169830236,0.5688536135921861,0.9898940733181907
1.0,0.99609375,0.0,1.0,1.0,0.7915702273958504,3.1846979912279836,0.0,0.0,0.0,0.0,0.0,0.0,80.04556274414062,61.13517761230469,10.22979736328125,18.837656021118164,225.7245330810547,9.16018009185791,0.3643951416015625,0.0731201171875,0.0102386474609375,0.0086822509765625,0.0555572509765625,0.239044189453125,0.145416259765625,0.103546142578125,0.4846580367273424,0.8774519427514385,0.5739567899782747,0.9765261618224206
1.0,0.99609375,0.0,1.0,1.0,0.7915702273958504,3.1846979912279836,0.0,0.0,0.0,0.0,0.0,0.0,68.31501770019531,62.88657760620117,13.711013793945312,26.624914169311523,225.831787109375,9.764230728149414,0.4788665771484375,0.06103515625,0.015716552734375,0.0139923095703125,0.054718017578125,0.144287109375,0.1062774658203125,0.1251068115234375,0.8353335796481212,0.8632658770139249,0.638435279734744,0.9737960500164259
1.0,0.99609375,0.0,1.0,1.0,0.7915702273958504,3.1846979912279836,0.0,0.0,0.0,0.0,0.0,0.0,59.94999694824219,61.19899368286133,21.662841796875,32.84878921508789,215.27752685546875,13.968557357788086,0.5547332763671875,0.082672119140625,0.007659912109375,0.0059356689453125,0.027130126953125,0.1031951904296875,0.1110687255859375,0.10760498046875,2.677525805850965,0.7726976313759449,0.30252327354209596,0.948242188669425
1.0,0.99609375,0.0,1.0,1.0,0.7915702273958504,3.1846979912279836,0.0,0.0,0.0,0.0,0.0,0.0,72.70565795898438,61.30083084106445,8.055465698242188,18.36020278930664,221.99505615234375,10.896744728088379,0.40106201171875,0.067901611328125,0.0236053466796875,0.02410888671875,0.0742340087890625,0.197723388671875,0.1138763427734375,0.0974884033203125,0.4229540489162041,0.8868232601210853,0.46406275973973177,0.9839827475983203
1.0,0.99609375,0.0,1.0,1.0,0.7915702273958504,3.1846979912279836,0.0,0.0,0.0,0.0,0.0,0.0,66.29920959472656,68.02214813232422,12.520782470703125,25.16097068786621,217.91822814941406,7.584652900695801,0.536407470703125,0.07568359375,0.0085601806640625,0.0054168701171875,0.0142822265625,0.0434722900390625,0.107452392578125,0.2087249755859375,0.5100072846157852,0.8569137150473405,0.4048221117328687,0.9780058797226345
1.0,0.99609375,0.0,1.0,1.0,0.7915702273958504,3.1846979912279836,0.0,0.0,0.0,0.0,0.0,0.0,62.15074157714844,65.59119415283203,11.845352172851562,24.162813186645508,219.2079315185547,13.847497940063477,0.519195556640625,0.124053955078125,0.0132293701171875,0.0060577392578125,0.01318359375,0.04437255859375,0.0959930419921875,0.1839141845703125,0.7655527463571445,0.8667181061116493,0.47738914898439855,0.982055885269856
1.0,0.99609375,0.0,1.0,1.0,0.7915702273958504,3.1846979912279836,0.0,0.0,0.0,0.0,0.0,0.0,66.66522216796875,66.08625030517578,12.580352783203125,23.355066299438477,220.52389526367188,8.794092178344727,0.514373779296875,0.0905303955078125,0.00848388671875,0.0055389404296875,0.0167083740234375,0.066741943359375,0.1188201904296875,0.178802490234375,0.7881745307104382,0.8664471638194711,0.44958860289188507,0.9659020797069613
1.0,0.99609375,0.0,1.0,1.0,0.7915702273958504,3.1846979912279836,0.0,0.0,0.0,0.0,0.0,0.0,75.83320617675781,69.29885864257812,10.614105224609375,20.2856388092041,218.02102661132812,11.334202766418457,0.4657135009765625,0.0821075439453125,0.0057830810546875,0.0029449462890625,0.0114898681640625,0.0544891357421875,0.1446685791015625,0.2328033447265625,0.5974051581945495,0.8898497240687684,0.6499710979802825,0.9792371026723219
1.0,0.99609375,0.0,1.0,1.0,0.7915702273958504,3.1846979912279836,0.0,0.0,0.0,0.0,0.0,0.0,63.371612548828125,68.83821105957031,9.537521362304688,19.435821533203125,216.77685546875,12.551161766052246,0.56854248046875,0.08685302734375,0.0048828125,0.00152587890625,0.0043487548828125,0.01702880859375,0.0810546875,0.2357635498046875,0.5865096911860808,0.8660287741993676,0.49424905834881755,0.9822100721809435
1.0,0.99609375,0.0,1.0,1.0,0.7915702273958504,3.1846979912279836,0.0,0.0,0.0,0.0,0.0,0.0,77.09449768066406,72.74578094482422,10.889602661132812,20.302764892578125,212.4442596435547,12.653614044189453,0.5042266845703125,0.056610107421875,0.0024566650390625,0.001190185546875,0.003387451171875,0.018646240234375,0.107574462890625,0.305908203125,0.6941571827676294,0.8662811518363835,0.4510401437966627,0.9792874428282521
1.0,0.99609375,0.0,1.0,1.0,0.7915702273958504,3.1846979912279836,0.0,0.0,0.0,0.0,0.0,0.0,72.93890380859375,63.883750915527344,19.1776123046875,30.519868850708008,212.431396484375,12.465837478637695,0.473297119140625,0.061767578125,0.0054931640625,0.0037841796875,0.0298614501953125,0.134429931640625,0.162109375,0.1292572021484375,1.1036730690515526,0.7867044251259383,0.35000947501840973,0.9754163024577507
1.0,0.99609375,0.0,1.0,1.0,0.7915702273958504,3.1846979912279836,0.0,0.0,0.0,0.0,0.0,0.0,89.18963623046875,61.69763946533203,9.74298095703125,23.433788299560547,223.01380920410156,9.518352508544922,0.3359527587890625,0.0346832275390625,0.0084228515625,0.006500244140625,0.05584716796875,0.2332763671875,0.1972503662109375,0.1280670166015625,0.6435164164556523,0.8493266178183899,0.5204145164458703,0.9755046650131034
1.0,0.99609375,0.0,1.0,1.0,0.7915702273958504,3.1846979912279836,0.0,0.0,0.0,0.0,0.0,0.0,88.01553344726562,61.02675247192383,8.657516479492188,22.086606979370117,218.3610076904297,18.50699234008789,0.31524658203125,0.0435791015625,0.014739990234375,0.0119171142578125,0.0799560546875,0.24322509765625,0.1693115234375,0.1220245361328125,1.52573479489409,0.8378184907880477,0.48617044586826974,0.9760183620824898
1.0,0.99609375,0.0,1.0,1.0,0.7915702273958504,3.1846979912279836,0.0,0.0,0.0,0.0,0.0,0.0,71.45387268066406,67.59225463867188,11.639755249023438,24.20006561279297,217.59193420410156,12.467867851257324,0.4833984375,0.0752716064453125,0.01043701171875,0.0060882568359375,0.0214080810546875,0.075958251953125,0.1373138427734375,0.19012451171875,2.208107000351897,0.8317076905992953,0.4300043149185545,0.9392708953617437
1.0,0.99609375,0.0,1.0,1.0,0.7915702273958504,3.1846979912279836,0.0,0.0,0.0,0.0,0.0,0.0,51.47679138183594,57.96049118041992,21.955352783203125,31.657167434692383,215.75863647460938,11.768181800842285,0.6046905517578125,0.1103515625,0.010284423828125,0.00543212890625,0.019195556640625,0.0643768310546875,0.084320068359375,0.101348876953125,2.3170450990468368,0.7894050812877242,0.3551262246629939,0.9446116938790707
1.0,0.99609375,0.0,1.0,1.0,0.7915702273958504,3.1846979912279836,0.0,0.0,0.0,0.0,0.0,0.0,83.56208801269531,68.3138198852539,6.742156982421875,17.217927932739258,220.58786010742188,9.492182731628418,0.388336181640625,0.0679473876953125,0.010772705078125,0.0067291259765625,0.0272216796875,0.1089935302734375,0.1740570068359375,0.2159423828125,0.9413319602636887,0.8547224963193412,0.5092725072876303,0.9544560779407318
1.0,0.99609375,0.0,1.0,1.0,0.7915702273958504,3.1846979912279836,0.0,0.0,0.0,0.0,0.0,0.0,69.4022216796875,68.82566833496094,13.783935546875,27.405414581298828,215.31239318847656,12.691126823425293,0.5314178466796875,0.05987548828125,0.0064849853515625,0.0034027099609375,0.0104217529296875,0.0463104248046875,0.1332244873046875,0.2088623046875,1.0413137824400485,0.8309900709585275,0.4104432031553551,0.9751182497338027
1.0,0.99609375,0.0,1.0,1.0,0.7915702273958504,3.1846979912279836,0.0,0.0,0.0,0.0,0.0,0.0,68.5968017578125,69.77203369140625,14.634231567382812,28.25980567932129,212.98692321777344,13.141101837158203,0.540283203125,0.0707550048828125,0.0030975341796875,0.0012969970703125,0.005279541015625,0.02777099609375,0.12213134765625,0.2293853759765625,2.1433347578018465,0.8263524501143413,0.3631189916002633,0.9494993122760784
1.0,0.99609375,0.0,1.0,1.0,0.7915702273958504,3.1846979912279836,0.0,0.0,0.0,0.0,0.0,0.0,73.24488830566406,69.56727600097656,14.917678833007812,28.110065460205078,213.23353576660156,10.733772277832031,0.5108795166015625,0.0593109130859375,0.00531005859375,0.0025177001953125,0.009124755859375,0.0420989990234375,0.1425628662109375,0.2281951904296875,0.7883359562276069,0.8244392122874905,0.43375150632314197,0.9773091719634144
1.0,0.99609375,0.0,1.0,1.0,0.7915702273958504,3.1846979912279836,0.0,0.0,0.0,0.0,0.0,0.0,72.21170043945312,68.80966186523438,13.737808227539062,26.847394943237305,214.2303009033203,13.194690704345703,0.5025482177734375,0.0648956298828125,0.0078125,0.0049285888671875,0.0149078369140625,0.0562896728515625,0.12896728515625,0.2196502685546875,0.7838476178125318,0.823267737575939,0.4526050315133241,0.9817631057043414
1.0,0.99609375,0.0,1.0,1.0,0.7915702273958504,3.1846979912279836,0.0,0.0,0.0,0.0,0.0,0.0,77.67451477050781,66.39806365966797,6.2755126953125,14.542566299438477,220.05569458007812,9.632665634155273,0.39825439453125,0.0797271728515625,0.0177764892578125,0.012451171875,0.042999267578125,0.122833251953125,0.1556243896484375,0.1703338623046875,0.46181505977702236,0.8677086862245822,0.5199674747300693,0.9759458854458033
1.0,0.99609375,0.0,1.0,1.0,0.7915702273958504,3.1846979912279836,0.0,0.0,0.0,0.0,0.0,0.0,61.80964660644531,63.36701202392578,19.536849975585938,27.67992401123047,214.34503173828125,8.633353233337402,0.566741943359375,0.0734405517578125,0.0070953369140625,0.004364013671875,0.016265869140625,0.074798583984375,0.1153411865234375,0.1419525146484375,0.7270085460482953,0.8103539316499111,0.3786035146710806,0.9709375379781178
1.0,0.99609375,0.0,1.0,1.0,0.7915702273958504,3.1846979912279836,0.0,0.0,0.0,0.0,0.0,0.0,71.52040100097656,65.87835693359375,10.561904907226562,21.06053352355957,219.33189392089844,9.549561500549316,0.4478607177734375,0.095489501953125,0.015289306640625,0.0096435546875,0.0311279296875,0.0965423583984375,0.138916015625,0.165130615234375,0.6742372514937434,0.8475443634206855,0.4610059906380962,0.9720049863672693
1.0,0.99609375,0.0,1.0,1.0,0.7915702273958504,3.1846979912279836,0.0,0.0,0.0,0.0,0.0,0.0,78.05302429199219,62.56565475463867,8.205001831054688,19.120141983032227,219.06503295898438,17.153308868408203,0.3705291748046875,0.0668792724609375,0.022552490234375,0.019378662109375,0.073089599609375,0.1904144287109375,0.13641357421875,0.1207427978515625,0.764007388084887,0.8535965876592893,0.5092086457227613,0.9856721521212224
1.0,0.99609375,0.0,1.0,1.0,0.7915702273958504,3.1846979912279836,0.0,0.0,0.0,0.0,0.0,0.0,85.01048278808594,61.034149169921875,8.62530517578125,19.53411865234375,223.09844970703125,10.271307945251465,0.3398590087890625,0.0445098876953125,0.015533447265625,0.0132904052734375,0.0687103271484375,0.24456787109375,0.160919189453125,0.11260986328125,0.4818005233720719,0.8566563076634686,0.5140982914451296,0.9813828095670425
1.0,0.99609375,0.0,1.0,1.0,0.7915702273958504,3.1846979912279836,0.0,0.0,0.0,0.0,0.0,0.0,78.25518798828125,60.714393615722656,15.207427978515625,28.239885330200195,215.62203979492188,17.823436737060547,0.402130126953125,0.0543670654296875,0.0096588134765625,0.0066375732421875,0.062103271484375,0.220123291015625,0.1519775390625,0.0930023193359375,0.9902245956862219,0.8379434067736998,0.42404622209422943,0.985428018985094
1.0,0.99609375,0.0,1.0,1.0,0.7915702273958504,3.1846979912279836,0.0,0.0,0.0,0.0,0.0,0.0,98.321533203125,54.94611740112305,14.825775146484375,27.90572738647461,213.8192596435547,20.377403259277344,0.26177978515625,0.029510498046875,0.0039825439453125,0.0028839111328125,0.05487060546875,0.318206787109375,0.249908447265625,0.078857421875,1.3630115150983473,0.8256871227506675,0.3914953051088963,0.9832186588510546
1.0,0.99609375,0.0,1.0,1.0,0.7915702273958504,3.1846979912279836,0.0,0.0,0.0,0.0,0.0,0.0,78.07997131347656,63.051876068115234,19.437515258789062,35.74968719482422,212.91265869140625,19.55986213684082,0.4291839599609375,0.0498504638671875,0.006683349609375,0.004608154296875,0.03802490234375,0.184112548828125,0.166259765625,0.12127685546875,1.8523181591034183,0.8101048730569391,0.37335911651316694,0.979156103314132
1.0,0.99609375,0.0,1.0,1.0,0.7915702273958504,3.1846979912279836,0.0,0.0,0.0,0.0,0.0,0.0,65.1953125,63.280426025390625,23.27593994140625,34.671390533447266,207.87754821777344,22.03256607055664,0.541107177734375,0.0665435791015625,0.00689697265625,0.0042572021484375,0.020538330078125,0.095733642578125,0.1362762451171875,0.1286468505859375,1.5866480349976773,0.804911611153099,0.3667942973623116,0.9841793692940479
1.0,0.99609375,0.0,1.0,1.0,0.7915702273958504,3.1846979912279836,0.0,0.0,0.0,0.0,0.0,0.0,61.42613220214844,64.35482025146484,23.867431640625,37.23731231689453,204.55482482910156,25.927507400512695,0.5736541748046875,0.0699462890625,0.0067901611328125,0.00335693359375,0.0143585205078125,0.0654144287109375,0.1177978515625,0.148681640625,2.531807962483331,0.7911003317394533,0.3460675459797472,0.9807679365038233
1.0,0.99609375,0.0,1.0,1.0,0.7915702273958504,3.1846979912279836,0.0,0.0,0.0,0.0,0.0,0.0,85.41838073730469,61.33481216430664,13.183197021484375,25.4819278717041,213.91693115234375,15.254939079284668,0.357513427734375,0.0435943603515625,0.0099945068359375,0.0079193115234375,0.054962158203125,0.2277069091796875,0.184783935546875,0.113525390625,1.0387578872992773,0.8175804211559071,0.4905525750900301,0.9797847637059509
1.0,0.99609375,0.0,1.0,1.0,0.7915702273958504,3.1846979912279836,0.0,0.0,0.0,0.0,0.0,0.0,102.57647705078125,55.01307678222656,11.701583862304688,20.95100975036621,210.95925903320312,20.08063507080078,0.235748291015625,0.0352325439453125,0.002532958984375,0.0017547607421875,0.040679931640625,0.2868194580078125,0.3013916015625,0.0958404541015625,0.68142191314971,0.8648698580511381,0.46777240657544394,0.9901951373149533
1.0,0.99609375,0.0,1.0,1.0,0.7915702273958504,3.1846979912279836,0.0,0.0,0.0,0.0,0.0,0.0,76.00762939453125,64.38905334472656,17.32244873046875,29.95915985107422,210.33514404296875,18.341964721679688,0.4559478759765625,0.0447235107421875,0.0073394775390625,0.0074920654296875,0.037841796875,0.1496124267578125,0.155792236328125,0.1412506103515625,0.9007425425056608,0.8135624761826143,0.391480055754828,0.9877036767040561
1.0,0.99609375,0.0,1.0,1.0,0.7915702273958504,3.1846979912279836,0.0,0.0,0.0,0.0,0.0,0.0,68.98875427246094,65.40966033935547,20.238128662109375,31.788251876831055,207.52561950683594,19.23542594909668,0.5169677734375,0.0626678466796875,0.008453369140625,0.006011962890625,0.0206298828125,0.0857086181640625,0.137908935546875,0.161651611328125,1.1255718776155,0.7854477178443847,0.36855910967140704,0.9857760482193937
1.0,0.99609375,0.0,1.0,1.0,0.7915702273958504,3.1846979912279836,0.0,0.0,0.0,0.0,0.0,0.0,70.16448974609375,67.75686645507812,21.53936767578125,34.31025695800781,205.27536010742188,21.134241104125977,0.5301513671875,0.0589752197265625,0.00390625,0.002838134765625,0.00994873046875,0.0577392578125,0.1383819580078125,0.19805908203125,1.3182569097163501,0.8230042481447135,0.4861475366787287,0.9857138192684827
1.0,0.99609375,0.0,1.0,1.0,0.7915702273958504,3.1846979912279836,0.0,0.0,0.0,0.0,0.0,0.0,97.071044921875,63.76736068725586,17.788314819335938,25.901201248168945,173.43154907226562,68.45799255371094,0.319671630859375,0.02972412109375,0.00152587890625,0.0009918212890625,0.011993408203125,0.13580322265625,0.3522491455078125,0.148040771484375,8.753040654760774,0.7139077864993859,0.25009778630452895,0.985947124681656
1.0,0.99609375,0.0,1.0,1.0,0.7915702273958504,3.1846979912279836,0.0,0.0,0.0,0.0,0.0,0.0,90.05216979980469,72.3161392211914,20.68829345703125,34.31834411621094,177.77125549316406,66.22782135009766,0.4109649658203125,0.0157012939453125,0.0023193359375,0.0027313232421875,0.009979248046875,0.0743865966796875,0.1901702880859375,0.2937469482421875,6.507033405262813,0.7644541331499973,0.28515063746168334,0.9894874864544778
1.0,0.99609375,0.0,1.0,1.0,0.7915702273958504,3.1846979912279836,0.0,0.0,0.0,0.0,0.0,0.0,94.04052734375,63.56760025024414,19.103057861328125,29.3481502532959,194.3575897216797,47.39443588256836,0.35308837890625,0.0101470947265625,0.0020599365234375,0.002410888671875,0.0198974609375,0.1712493896484375,0.2872467041015625,0.153900146484375,3.150563188182446,0.809058427049318,0.35857686050114385,0.9907536506290029
1.0,0.99609375,0.0,1.0,1.0,0.7915702273958504,3.1846979912279836,0.0,0.0,0.0,0.0,0.0,0.0,98.35809326171875,60.78558349609375,18.751190185546875,28.48821258544922,183.05154418945312,62.1324577331543,0.302978515625,0.0062713623046875,0.0012359619140625,0.00115966796875,0.02069091796875,0.200836181640625,0.37152099609375,0.095306396484375,5.092315975772686,0.7703865973661068,0.4106320452425857,0.9905371497877425
1.0,0.99609375,0.0,1.0,1.0,0.7915702273958504,3.1846979912279836,0.0,0.0,0.0,0.0,0.0,0.0,102.65765380859375,62.761898040771484,17.560775756835938,25.860515594482422,173.01409912109375,68.84241485595703,0.2900543212890625,0.02630615234375,0.00115966796875,0.0005950927734375,0.006805419921875,0.110198974609375,0.4040985107421875,0.1607818603515625,8.644830432427772,0.7171391293134651,0.2645844940355194,0.9862216050302653
1.0,0.99609375,0.0,1.0,1.0,0.7915702273958504,3.1846979912279836,0.0,0.0,0.0,0.0,0.0,0.0,98.57891845703125,68.40811920166016,20.869216918945312,34.48365020751953,176.26974487304688,65.80599975585938,0.34197998046875,0.0114288330078125,0.0013885498046875,0.001068115234375,0.010284423828125,0.1006317138671875,0.2808074951171875,0.252410888671875,6.394044805944158,0.7686935320839545,0.29378759729921,0.9894798921854554
1.0,0.99609375,0.0,1.0,1.0,0.7915702273958504,3.1846979912279836,0.0,0.0,0.0,0.0,0.0,0.0,106.51177978515625,63.62256622314453,14.393157958984375,22.567262649536133,176.4329833984375,69.23779296875,0.2714080810546875,0.0107879638671875,0.001251220703125,0.0009002685546875,0.0150146484375,0.117340087890625,0.3699798583984375,0.21331787109375,6.251348964142629,0.7986403162949975,0.3347834475805165,0.9902071672092443
1.0,0.99609375,0.0,1.0,1.0,0.7915702273958504,3.1846979912279836,0.0,0.0,0.0,0.0,0.0,0.0,101.30439758300781,61.94379425048828,20.072738647460938,31.245288848876953,179.56427001953125,64.2966537475586,0.2896575927734375,0.0204010009765625,0.003692626953125,0.002197265625,0.0176239013671875,0.1373138427734375,0.3881378173828125,0.1409759521484375,5.689849839422577,0.7666597451912878,0.2903156709124717,0.9900257925898627
1.0,0.99609375,0.0,1.0,1.0,0.7915702273958504,3.1846979912279836,0.0,0.0,0.0,0.0,0.0,0.0,93.68568420410156,68.99273681640625,25.005569458007812,37.23004150390625,188.44000244140625,50.402732849121094,0.39251708984375,0.0187835693359375,0.00091552734375,0.000732421875,0.0059967041015625,0.0662384033203125,0.26214599609375,0.2526702880859375,4.21784359859534,0.7993293266677978,0.337157432965838,0.9891969090302504
1.0,0.99609375,0.0,1.0,1.0,0.7915702273958504,3.1846979912279836,0.0,0.0,0.0,0.0,0.0,0.0,96.26795959472656,71.0967788696289,18.556381225585938,29.209901809692383,174.82577514648438,66.76294708251953,0.3775177001953125,0.0151214599609375,0.000885009765625,0.00042724609375,0.0057525634765625,0.053955078125,0.2519683837890625,0.29437255859375,5.688380768813541,0.7773785445967154,0.2753288221038135,0.9906438581324462
1.0,0.99609375,0.0,1.0,1.0,0.7915702273958504,3.1846979912279836,0.0,0.0,0.0,0.0,0.0,0.0,99.01226806640625,62.116573333740234,11.45208740234375,16.754562377929688,179.31484985351562,68.23442840576172,0.296661376953125,0.0206146240234375,0.0013885498046875,0.000885009765625,0.018218994140625,0.180877685546875,0.34796142578125,0.133392333984375,6.036724777086588,0.7703310507828678,0.3130906408863593,0.990060164645037
1.0,0.99609375,0.0,1.0,1.0,0.7915702273958504,3.1846979912279836,0.0,0.0,0.0,0.0,0.0,0.0,92.59588623046875,66.66889953613281,30.252090454101562,44.4765739440918,194.56280517578125,43.93653106689453,0.3866424560546875,0.0067596435546875,0.0014495849609375,0.00115966796875,0.0128326416015625,0.112274169921875,0.2895965576171875,0.1892852783203125,6.172689235545567,0.690453122575303,0.31859619814853096,0.9821340711258435
1.0,0.99609375,0.0,1.0,1.0,0.7915702273958504,3.1846979912279836,0.0,0.0,0.0,0.0,0.0,0.0,103.6463623046875,63.49938201904297,14.36236572265625,22.056068420410156,176.31504821777344,70.10548400878906,0.28326416015625,0.005767822265625,0.00146484375,0.0013885498046875,0.0177154541015625,0.1508941650390625,0.35699462890625,0.1825103759765625,6.162648441395693,0.7943020015721934,0.31752883314213765,0.9905708868560874
1.0,0.99609375,0.0,1.0,1.0,0.7915702273958504,3.1846979912279836,0.0,0.0,0.0,0.0,0.0,0.0,89.65231323242188,69.7672119140625,18.078598022460938,28.68232536315918,182.52589416503906,60.593666076660156,0.3961944580078125,0.0191802978515625,0.003753662109375,0.0031585693359375,0.01910400390625,0.1071014404296875,0.2028961181640625,0.2486114501953125,5.580990746429505,0.7712888913632472,0.32206551387877613,0.9892174330459953
1.0,0.99609375,0.0,1.0,1.0,0.7915702273958504,3.1846979912279836,0.0,0.0,0.0,0.0,0.0,0.0,99.56417846679688,63.273094177246094,8.992263793945312,15.97700023651123,179.18707275390625,68.26679229736328,0.2200927734375,0.1009368896484375,0.0289306640625,0.033721923828125,0.025604248046875,0.1049346923828125,0.237640380859375,0.248138427734375,5.902434886228789,0.7858405740824814,0.4094355999878248,0.9900688197958526
1.0,0.99609375,0.0,1.0,1.0,0.7915702273958504,3.1846979912279836,0.0,0.0,0.0,0.0,0.0,0.0,98.39872741699219,61.470455169677734,15.636215209960938,24.635313034057617,185.1437530517578,61.895450592041016,0.3032379150390625,0.018341064453125,0.001739501953125,0.0011444091796875,0.021453857421875,0.1737823486328125,0.36279296875,0.1175079345703125,5.989478660463083,0.7374549055529394,0.3253331369605889,0.9885226224173773
1.0,0.99609375,0.0,1.0,1.0,0.7915702273958504,3.1846979912279836,0.0,0.0,0.0,0.0,0.0,0.0,97.07577514648438,65.25314331054688,19.162429809570312,34.12472915649414,197.96560668945312,49.093536376953125,0.3361968994140625,0.0118255615234375,0.002685546875,0.0018463134765625,0.0172119140625,0.1468353271484375,0.28802490234375,0.19537353515625,5.595051343222095,0.7313825510557646,0.36851246503760254,0.9849617669959826
1.0,0.99609375,0.0,1.0,1.0,0.7915702273958504,3.1846979912279836,0.0,0.0,0.0,0.0,0.0,0.0,94.96505737304688,66.79459381103516,29.17694091796875,43.503997802734375,186.693359375,51.80834197998047,0.375823974609375,0.007568359375,0.0009002685546875,0.000640869140625,0.00994873046875,0.0988311767578125,0.299560546875,0.20672607421875,5.4873726972646315,0.7728420248017845,0.3849169876008736,0.9871428274413203
1.0,0.99609375,0.0,1.0,1.0,0.7915702273958504,3.1846979912279836,0.0,0.0,0.0,0.0,0.0,0.0,89.68325805664062,73.86334991455078,22.146408081054688,33.22349166870117,179.10260009765625,62.732601165771484,0.428985595703125,0.013824462890625,0.0012359619140625,0.000579833984375,0.004425048828125,0.0440216064453125,0.180389404296875,0.3265380859375,5.209213050478377,0.8001730606824096,0.35863076788968673,0.9909238416111734
1.0,0.99609375,0.0,1.0,1.0,0.7915702273958504,3.1846979912279836,0.0,0.0,0.0,0.0,0.0,0.0,107.1187744140625,61.3742790222168,20.700851440429688,32.9744873046875,182.98892211914062,59.380374908447266,0.2677001953125,0.0023040771484375,0.0003662109375,0.0002899169921875,0.0060577392578125,0.1109161376953125,0.47540283203125,0.136962890625,5.24399240195776,0.7758845825523338,0.3125235467551748,0.9896968721426469
1.0,0.99609375,0.0,1.0,1.0,0.7915702273958504,3.1846979912279836,0.0,0.0,0.0,0.0,0.0,0.0,99.7159423828125,66.7452392578125,25.229995727539062,40.00341796875,181.71249389648438,55.51913070678711,0.3381500244140625,0.0055084228515625,0.000396728515625,0.0002593994140625,0.0062408447265625,0.0840301513671875,0.36981201171875,0.1956024169921875,5.793435105990033,0.7435680075685226,0.3096119622856215,0.9875063206999196
1.0,0.99609375,0.0,1.0,1.0,0.7915702273958504,3.1846979912279836,0.0,0.0,0.0,0.0,0.0,0.0,90.90945434570312,70.73982238769531,38.02845764160156,51.13129806518555,168.65455627441406,59.17864227294922,0.4161376953125,0.010955810546875,0.0007781982421875,0.0003509521484375,0.0059967041015625,0.0559844970703125,0.2629547119140625,0.2468414306640625,7.962636393623915,0.7204859042848923,0.217198315952364,0.9854339250020768
1.0,0.99609375,0.0,1.0,1.0,0.7915702273958504,3.1846979912279836,0.0,0.0,0.0,0.0,0.0,0.0,90.89566040039062,74.2568359375,30.713790893554688,51.22676467895508,192.24400329589844,40.8722038269043,0.4399261474609375,0.01239013671875,0.0009002685546875,0.0005035400390625,0.0025787353515625,0.0288848876953125,0.161529541015625,0.3532867431640625,5.264965518316755,0.7450083591111647,0.31075028742226124,0.9832522860716435
1.0,0.99609375,0.0,1.0,1.0,0.7915702273958504,3.1846979912279836,0.0,0.0,0.0,0.0,0.0,0.0,98.59312438964844,59.58795166015625,21.05462646484375,31.662832260131836,178.42601013183594,65.52774047851562,0.289154052734375,0.0172882080078125,0.0030364990234375,0.0025177001953125,0.02740478515625,0.211181640625,0.3581390380859375,0.091278076171875,5.960880416552072,0.7570029355149093,0.2664112947179099,0.9899389409572297
1.0,0.99609375,0.0,1.0,1.0,0.7915702273958504,3.1846979912279836,0.0,0.0,0.0,0.0,0.0,0.0,101.42922973632812,64.77051544189453,15.881454467773438,24.75759506225586,165.6779022216797,70.56208801269531,0.3033294677734375,0.016693115234375,0.002166748046875,0.002593994140625,0.0182342529296875,0.1112060546875,0.354400634765625,0.191375732421875,7.122436815407172,0.7642233885950921,0.2689667053897389,0.9891086385053284
1.0,0.99609375,0.0,1.0,1.0,0.7915702273958504,3.1846979912279836,0.0,0.0,0.0,0.0,0.0,0.0,115.67584228515625,53.94108200073242,12.3634033203125,22.89781951904297,188.64450073242188,59.74300765991211,0.1928253173828125,0.006317138671875,0.00054931640625,0.0005035400390625,0.0106658935546875,0.141448974609375,0.5263824462890625,0.121307373046875,5.500606202864405,0.7649615266147862,0.3605943167240769,0.9884886190892586
1.0,0.99609375,0.0,1.0,1.0,0.7915702273958504,3.1846979912279836,0.0,0.0,0.0,0.0,0.0,0.0,91.97102355957031,70.7331314086914,25.140975952148438,32.85484313964844,159.35386657714844,71.006103515625,0.40594482421875,0.00616455078125,0.0007171630859375,0.0006561279296875,0.0061492919921875,0.0598602294921875,0.2806549072265625,0.2398529052734375,8.564455080384482,0.698070554516788,0.24100552223387653,0.9875556161922385
1.0,0.99609375,0.0,1.0,1.0,0.7915702273958504,3.1846979912279836,0.0,0.0,0.0,0.0,0.0,0.0,106.274658203125,62.53984832763672,16.4820556640625,26.823444366455078,160.93772888183594,74.13469696044922,0.266204833984375,0.0138702392578125,0.0027923583984375,0.00262451171875,0.0296630859375,0.1148834228515625,0.3714752197265625,0.198486328125,7.775906673433573,0.7905222198459131,0.27444228307490376,0.9891701233934086
0.9938507080078125,1.0734910488241591,0.036962635913373745,0.9938507080078125,0.9938507080078125,0.677351626281613,3.1796525547588868,9.99911361764499,9.999999933873953,9.999981412521663,-10.0,-9.999999999991598,10.0,91.26448822021484,75.85630798339844,20.298803329467773,30.163938522338867,169.30926513671875,69.27265930175781,0.4351404011249542,0.013219105079770088,0.0004298896237742156,0.0003377704124432057,0.0018884435994550586,0.0241045244038105,0.15244193375110626,0.3724379241466522,6.463381982230278,0.7832356338860211,0.27593976510645446,0.9903620941046349
1.0,0.99609375,0.0,1.0,1.0,0.7915702273958504,3.1846979912279836,0.0,0.0,0.0,0.0,0.0,0.0,82.65122985839844,63.59235763549805,20.471298217773438,31.71919822692871,184.3716583251953,66.11922454833984,0.3927764892578125,0.014739990234375,0.00518798828125,0.004638671875,0.0488128662109375,0.2318878173828125,0.214752197265625,0.0872039794921875,7.418930350436551,0.7144894893534108,0.2587886515924718,0.9879275777011838
1.0,0.99609375,0.0,1.0,1.0,0.7915702273958504,3.1846979912279836,0.0,0.0,0.0,0.0,0.0,0.0,76.87783813476562,65.34733581542969,27.834152221679688,44.82590866088867,205.23687744140625,46.819854736328125,0.440216064453125,0.0394439697265625,0.00921630859375,0.00634765625,0.0384063720703125,0.157440185546875,0.1796112060546875,0.1293182373046875,5.977709837248035,0.733591302975446,0.32895118761244546,0.9845595466633628
1.0,0.99609375,0.0,1.0,1.0,0.7915702273958504,3.1846979912279836,0.0,0.0,0.0,0.0,0.0,0.0,68.26176452636719,66.68338012695312,37.51780700683594,51.51729965209961,201.7362060546875,42.642616271972656,0.5293426513671875,0.04278564453125,0.0073699951171875,0.0041046142578125,0.020782470703125,0.0892791748046875,0.1545257568359375,0.1518096923828125,7.428750985234839,0.6948351257348186,0.28521823235585386,0.9790409444201689
1.0,0.99609375,0.0,1.0,1.0,0.7915702273958504,3.1846979912279836,0.0,0.0,0.0,0.0,0.0,0.0,83.74142456054688,63.1084098815918,12.075088500976562,17.794719696044922,187.67453002929688,64.13809967041016,0.370269775390625,0.0223541259765625,0.0063018798828125,0.0056610107421875,0.048919677734375,0.254364013671875,0.202239990234375,0.0898895263671875,4.903260690142118,0.7624479108403817,0.32983544503080986,0.9911672484352194
1.0,0.99609375,0.0,1.0,1.0,0.7915702273958504,3.1846979912279836,0.0,0.0,0.0,0.0,0.0,0.0,80.89968872070312,64.4390640258789,23.885482788085938,41.48555374145508,203.51156616210938,43.78963088989258,0.409210205078125,0.03076171875,0.0093994140625,0.0074920654296875,0.0409088134765625,0.191162109375,0.1844482421875,0.126617431640625,5.707893468887123,0.7356764686477929,0.36047805593044663,0.9828867420732547
1.0,0.99609375,0.0,1.0,1.0,0.7915702273958504,3.1846979912279836,0.0,0.0,0.0,0.0,0.0,0.0,84.61759948730469,70.3462905883789,25.24603271484375,37.635704040527344,188.6321258544922,49.869014739990234,0.449249267578125,0.029327392578125,0.0016326904296875,0.0009307861328125,0.0070953369140625,0.065216064453125,0.196624755859375,0.2499237060546875,4.01089818433924,0.7883121764964817,0.31020625617777486,0.9896006090991307
1.0,0.99609375,0.0,1.0,1.0,0.7915702273958504,3.1846979912279836,0.0,0.0,0.0,0.0,0.0,0.0,80.04421997070312,68.92488098144531,22.635513305664062,35.88264083862305,188.3533477783203,60.20912551879883,0.454345703125,0.0284576416015625,0.0048828125,0.0036163330078125,0.0212554931640625,0.106719970703125,0.1877288818359375,0.1929931640625,7.18566577117801,0.718489323737676,0.37729978779848994,0.9863889692533274
1.0,0.99609375,0.0,1.0,1.0,0.7915702273958504,3.1846979912279836,0.0,0.0,0.0,0.0,0.0,0.0,99.98648071289062,67.27503967285156,18.516372680664062,28.80856704711914,174.03842163085938,67.82833862304688,0.33349609375,0.0118408203125,0.0008544921875,0.00079345703125,0.0064239501953125,0.07958984375,0.34197998046875,0.2250213623046875,5.853390272637277,0.7791351431430267,0.28480833799439625,0.9906458300674426
1.0,0.99609375,0.0,1.0,1.0,0.7915702273958504,3.1846979912279836,0.0,0.0,0.0,0.0,0.0,0.0,96.81082153320312,58.44673156738281,21.977706909179688,32.00187683105469,191.21119689941406,53.47938919067383,0.3158416748046875,0.0048980712890625,0.0006256103515625,0.000579833984375,0.0198211669921875,0.2265777587890625,0.36407470703125,0.0675811767578125,5.822583846972884,0.725844774453025,0.37186741175898724,0.986189653054662
1.0,0.99609375,0.0,1.0,1.0,0.7915702273958504,3.1846979912279836,0.0,0.0,0.0,0.0,0.0,0.0,87.59201049804688,64.18950653076172,23.7490234375,38.34329605102539,189.3189697265625,58.108726501464844,0.376983642578125,0.01019287109375,0.002777099609375,0.003662109375,0.032501220703125,0.21734619140625,0.2282257080078125,0.1283111572265625,5.398529336137959,0.7675372293273601,0.38430397677504224,0.989312716811479
1.0,0.99609375,0.0,1.0,1.0,0.7915702273958504,3.1846979912279836,0.0,0.0,0.0,0.0,0.0,0.0,103.33973693847656,54.99629211425781,13.9012451171875,24.280502319335938,186.0774688720703,64.17740631103516,0.2353515625,0.013275146484375,0.001678466796875,0.001800537109375,0.041046142578125,0.3128814697265625,0.309326171875,0.0846405029296875,6.872556490017013,0.7604269596138822,0.34599307054138223,0.9875405284041975
1.0,0.99609375,0.0,1.0,1.0,0.7915702273958504,3.1846979912279836,0.0,0.0,0.0,0.0,0.0,0.0,100.08952331542969,53.762020111083984,16.792694091796875,26.621585845947266,188.3535919189453,59.62069320678711,0.2525634765625,0.0179290771484375,0.0014190673828125,0.0009613037109375,0.0313720703125,0.318206787109375,0.347381591796875,0.0301666259765625,5.72499630996708,0.7678189425024409,0.40623225570798843,0.9882963995850665
1.0,0.99609375,0.0,1.0,1.0,0.7915702273958504,3.1846979912279836,0.0,0.0,0.0,0.0,0.0,0.0,97.071044921875,63.76736068725586,17.788314819335938,25.901201248168945,173.43154907226562,68.45799255371094,0.319671630859375,0.02972412109375,0.00152587890625,0.0009918212890625,0.011993408203125,0.13580322265625,0.3522491455078125,0.148040771484375,8.753040654760774,0.7139077864993859,0.25009778630452895,0.985947124681656
1.0,0.99609375,0.0,1.0,1.0,0.7915702273958504,3.1846979912279836,0.0,0.0,0.0,0.0,0.0,0.0,90.05216979980469,72.3161392211914,20.68829345703125,34.31834411621094,177.77125549316406,66.22782135009766,0.4109649658203125,0.0157012939453125,0.0023193359375,0.0027313232421875,0.009979248046875,0.0743865966796875,0.1901702880859375,0.2937469482421875,6.507033405262813,0.7644541331499973,0.28515063746168334,0.9894874864544778
1.0,0.99609375,0.0,1.0,1.0,0.7915702273958504,3.1846979912279836,0.0,0.0,0.0,0.0,0.0,0.0,94.04052734375,63.56760025024414,19.103057861328125,29.3481502532959,194.3575897216797,47.39443588256836,0.35308837890625,0.0101470947265625,0.0020599365234375,0.002410888671875,0.0198974609375,0.1712493896484375,0.2872467041015625,0.153900146484375,3.150563188182446,0.809058427049318,0.35857686050114385,0.9907536506290029
1.0,0.99609375,0.0,1.0,1.0,0.7915702273958504,3.1846979912279836,0.0,0.0,0.0,0.0,0.0,0.0,98.35809326171875,60.78558349609375,18.751190185546875,28.48821258544922,183.05154418945312,62.1324577331543,0.302978515625,0.0062713623046875,0.0012359619140625,0.00115966796875,0.02069091796875,0.200836181640625,0.37152099609375,0.095306396484375,5.092315975772686,0.7703865973661068,0.4106320452425857,0.9905371497877425
1.0,0.99609375,0.0,1.0,1.0,0.7915702273958504,3.1846979912279836,0.0,0.0,0.0,0.0,0.0,0.0,102.65765380859375,62.761898040771484,17.560775756835938,25.860515594482422,173.01409912109375,68.84241485595703,0.2900543212890625,0.02630615234375,0.00115966796875,0.0005950927734375,0.006805419921875,0.110198974609375,0.4040985107421875,0.1607818603515625,8.644830432427772,0.7171391293134651,0.2645844940355194,0.9862216050302653
1.0,0.99609375,0.0,1.0,1.0,0.7915702273958504,3.1846979912279836,0.0,0.0,0.0,0.0,0.0,0.0,98.57891845703125,68.40811920166016,20.869216918945312,34.48365020751953,176.26974487304688,65.80599975585938,0.34197998046875,0.0114288330078125,0.0013885498046875,0.001068115234375,0.010284423828125,0.1006317138671875,0.2808074951171875,0.252410888671875,6.394044805944158,0.7686935320839545,0.29378759729921,0.9894798921854554
1.0,0.99609375,0.0,1.0,1.0,0.7915702273958504,3.1846979912279836,0.0,0.0,0.0,0.0,0.0,0.0,106.51177978515625,63.62256622314453,14.393157958984375,22.567262649536133,176.4329833984375,69.23779296875,0.2714080810546875,0.0107879638671875,0.001251220703125,0.0009002685546875,0.0150146484375,0.117340087890625,0.3699798583984375,0.21331787109375,6.251348964142629,0.7986403162949975,0.3347834475805165,0.9902071672092443
1.0,0.99609375,0.0,1.0,1.0,0.7915702273958504,3.1846979912279836,0.0,0.0,0.0,0.0,0.0,0.0,101.30439758300781,61.94379425048828,20.072738647460938,31.245288848876953,179.56427001953125,64.2966537475586,0.2896575927734375,0.0204010009765625,0.003692626953125,0.002197265625,0.0176239013671875,0.1373138427734375,0.3881378173828125,0.1409759521484375,5.689849839422577,0.7666597451912878,0.2903156709124717,0.9900257925898627
1.0,0.99609375,0.0,1.0,1.0,0.7915702273958504,3.1846979912279836,0.0,0.0,0.0,0.0,0.0,0.0,93.68568420410156,68.99273681640625,25.005569458007812,37.23004150390625,188.44000244140625,50.402732849121094,0.39251708984375,0.0187835693359375,0.00091552734375,0.000732421875,0.0059967041015625,0.0662384033203125,0.26214599609375,0.2526702880859375,4.21784359859534,0.7993293266677978,0.337157432965838,0.9891969090302504
1.0,0.99609375,0.0,1.0,1.0,0.7915702273958504,3.1846979912279836,0.0,0.0,0.0,0.0,0.0,0.0,96.26795959472656,71.0967788696289,18.556381225585938,29.209901809692383,174.82577514648438,66.76294708251953,0.3775177001953125,0.0151214599609375,0.000885009765625,0.00042724609375,0.0057525634765625,0.053955078125,0.2519683837890625,0.29437255859375,5.688380768813541,0.7773785445967154,0.2753288221038135,0.9906438581324462
1.0,0.99609375,0.0,1.0,1.0,0.7915702273958504,3.1846979912279836,0.0,0.0,0.0,0.0,0.0,0.0,99.01226806640625,62.116573333740234,11.45208740234375,16.754562377929688,179.31484985351562,68.23442840576172,0.296661376953125,0.0206146240234375,0.0013885498046875,0.000885009765625,0.018218994140625,0.180877685546875,0.34796142578125,0.133392333984375,6.036724777086588,0.7703310507828678,0.3130906408863593,0.990060164645037
1.0,0.99609375,0.0,1.0,1.0,0.7915702273958504,3.1846979912279836,0.0,0.0,0.0,0.0,0.0,0.0,92.59588623046875,66.66889953613281,30.252090454101562,44.4765739440918,194.56280517578125,43.93653106689453,0.3866424560546875,0.0067596435546875,0.0014495849609375,0.00115966796875,0.0128326416015625,0.112274169921875,0.2895965576171875,0.1892852783203125,6.172689235545567,0.690453122575303,0.31859619814853096,0.9821340711258435
1.0,0.99609375,0.0,1.0,1.0,0.7915702273958504,3.1846979912279836,0.0,0.0,0.0,0.0,0.0,0.0,103.6463623046875,63.49938201904297,14.36236572265625,22.056068420410156,176.31504821777344,70.10548400878906,0.28326416015625,0.005767822265625,0.00146484375,0.0013885498046875,0.0177154541015625,0.1508941650390625,0.35699462890625,0.1825103759765625,6.162648441395693,0.7943020015721934,0.31752883314213765,0.9905708868560874
1.0,0.99609375,0.0,1.0,1.0,0.7915702273958504,3.1846979912279836,0.0,0.0,0.0,0.0,0.0,0.0,89.65231323242188,69.7672119140625,18.078598022460938,28.68232536315918,182.52589416503906,60.593666076660156,0.3961944580078125,0.0191802978515625,0.003753662109375,0.0031585693359375,0.01910400390625,0.1071014404296875,0.2028961181640625,0.2486114501953125,5.580990746429505,0.7712888913632472,0.32206551387877613,0.9892174330459953
1.0,0.99609375,0.0,1.0,1.0,0.7915702273958504,3.1846979912279836,0.0,0.0,0.0,0.0,0.0,0.0,99.56417846679688,63.273094177246094,8.992263793945312,15.97700023651123,179.18707275390625,68.26679229736328,0.2200927734375,0.1009368896484375,0.0289306640625,0.033721923828125,0.025604248046875,0.1049346923828125,0.237640380859375,0.248138427734375,5.902434886228789,0.7858405740824814,0.4094355999878248,0.9900688197958526
1.0,0.99609375,0.0,1.0,1.0,0.7915702273958504,3.1846979912279836,0.0,0.0,0.0,0.0,0.0,0.0,98.39872741699219,61.470455169677734,15.636215209960938,24.635313034057617,185.1437530517578,61.895450592041016,0.3032379150390625,0.018341064453125,0.001739501953125,0.0011444091796875,0.021453857421875,0.1737823486328125,0.36279296875,0.1175079345703125,5.989478660463083,0.7374549055529394,0.3253331369605889,0.9885226224173773
1.0,0.99609375,0.0,1.0,1.0,0.7915702273958504,3.1846979912279836,0.0,0.0,0.0,0.0,0.0,0.0,97.07577514648438,65.25314331054688,19.162429809570312,34.12472915649414,197.96560668945312,49.093536376953125,0.3361968994140625,0.0118255615234375,0.002685546875,0.0018463134765625,0.0172119140625,0.1468353271484375,0.28802490234375,0.19537353515625,5.595051343222095,0.7313825510557646,0.36851246503760254,0.9849617669959826
1.0,0.99609375,0.0,1.0,1.0,0.7915702273958504,3.1846979912279836,0.0,0.0,0.0,0.0,0.0,0.0,94.96505737304688,66.79459381103516,29.17694091796875,43.503997802734375,186.693359375,51.80834197998047,0.375823974609375,0.007568359375,0.0009002685546875,0.000640869140625,0.00994873046875,0.0988311767578125,0.299560546875,0.20672607421875,5.4873726972646315,0.7728420248017845,0.3849169876008736,0.9871428274413203
1.0,0.99609375,0.0,1.0,1.0,0.7915702273958504,3.1846979912279836,0.0,0.0,0.0,0.0,0.0,0.0,89.68325805664062,73.86334991455078,22.146408081054688,33.22349166870117,179.10260009765625,62.732601165771484,0.428985595703125,0.013824462890625,0.0012359619140625,0.000579833984375,0.004425048828125,0.0440216064453125,0.180389404296875,0.3265380859375,5.209213050478377,0.8001730606824096,0.35863076788968673,0.9909238416111734
1.0,0.99609375,0.0,1.0,1.0,0.7915702273958504,3.1846979912279836,0.0,0.0,0.0,0.0,0.0,0.0,107.1187744140625,61.3742790222168,20.700851440429688,32.9744873046875,182.98892211914062,59.380374908447266,0.2677001953125,0.0023040771484375,0.0003662109375,0.0002899169921875,0.0060577392578125,0.1109161376953125,0.47540283203125,0.136962890625,5.24399240195776,0.7758845825523338,0.3125235467551748,0.9896968721426469
1.0,0.99609375,0.0,1.0,1.0,0.7915702273958504,3.1846979912279836,0.0,0.0,0.0,0.0,0.0,0.0,99.7159423828125,66.7452392578125,25.229995727539062,40.00341796875,181.71249389648438,55.51913070678711,0.3381500244140625,0.0055084228515625,0.000396728515625,0.0002593994140625,0.0062408447265625,0.0840301513671875,0.36981201171875,0.1956024169921875,5.793435105990033,0.7435680075685226,0.3096119622856215,0.9875063206999196
1.0,0.99609375,0.0,1.0,1.0,0.7915702273958504,3.1846979912279836,0.0,0.0,0.0,0.0,0.0,0.0,90.90945434570312,70.73982238769531,38.02845764160156,51.13129806518555,168.65455627441406,59.17864227294922,0.4161376953125,0.010955810546875,0.0007781982421875,0.0003509521484375,0.0059967041015625,0.0559844970703125,0.2629547119140625,0.2468414306640625,7.962636393623915,0.7204859042848923,0.217198315952364,0.9854339250020768
1.0,0.99609375,0.0,1.0,1.0,0.7915702273958504,3.1846979912279836,0.0,0.0,0.0,0.0,0.0,0.0,90.89566040039062,74.2568359375,30.713790893554688,51.22676467895508,192.24400329589844,40.8722038269043,0.4399261474609375,0.01239013671875,0.0009002685546875,0.0005035400390625,0.0025787353515625,0.0288848876953125,0.161529541015625,0.3532867431640625,5.264965518316755,0.7450083591111647,0.31075028742226124,0.9832522860716435
1.0,0.99609375,0.0,1.0,1.0,0.7915702273958504,3.1846979912279836,0.0,0.0,0.0,0.0,0.0,0.0,98.59312438964844,59.58795166015625,21.05462646484375,31.662832260131836,178.42601013183594,65.52774047851562,0.289154052734375,0.0172882080078125,0.0030364990234375,0.0025177001953125,0.02740478515625,0.211181640625,0.3581390380859375,0.091278076171875,5.960880416552072,0.7570029355149093,0.2664112947179099,0.9899389409572297
1.0,0.99609375,0.0,1.0,1.0,0.7915702273958504,3.1846979912279836,0.0,0.0,0.0,0.0,0.0,0.0,101.42922973632812,64.77051544189453,15.881454467773438,24.75759506225586,165.6779022216797,70.56208801269531,0.3033294677734375,0.016693115234375,0.002166748046875,0.002593994140625,0.0182342529296875,0.1112060546875,0.354400634765625,0.191375732421875,7.122436815407172,0.7642233885950921,0.2689667053897389,0.9891086385053284
1.0,0.99609375,0.0,1.0,1.0,0.7915702273958504,3.1846979912279836,0.0,0.0,0.0,0.0,0.0,0.0,115.67584228515625,53.94108200073242,12.3634033203125,22.89781951904297,188.64450073242188,59.74300765991211,0.1928253173828125,0.006317138671875,0.00054931640625,0.0005035400390625,0.0106658935546875,0.141448974609375,0.5263824462890625,0.121307373046875,5.500606202864405,0.7649615266147862,0.3605943167240769,0.9884886190892586
1.0,0.99609375,0.0,1.0,1.0,0.7915702273958504,3.1846979912279836,0.0,0.0,0.0,0.0,0.0,0.0,91.97102355957031,70.7331314086914,25.140975952148438,32.85484313964844,159.35386657714844,71.006103515625,0.40594482421875,0.00616455078125,0.0007171630859375,0.0006561279296875,0.0061492919921875,0.0598602294921875,0.2806549072265625,0.2398529052734375,8.564455080384482,0.698070554516788,0.24100552223387653,0.9875556161922385
1.0,0.99609375,0.0,1.0,1.0,0.7915702273958504,3.1846979912279836,0.0,0.0,0.0,0.0,0.0,0.0,106.274658203125,62.53984832763672,16.4820556640625,26.823444366455078,160.93772888183594,74.13469696044922,0.266204833984375,0.0138702392578125,0.0027923583984375,0.00262451171875,0.0296630859375,0.1148834228515625,0.3714752197265625,0.198486328125,7.775906673433573,0.7905222198459131,0.27444228307490376,0.9891701233934086
0.9938507080078125,1.0734910488241591,0.036962635913373745,0.9938507080078125,0.9938507080078125,0.677351626281613,3.1796525547588868,9.99911361764499,9.999999933873953,9.999981412521663,-10.0,-9.999999999991598,10.0,91.26448822021484,75.85630798339844,20.298803329467773,30.163938522338867,169.30926513671875,69.27265930175781,0.4351404011249542,0.013219105079770088,0.0004298896237742156,0.0003377704124432057,0.0018884435994550586,0.0241045244038105,0.15244193375110626,0.3724379241466522,6.463381982230278,0.7832356338860211,0.27593976510645446,0.9903620941046349
1.0,0.99609375,0.0,1.0,1.0,0.7915702273958504,3.1846979912279836,0.0,0.0,0.0,0.0,0.0,0.0,82.65122985839844,63.59235763549805,20.471298217773438,31.71919822692871,184.3716583251953,66.11922454833984,0.3927764892578125,0.014739990234375,0.00518798828125,0.004638671875,0.0488128662109375,0.2318878173828125,0.214752197265625,0.0872039794921875,7.418930350436551,0.7144894893534108,0.2587886515924718,0.9879275777011838
1.0,0.99609375,0.0,1.0,1.0,0.7915702273958504,3.1846979912279836,0.0,0.0,0.0,0.0,0.0,0.0,76.87783813476562,65.34733581542969,27.834152221679688,44.82590866088867,205.23687744140625,46.819854736328125,0.440216064453125,0.0394439697265625,0.00921630859375,0.00634765625,0.0384063720703125,0.157440185546875,0.1796112060546875,0.1293182373046875,5.977709837248035,0.733591302975446,0.32895118761244546,0.9845595466633628
1.0,0.99609375,0.0,1.0,1.0,0.7915702273958504,3.1846979912279836,0.0,0.0,0.0,0.0,0.0,0.0,68.26176452636719,66.68338012695312,37.51780700683594,51.51729965209961,201.7362060546875,42.642616271972656,0.5293426513671875,0.04278564453125,0.0073699951171875,0.0041046142578125,0.020782470703125,0.0892791748046875,0.1545257568359375,0.1518096923828125,7.428750985234839,0.6948351257348186,0.28521823235585386,0.9790409444201689
1.0,0.99609375,0.0,1.0,1.0,0.7915702273958504,3.1846979912279836,0.0,0.0,0.0,0.0,0.0,0.0,83.74142456054688,63.1084098815918,12.075088500976562,17.794719696044922,187.67453002929688,64.13809967041016,0.370269775390625,0.0223541259765625,0.0063018798828125,0.0056610107421875,0.048919677734375,0.254364013671875,0.202239990234375,0.0898895263671875,4.903260690142118,0.7624479108403817,0.32983544503080986,0.9911672484352194
1.0,0.99609375,0.0,1.0,1.0,0.7915702273958504,3.1846979912279836,0.0,0.0,0.0,0.0,0.0,0.0,80.89968872070312,64.4390640258789,23.885482788085938,41.48555374145508,203.51156616210938,43.78963088989258,0.409210205078125,0.03076171875,0.0093994140625,0.0074920654296875,0.0409088134765625,0.191162109375,0.1844482421875,0.126617431640625,5.707893468887123,0.7356764686477929,0.36047805593044663,0.9828867420732547
1.0,0.99609375,0.0,1.0,1.0,0.7915702273958504,3.1846979912279836,0.0,0.0,0.0,0.0,0.0,0.0,84.61759948730469,70.3462905883789,25.24603271484375,37.635704040527344,188.6321258544922,49.869014739990234,0.449249267578125,0.029327392578125,0.0016326904296875,0.0009307861328125,0.0070953369140625,0.065216064453125,0.196624755859375,0.2499237060546875,4.01089818433924,0.7883121764964817,0.31020625617777486,0.9896006090991307
1.0,0.99609375,0.0,1.0,1.0,0.7915702273958504,3.1846979912279836,0.0,0.0,0.0,0.0,0.0,0.0,80.04421997070312,68.92488098144531,22.635513305664062,35.88264083862305,188.3533477783203,60.20912551879883,0.454345703125,0.0284576416015625,0.0048828125,0.0036163330078125,0.0212554931640625,0.106719970703125,0.1877288818359375,0.1929931640625,7.18566577117801,0.718489323737676,0.37729978779848994,0.9863889692533274
1.0,0.99609375,0.0,1.0,1.0,0.7915702273958504,3.1846979912279836,0.0,0.0,0.0,0.0,0.0,0.0,99.98648071289062,67.27503967285156,18.516372680664062,28.80856704711914,174.03842163085938,67.82833862304688,0.33349609375,0.0118408203125,0.0008544921875,0.00079345703125,0.0064239501953125,0.07958984375,0.34197998046875,0.2250213623046875,5.853390272637277,0.7791351431430267,0.28480833799439625,0.9906458300674426
1.0,0.99609375,0.0,1.0,1.0,0.7915702273958504,3.1846979912279836,0.0,0.0,0.0,0.0,0.0,0.0,96.81082153320312,58.44673156738281,21.977706909179688,32.00187683105469,191.21119689941406,53.47938919067383,0.3158416748046875,0.0048980712890625,0.0006256103515625,0.000579833984375,0.0198211669921875,0.2265777587890625,0.36407470703125,0.0675811767578125,5.822583846972884,0.725844774453025,0.37186741175898724,0.986189653054662
1.0,0.99609375,0.0,1.0,1.0,0.7915702273958504,3.1846979912279836,0.0,0.0,0.0,0.0,0.0,0.0,87.59201049804688,64.18950653076172,23.7490234375,38.34329605102539,189.3189697265625,58.108726501464844,0.376983642578125,0.01019287109375,0.002777099609375,0.003662109375,0.032501220703125,0.21734619140625,0.2282257080078125,0.1283111572265625,5.398529336137959,0.7675372293273601,0.38430397677504224,0.989312716811479
1.0,0.99609375,0.0,1.0,1.0,0.7915702273958504,3.1846979912279836,0.0,0.0,0.0,0.0,0.0,0.0,103.33973693847656,54.99629211425781,13.9012451171875,24.280502319335938,186.0774688720703,64.17740631103516,0.2353515625,0.013275146484375,0.001678466796875,0.001800537109375,0.041046142578125,0.3128814697265625,0.309326171875,0.0846405029296875,6.872556490017013,0.7604269596138822,0.34599307054138223,0.9875405284041975
1.0,0.99609375,0.0,1.0,1.0,0.7915702273958504,3.1846979912279836,0.0,0.0,0.0,0.0,0.0,0.0,100.08952331542969,53.762020111083984,16.792694091796875,26.621585845947266,188.3535919189453,59.62069320678711,0.2525634765625,0.0179290771484375,0.0014190673828125,0.0009613037109375,0.0313720703125,0.318206787109375,0.347381591796875,0.0301666259765625,5.72499630996708,0.7678189425024409,0.40623225570798843,0.9882963995850665
1.0,0.99609375,0.0,1.0,1.0,0.7915702273958504,3.1846979912279836,0.0,0.0,0.0,0.0,0.0,0.0,122.19699096679688,53.87232971191406,12.838165283203125,32.01805877685547,222.5832061767578,27.50640869140625,0.17657470703125,0.00299072265625,0.0002593994140625,7.62939453125e-05,0.0059356689453125,0.127197265625,0.4137420654296875,0.273223876953125,3.5559718746505395,0.833116215422155,0.5752184757986795,0.9749590089075795
1.0,0.99609375,0.0,1.0,1.0,0.7915702273958504,3.1846979912279836,0.0,0.0,0.0,0.0,0.0,0.0,110.2635498046875,38.593894958496094,17.852676391601562,34.75733947753906,221.14263916015625,28.094274520874023,0.14013671875,0.000640869140625,7.62939453125e-05,7.62939453125e-05,0.0022430419921875,0.819183349609375,0.0295257568359375,0.00811767578125,2.395309118808181,0.8759248103464465,0.6463948595854127,0.983635179775066
1.0,0.99609375,0.0,1.0,1.0,0.7915702273958504,3.1846979912279836,0.0,0.0,0.0,0.0,0.0,0.0,106.27485656738281,41.037166595458984,17.329833984375,41.90815353393555,220.6533203125,31.663484573364258,0.15240478515625,0.0004119873046875,0.0,0.0,0.0501708984375,0.68975830078125,0.0784912109375,0.0287628173828125,1.4995602735938787,0.8739433484679673,0.5046160065489711,0.992652315131322
1.0,0.99609375,0.0,1.0,1.0,0.7915702273958504,3.1846979912279836,0.0,0.0,0.0,0.0,0.0,0.0,108.19793701171875,37.92314147949219,16.58209228515625,35.80680847167969,224.96087646484375,24.06182861328125,0.135955810546875,0.0009307861328125,4.57763671875e-05,1.52587890625e-05,0.045135498046875,0.747650146484375,0.0545654296875,0.0157012939453125,2.1719469595475336,0.8794021519937145,0.5018753198184116,0.9823801414972064
1.0,0.99609375,0.0,1.0,1.0,0.7915702273958504,3.1846979912279836,0.0,0.0,0.0,0.0,0.0,0.0,123.43911743164062,57.63553237915039,23.531097412109375,48.62329864501953,206.1796417236328,33.77006149291992,0.199737548828125,0.00030517578125,0.0,0.0,0.000274658203125,0.03399658203125,0.555572509765625,0.210113525390625,3.857518756131313,0.787843246196149,0.35070917814405006,0.9832003043169371
1.0,0.99609375,0.0,1.0,1.0,0.7915702273958504,3.1846979912279836,0.0,0.0,0.0,0.0,0.0,0.0,109.72358703613281,34.48849105834961,13.244705200195312,33.7846794128418,226.35418701171875,23.984962463378906,0.1042022705078125,0.00091552734375,1.52587890625e-05,0.000152587890625,0.1107940673828125,0.69952392578125,0.06494140625,0.0194549560546875,2.144635290265734,0.8963606367632213,0.5832452279222841,0.982743726946985
1.0,0.99609375,0.0,1.0,1.0,0.7915702273958504,3.1846979912279836,0.0,0.0,0.0,0.0,0.0,0.0,108.7486572265625,36.19479751586914,16.620712280273438,37.63533020019531,226.86370849609375,24.913219451904297,0.12158203125,0.0007171630859375,1.52587890625e-05,0.00018310546875,0.079437255859375,0.724945068359375,0.058868408203125,0.014251708984375,2.0068334320612533,0.901486836930337,0.7079587226325472,0.9850467389016946
1.0,0.99609375,0.0,1.0,1.0,0.7915702273958504,3.1846979912279836,0.0,0.0,0.0,0.0,0.0,0.0,106.05429077148438,37.652870178222656,17.8773193359375,42.298828125,219.93133544921875,33.40671920776367,0.13232421875,0.0009307861328125,0.0001220703125,6.103515625e-05,0.1514129638671875,0.6538543701171875,0.0525665283203125,0.00872802734375,2.459931203063607,0.860569409972334,0.4739366210474083,0.9889390770131872
1.0,0.99609375,0.0,1.0,1.0,0.7915702273958504,3.1846979912279836,0.0,0.0,0.0,0.0,0.0,0.0,110.07838439941406,42.40098190307617,18.489730834960938,41.46964645385742,223.95387268066406,25.910337448120117,0.1522674560546875,7.62939453125e-05,0.0,0.0,0.0131683349609375,0.64892578125,0.1556549072265625,0.0299072265625,1.3792174258259273,0.8901944433080676,0.5794800663822334,0.9911875753084298
1.0,0.99609375,0.0,1.0,1.0,0.7915702273958504,3.1846979912279836,0.0,0.0,0.0,0.0,0.0,0.0,120.96772766113281,64.39080047607422,25.77398681640625,50.49431610107422,201.3761749267578,28.93230628967285,0.24530029296875,3.0517578125e-05,0.0,0.0,0.0001068115234375,0.0100860595703125,0.5009002685546875,0.2435760498046875,2.184807491967584,0.8058005521009761,0.36733383438015954,0.988809938518916
1.0,0.99609375,0.0,1.0,1.0,0.7915702273958504,3.1846979912279836,0.0,0.0,0.0,0.0,0.0,0.0,104.27626037597656,63.088680267333984,30.112503051757812,50.50831604003906,209.14915466308594,30.048992156982422,0.315704345703125,0.0010986328125,3.0517578125e-05,1.52587890625e-05,0.0018463134765625,0.104461669921875,0.4151611328125,0.16168212890625,4.341164516681218,0.7543192455950165,0.337389582552863,0.9788240936116157
1.0,0.99609375,0.0,1.0,1.0,0.7915702273958504,3.1846979912279836,0.0,0.0,0.0,0.0,0.0,0.0,99.55064392089844,70.57543182373047,33.93754577636719,55.61530303955078,204.783203125,34.815452575683594,0.3820037841796875,0.00091552734375,3.0517578125e-05,0.0,0.0009002685546875,0.0291748046875,0.3149261474609375,0.2720489501953125,3.9235175654528818,0.7583448652723002,0.30910724023503733,0.9848515615607465
1.0,0.99609375,0.0,1.0,1.0,0.7915702273958504,3.1846979912279836,0.0,0.0,0.0,0.0,0.0,0.0,117.05772399902344,49.06361770629883,20.454315185546875,44.48843765258789,215.18797302246094,30.13953399658203,0.1713409423828125,0.00030517578125,1.52587890625e-05,3.0517578125e-05,0.0042266845703125,0.2960968017578125,0.450958251953125,0.0770263671875,3.222497315855478,0.8214219868106145,0.3762971023114342,0.9829243969244601
1.0,0.99609375,0.0,1.0,1.0,0.7915702273958504,3.1846979912279836,0.0,0.0,0.0,0.0,0.0,0.0,92.41081237792969,71.6635971069336,35.924346923828125,59.42510223388672,205.30641174316406,29.957481384277344,0.4295654296875,0.0004730224609375,4.57763671875e-05,0.0,0.0004119873046875,0.02581787109375,0.3052978515625,0.2383880615234375,4.994757760949135,0.739026069069866,0.3145657568319881,0.9773142401937165
1.0,0.99609375,0.0,1.0,1.0,0.7915702273958504,3.1846979912279836,0.0,0.0,0.0,0.0,0.0,0.0,107.97380065917969,67.91607666015625,34.02278137207031,57.49708938598633,200.78489685058594,32.35749435424805,0.3264007568359375,0.000732421875,6.103515625e-05,4.57763671875e-05,0.0005340576171875,0.0236358642578125,0.37115478515625,0.277435302734375,3.7219465431894196,0.7597741077399145,0.34663198716840404,0.9841520815295026
1.0,0.99609375,0.0,1.0,1.0,0.7915702273958504,3.1846979912279836,0.0,0.0,0.0,0.0,0.0,0.0,110.48895263671875,37.76422882080078,16.896728515625,35.5271110534668,221.95474243164062,33.47114944458008,0.128143310546875,0.0001068115234375,0.0,3.0517578125e-05,0.0142364501953125,0.81103515625,0.0371856689453125,0.0092620849609375,2.053764557068492,0.8772284852774416,0.534241782391743,0.9896174116825834
1.0,0.99609375,0.0,1.0,1.0,0.7915702273958504,3.1846979912279836,0.0,0.0,0.0,0.0,0.0,0.0,88.45735168457031,72.99037170410156,44.11756896972656,65.64661407470703,197.60687255859375,39.41402816772461,0.46484375,0.0020904541015625,0.0001220703125,7.62939453125e-05,0.000885009765625,0.0251617431640625,0.2048492431640625,0.301971435546875,5.398086451365224,0.7125161674807734,0.2777702361237929,0.9842310322211953
1.0,0.99609375,0.0,1.0,1.0,0.7915702273958504,3.1846979912279836,0.0,0.0,0.0,0.0,0.0,0.0,108.84091186523438,39.7484245300293,17.8748779296875,37.80781936645508,222.77574157714844,32.367347717285156,0.14141845703125,0.0003814697265625,0.0,1.52587890625e-05,0.031768798828125,0.7484130859375,0.057464599609375,0.020538330078125,2.1945260277221523,0.8831600761351652,0.6661992258633829,0.9889398039312454
1.0,0.99609375,0.0,1.0,1.0,0.7915702273958504,3.1846979912279836,0.0,0.0,0.0,0.0,0.0,0.0,74.77073669433594,76.74227142333984,40.95475769042969,62.97124481201172,197.7466278076172,34.346405029296875,0.575714111328125,0.0020904541015625,9.1552734375e-05,1.52587890625e-05,0.000396728515625,0.0050811767578125,0.0733795166015625,0.343231201171875,4.235685269002848,0.7367836435718705,0.2883806326191234,0.9846793839470873
1.0,0.99609375,0.0,1.0,1.0,0.7915702273958504,3.1846979912279836,0.0,0.0,0.0,0.0,0.0,0.0,106.9720458984375,39.38658142089844,14.89141845703125,34.964080810546875,226.03720092773438,23.31997299194336,0.1481475830078125,0.000732421875,0.0,0.0,0.0466156005859375,0.712982177734375,0.0711822509765625,0.0203399658203125,1.2817581243519627,0.9076040706022968,0.7304485934905082,0.989264254983901
1.0,0.99609375,0.0,1.0,1.0,0.7915702273958504,3.1846979912279836,0.0,0.0,0.0,0.0,0.0,0.0,102.84690856933594,44.10569381713867,15.187713623046875,34.224632263183594,220.7360382080078,29.448820114135742,0.1858367919921875,0.00262451171875,0.0001373291015625,0.001068115234375,0.0460968017578125,0.6483001708984375,0.0894775390625,0.026458740234375,1.8906079019954714,0.8769449807632577,0.486958201369376,0.9880309527562259
1.0,0.99609375,0.0,1.0,1.0,0.7915702273958504,3.1846979912279836,0.0,0.0,0.0,0.0,0.0,0.0,112.12973022460938,37.70160675048828,17.087005615234375,39.18944549560547,225.7998504638672,25.229738235473633,0.1219940185546875,0.000274658203125,1.52587890625e-05,0.0,0.01348876953125,0.774993896484375,0.0759124755859375,0.0133209228515625,1.743245884976052,0.8785562717401179,0.5297889393718933,0.9879982859909485
1.0,0.99609375,0.0,1.0,1.0,0.7915702273958504,3.1846979912279836,0.0,0.0,0.0,0.0,0.0,0.0,111.71736145019531,36.22576141357422,12.53997802734375,25.037025451660156,220.91778564453125,41.11365509033203,0.1147918701171875,0.0002899169921875,1.52587890625e-05,0.0,0.01568603515625,0.82904052734375,0.0335693359375,0.0066070556640625,2.0529674512297245,0.8827153715153403,0.6487143921115743,0.9917351027715998
1.0,0.99609375,0.0,1.0,1.0,0.7915702273958504,3.1846979912279836,0.0,0.0,0.0,0.0,0.0,0.0,124.28715515136719,51.272953033447266,20.190689086914062,44.297584533691406,212.22352600097656,27.19197654724121,0.1650543212890625,1.52587890625e-05,1.52587890625e-05,3.0517578125e-05,0.000701904296875,0.092864990234375,0.610504150390625,0.1308135986328125,4.066941339125025,0.8287326369187121,0.36615856213715353,0.974994460838665
1.0,0.99609375,0.0,1.0,1.0,0.7915702273958504,3.1846979912279836,0.0,0.0,0.0,0.0,0.0,0.0,109.92803955078125,37.758094787597656,15.250091552734375,34.91957092285156,230.10641479492188,15.291248321533203,0.131683349609375,0.00042724609375,0.0,0.0,0.0309295654296875,0.7476959228515625,0.0698089599609375,0.0194549560546875,0.8263743462172697,0.9189673408411562,0.7598960256819411,0.9881303514215809
1.0,0.99609375,0.0,1.0,1.0,0.7915702273958504,3.1846979912279836,0.0,0.0,0.0,0.0,0.0,0.0,107.17927551269531,39.12025451660156,17.357925415039062,39.455543518066406,224.41590881347656,30.96817398071289,0.1402587890625,0.00067138671875,0.0,0.0,0.05975341796875,0.731475830078125,0.0540924072265625,0.0137481689453125,1.9911416800150996,0.8909637991807255,0.7681743215605579,0.9897022945749719
1.0,0.99609375,0.0,1.0,1.0,0.7915702273958504,3.1846979912279836,0.0,0.0,0.0,0.0,0.0,0.0,107.62115478515625,39.14686584472656,15.104385375976562,33.827125549316406,221.76368713378906,31.134828567504883,0.1471710205078125,0.0012969970703125,0.0,3.0517578125e-05,0.0262298583984375,0.7258758544921875,0.0838165283203125,0.0155792236328125,2.1218996040848066,0.8616056168540696,0.5565025727274502,0.9877051711971552
1.0,0.99609375,0.0,1.0,1.0,0.7915702273958504,3.1846979912279836,0.0,0.0,0.0,0.0,0.0,0.0,111.48223876953125,39.9835205078125,18.51934814453125,42.02373123168945,223.05677795410156,27.180898666381836,0.1357879638671875,0.0007171630859375,0.0,0.0,0.013702392578125,0.711578369140625,0.104644775390625,0.0335693359375,1.9490397215959412,0.8795406051214156,0.4929244363392681,0.9877798576012502
1.0,0.99609375,0.0,1.0,1.0,0.7915702273958504,3.1846979912279836,0.0,0.0,0.0,0.0,0.0,0.0,112.54083251953125,36.998714447021484,15.404144287109375,36.467063903808594,224.8074951171875,26.734100341796875,0.1153564453125,0.0004730224609375,0.0,0.0,0.029205322265625,0.7287750244140625,0.1109161376953125,0.0152740478515625,1.9598886669328741,0.8821993889457025,0.5341693095120631,0.9869580845980118
1.0,0.99609375,0.0,1.0,1.0,0.7915702273958504,3.1846979912279836,0.0,0.0,0.0,0.0,0.0,0.0,111.7208251953125,37.795684814453125,16.79949951171875,40.15807342529297,226.51011657714844,23.16263771057129,0.123565673828125,0.0005340576171875,1.52587890625e-05,4.57763671875e-05,0.027984619140625,0.7044677734375,0.1212005615234375,0.022186279296875,2.0652349811750645,0.8895847144350186,0.6375591564854977,0.9840346492290852
1.0,0.99609375,0.0,1.0,1.0,0.7915702273958504,3.1846979912279836,0.0,0.0,0.0,0.0,0.0,0.0,111.02420043945312,36.82685852050781,17.025619506835938,38.94950866699219,227.7189178466797,25.591684341430664,0.1204376220703125,0.000335693359375,0.0,0.0,0.034820556640625,0.7648162841796875,0.0652618408203125,0.0143280029296875,1.9069421500137067,0.8811211486356145,0.6732298359869029,0.9867583854350171
1.0,0.99609375,0.0,1.0,1.0,0.7915702273958504,3.1846979912279836,0.0,0.0,0.0,0.0,0.0,0.0,113.3465576171875,34.98640823364258,14.64141845703125,36.2258415222168,228.13668823242188,28.447723388671875,0.1025543212890625,0.00042724609375,1.52587890625e-05,0.0,0.0183563232421875,0.800323486328125,0.0674591064453125,0.0108642578125,1.6230759418289251,0.9153167490762897,0.81101561728968,0.989833053318824
1.0,0.99609375,0.0,1.0,1.0,0.7915702273958504,3.1846979912279836,0.0,0.0,0.0,0.0,0.0,0.0,108.08512878417969,38.82054138183594,19.547470092773438,43.62934112548828,223.8641815185547,28.878387451171875,0.139862060546875,0.000244140625,1.52587890625e-05,0.0,0.043853759765625,0.7376861572265625,0.0676116943359375,0.0107269287109375,1.6164101181426802,0.9054285272639284,0.7016549053449439,0.9911633209390398
1.0,0.99609375,0.0,1.0,1.0,0.7915702273958504,3.1846979912279836,0.0,0.0,0.0,0.0,0.0,0.0,112.6947021484375,38.10132598876953,16.555068969726562,40.201515197753906,224.1326446533203,26.58355140686035,0.1215362548828125,0.000244140625,4.57763671875e-05,4.57763671875e-05,0.018310546875,0.6620330810546875,0.1802215576171875,0.0175628662109375,1.7927101864748778,0.8943559502389411,0.6053142541161003,0.9885281208950132
1.0,0.99609375,0.0,1.0,1.0,0.7915702273958504,3.1846979912279836,0.0,0.0,0.0,0.0,0.0,0.0,110.74595642089844,72.13631439208984,18.574188232421875,44.40801239013672,220.9527130126953,16.680089950561523,0.33221435546875,0.00189208984375,6.103515625e-05,3.0517578125e-05,0.0003662109375,0.012603759765625,0.167938232421875,0.484893798828125,1.8735850582989892,0.8387438629929812,0.3714956052617624,0.9787839184653502
1.0,0.99609375,0.0,1.0,1.0,0.7915702273958504,3.1846979912279836,0.0,0.0,0.0,0.0,0.0,0.0,107.2144775390625,43.83755874633789,18.699386596679688,43.98335266113281,221.37245178222656,28.66167449951172,0.163482666015625,0.000457763671875,6.103515625e-05,4.57763671875e-05,0.03289794921875,0.629638671875,0.1273345947265625,0.04608154296875,1.482027620459698,0.9004013505635234,0.5327118707078127,0.9922228846324328
1.0,0.99609375,0.0,1.0,1.0,0.7915702273958504,3.1846979912279836,0.0,0.0,0.0,0.0,0.0,0.0,110.63446044921875,35.63250732421875,15.277786254882812,36.61692428588867,225.28431701660156,23.563983917236328,0.115081787109375,0.0009002685546875,4.57763671875e-05,7.62939453125e-05,0.0427703857421875,0.7806854248046875,0.050811767578125,0.0096282958984375,1.5032506229742841,0.9074141681153406,0.5775252772125152,0.98793236981002
1.0,0.99609375,0.0,1.0,1.0,0.7915702273958504,3.1846979912279836,0.0,0.0,0.0,0.0,0.0,0.0,110.91317749023438,38.594703674316406,18.437973022460938,41.729225158691406,222.4619598388672,28.476560592651367,0.13116455078125,0.000518798828125,1.52587890625e-05,3.0517578125e-05,0.02130126953125,0.7486724853515625,0.0823822021484375,0.0159149169921875,1.8906480899876184,0.8851119099066553,0.5957134202227781,0.9889183789555627
1.0,0.99609375,0.0,1.0,1.0,0.7915702273958504,3.1846979912279836,0.0,0.0,0.0,0.0,0.0,0.0,106.73721313476562,41.25165939331055,19.66009521484375,42.853511810302734,221.7625732421875,34.08779525756836,0.1527557373046875,0.0009307861328125,4.57763671875e-05,0.0,0.0410003662109375,0.7248077392578125,0.06292724609375,0.0175323486328125,1.8144756752936249,0.8809141107963805,0.6119969749928597,0.9921839546889188
1.0,0.99609375,0.0,1.0,1.0,0.7915702273958504,3.1846979912279836,0.0,0.0,0.0,0.0,0.0,0.0,111.81871032714844,38.9327392578125,16.191329956054688,37.492610931396484,227.22894287109375,21.437639236450195,0.126708984375,0.0056304931640625,0.0,1.52587890625e-05,0.0309295654296875,0.66265869140625,0.1435546875,0.0305023193359375,1.3835439930494173,0.8952564555408914,0.5842743468653235,0.9874552083025278
1.0,0.99609375,0.0,1.0,1.0,0.7915702273958504,3.1846979912279836,0.0,0.0,0.0,0.0,0.0,0.0,110.72119140625,37.28697967529297,14.62353515625,33.08000946044922,228.0071258544922,22.00614356994629,0.105316162109375,0.0280303955078125,4.57763671875e-05,1.52587890625e-05,0.030059814453125,0.715545654296875,0.0994873046875,0.0214996337890625,1.4987965794298084,0.9085475215163166,0.5161713148178237,0.9847987680648802
1.0,0.99609375,0.0,1.0,1.0,0.7915702273958504,3.1846979912279836,0.0,0.0,0.0,0.0,0.0,0.0,110.93382263183594,35.214683532714844,12.36859130859375,33.04225158691406,230.90310668945312,19.899003982543945,0.111572265625,0.001373291015625,7.62939453125e-05,7.62939453125e-05,0.0549468994140625,0.7342071533203125,0.072784423828125,0.02496337890625,1.2608629883056675,0.9183337106066876,0.5497265247357004,0.985922011638753
1.0,0.99609375,0.0,1.0,1.0,0.7915702273958504,3.1846979912279836,0.0,0.0,0.0,0.0,0.0,0.0,112.85086059570312,34.667301177978516,10.883224487304688,27.735332489013672,232.80398559570312,18.184364318847656,0.0936126708984375,0.013092041015625,3.0517578125e-05,0.0,0.0360565185546875,0.7239990234375,0.1148529052734375,0.0183563232421875,0.9784975527314903,0.9309113253863781,0.7165914738965966,0.98634306832511
1.0,0.99609375,0.0,1.0,1.0,0.7915702273958504,3.1846979912279836,0.0,0.0,0.0,0.0,0.0,0.0,112.28353881835938,32.941062927246094,12.0849609375,29.19866371154785,232.26278686523438,20.130897521972656,0.097625732421875,0.0022430419921875,1.52587890625e-05,9.1552734375e-05,0.0581817626953125,0.7677001953125,0.0634002685546875,0.0107421875,1.105309547722363,0.9235009386637765,0.6934432698654506,0.9870260793434029
1.0,0.99609375,0.0,1.0,1.0,0.7915702273958504,3.1846979912279836,0.0,0.0,0.0,0.0,0.0,0.0,113.64370727539062,34.95061111450195,14.091964721679688,32.45150375366211,228.720947265625,31.129066467285156,0.10028076171875,0.0001678466796875,0.0,1.52587890625e-05,0.0243072509765625,0.7965545654296875,0.060699462890625,0.017974853515625,2.186316435473717,0.9051055563382415,0.5689958100326387,0.9872630026547908
1.0,0.99609375,0.0,1.0,1.0,0.7915702273958504,3.1846979912279836,0.0,0.0,0.0,0.0,0.0,0.0,110.24362182617188,38.50374221801758,16.178939819335938,34.33172607421875,221.65048217773438,32.619075775146484,0.1319580078125,0.000732421875,0.0,1.52587890625e-05,0.011505126953125,0.78106689453125,0.0645751953125,0.0101470947265625,1.4471456412492159,0.8783319538261063,0.48611700604536806,0.992313750279356
1.0,0.99609375,0.0,1.0,1.0,0.7915702273958504,3.1846979912279836,0.0,0.0,0.0,0.0,0.0,0.0,110.45759582519531,39.244850158691406,20.695144653320312,49.154178619384766,215.28744506835938,25.58905792236328,0.133026123046875,0.00054931640625,4.57763671875e-05,9.1552734375e-05,0.0188140869140625,0.7104034423828125,0.1199951171875,0.0170745849609375,1.5183266386050929,0.8928191414592237,0.5553668696630931,0.990935823990913
1.0,0.99609375,0.0,1.0,1.0,0.7915702273958504,3.1846979912279836,0.0,0.0,0.0,0.0,0.0,0.0,108.95086669921875,40.04731369018555,19.110580444335938,46.478763580322266,213.31829833984375,30.825284957885742,0.1383056640625,0.0007476806640625,9.1552734375e-05,0.0001678466796875,0.037811279296875,0.6736297607421875,0.1249847412109375,0.024261474609375,1.8543686815008655,0.8923153623647626,0.5227248573185019,0.9909426920330064
1.0,0.99609375,0.0,1.0,1.0,0.7915702273958504,3.1846979912279836,0.0,0.0,0.0,0.0,0.0,0.0,110.48849487304688,37.82661056518555,13.828323364257812,37.37289810180664,217.04649353027344,20.523881912231445,0.1238555908203125,0.0009307861328125,0.0,0.0,0.0202789306640625,0.7268829345703125,0.0899200439453125,0.0381317138671875,1.103237414118885,0.8979447661652473,0.6216693638164758,0.9888391105098342
1.0,0.99609375,0.0,1.0,1.0,0.7915702273958504,3.1846979912279836,0.0,0.0,0.0,0.0,0.0,0.0,112.06204223632812,36.68157958984375,15.093215942382812,39.31479263305664,217.0548553466797,24.928773880004883,0.113250732421875,0.000335693359375,0.0,0.0,0.041656494140625,0.69573974609375,0.1282806396484375,0.0207366943359375,1.3900643684171243,0.8636104476728614,0.5127873481065588,0.9899499484900764
1.0,0.99609375,0.0,1.0,1.0,0.7915702273958504,3.1846979912279836,0.0,0.0,0.0,0.0,0.0,0.0,113.39286804199219,35.571693420410156,15.872512817382812,39.060508728027344,215.86940002441406,32.411521911621094,0.1024017333984375,0.0004730224609375,0.0,4.57763671875e-05,0.0196075439453125,0.7680816650390625,0.095184326171875,0.0142059326171875,1.8183474084469282,0.8893412040488704,0.6221215828666975,0.9908177637227095
1.0,0.99609375,0.0,1.0,1.0,0.7915702273958504,3.1846979912279836,0.0,0.0,0.0,0.0,0.0,0.0,113.09017944335938,37.33370590209961,15.54888916015625,42.52925109863281,217.18272399902344,23.48402214050293,0.1117706298828125,0.000823974609375,3.0517578125e-05,0.0,0.031982421875,0.6558074951171875,0.169158935546875,0.030426025390625,1.367451278139066,0.8751937666473257,0.5190957668029573,0.989921868088122
1.0,0.99609375,0.0,1.0,1.0,0.7915702273958504,3.1846979912279836,0.0,0.0,0.0,0.0,0.0,0.0,112.36970520019531,42.900604248046875,19.789031982421875,44.446231842041016,208.6006317138672,33.299903869628906,0.1472320556640625,0.0002899169921875,0.0,3.0517578125e-05,0.0120391845703125,0.5409698486328125,0.2692413330078125,0.0301971435546875,1.7597694386682057,0.888988980161957,0.5988500729213031,0.9917996497927883
1.0,0.99609375,0.0,1.0,1.0,0.7915702273958504,3.1846979912279836,0.0,0.0,0.0,0.0,0.0,0.0,114.82479858398438,34.47889709472656,14.496078491210938,32.82040023803711,212.35922241210938,24.341575622558594,0.09765625,0.0071563720703125,1.52587890625e-05,3.0517578125e-05,0.012847900390625,0.7529296875,0.11810302734375,0.011260986328125,1.6734598739454862,0.8959126795200658,0.5091785607857211,0.9847518395715903
1.0,0.99609375,0.0,1.0,1.0,0.7915702273958504,3.1846979912279836,0.0,0.0,0.0,0.0,0.0,0.0,108.68843078613281,41.52023696899414,19.186477661132812,40.49215316772461,207.87860107421875,31.573463439941406,0.1573638916015625,0.00054931640625,4.57763671875e-05,0.0,0.018951416015625,0.663177490234375,0.138671875,0.021240234375,1.6656665650650213,0.8716296801119422,0.47472778204724575,0.9909083106353613
1.0,0.99609375,0.0,1.0,1.0,0.7915702273958504,3.1846979912279836,0.0,0.0,0.0,0.0,0.0,0.0,112.83444213867188,36.49906921386719,15.772323608398438,38.517982482910156,211.84823608398438,25.147645950317383,0.1134185791015625,0.00067138671875,4.57763671875e-05,0.0,0.02716064453125,0.6949615478515625,0.145843505859375,0.0178985595703125,1.685322546343038,0.8928621906217487,0.5044838468249078,0.9872943803365299
1.0,0.99609375,0.0,1.0,1.0,0.7915702273958504,3.1846979912279836,0.0,0.0,0.0,0.0,0.0,0.0,110.25521850585938,40.65724182128906,18.472824096679688,42.36006546020508,221.61477661132812,29.839448928833008,0.1404876708984375,0.0001220703125,0.0,0.0,0.0242767333984375,0.6838836669921875,0.1287078857421875,0.02252197265625,1.8811300129748685,0.8661078992763773,0.4741574813247307,0.9899938765385754
1.0,0.99609375,0.0,1.0,1.0,0.7915702273958504,3.1846979912279836,0.0,0.0,0.0,0.0,0.0,0.0,112.36552429199219,37.444313049316406,16.136962890625,35.65623474121094,213.19134521484375,26.93801498413086,0.1250457763671875,0.0004119873046875,1.52587890625e-05,3.0517578125e-05,0.0165252685546875,0.7298583984375,0.107269287109375,0.020843505859375,1.2770451203120756,0.9041504111582261,0.6856315857050141,0.9905228451764145
1.0,0.99609375,0.0,1.0,1.0,0.7915702273958504,3.1846979912279836,0.0,0.0,0.0,0.0,0.0,0.0,113.865234375,33.649227142333984,12.327392578125,33.86811065673828,212.75106811523438,24.149621963500977,0.095733642578125,0.000579833984375,1.52587890625e-05,0.0,0.04541015625,0.690643310546875,0.145111083984375,0.0225067138671875,1.3042158336204555,0.9128636661410368,0.5417128580991177,0.9884525753846578
1.0,0.99609375,0.0,1.0,1.0,0.7915702273958504,3.1846979912279836,0.0,0.0,0.0,0.0,0.0,0.0,113.57389831542969,37.234466552734375,15.892868041992188,40.11442947387695,210.35128784179688,33.10253143310547,0.1077117919921875,0.0006256103515625,6.103515625e-05,3.0517578125e-05,0.021484375,0.69122314453125,0.15576171875,0.023101806640625,2.2001767667699306,0.8988153225107052,0.5348662596648543,0.9893134975665683
1.0,0.99609375,0.0,1.0,1.0,0.7915702273958504,3.1846979912279836,0.0,0.0,0.0,0.0,0.0,0.0,107.90129089355469,40.858585357666016,20.129852294921875,44.758201599121094,210.93971252441406,32.50376510620117,0.1518402099609375,0.0003509521484375,1.52587890625e-05,0.0,0.0298614501953125,0.6956634521484375,0.0997772216796875,0.022491455078125,1.7547642054615495,0.9046365933509082,0.7245829770537189,0.9912920298018144
1.0,0.99609375,0.0,1.0,1.0,0.7915702273958504,3.1846979912279836,0.0,0.0,0.0,0.0,0.0,0.0,109.86570739746094,37.34510803222656,15.0703125,33.974124908447266,213.201904296875,30.080541610717773,0.12945556640625,0.0018310546875,6.103515625e-05,1.52587890625e-05,0.0272216796875,0.761505126953125,0.06768798828125,0.0122222900390625,1.2443731857125122,0.9166643829297161,0.7812055791014474,0.9920021223888738
1.0,0.99609375,0.0,1.0,1.0,0.7915702273958504,3.1846979912279836,0.0,0.0,0.0,0.0,0.0,0.0,111.6064453125,36.75776290893555,15.235275268554688,38.843624114990234,213.5826416015625,25.060646057128906,0.11651611328125,0.00042724609375,1.52587890625e-05,0.0,0.03704833984375,0.687408447265625,0.1433258056640625,0.0152587890625,1.3063478829388988,0.8886706481429114,0.6086358334903738,0.9903321594964061
1.0,0.99609375,0.0,1.0,1.0,0.7915702273958504,3.1846979912279836,0.0,0.0,0.0,0.0,0.0,0.0,115.11772155761719,34.61656951904297,13.519760131835938,33.863555908203125,214.19485473632812,25.23645782470703,0.0997161865234375,0.0006256103515625,0.0,4.57763671875e-05,0.0235748291015625,0.7044830322265625,0.15838623046875,0.0131683349609375,1.2034613707968886,0.8984029194628331,0.5619740003686469,0.9900894654992255
1.0,0.99609375,0.0,1.0,1.0,0.7915702273958504,3.1846979912279836,0.0,0.0,0.0,0.0,0.0,0.0,105.57978820800781,42.779788970947266,18.582656860351562,42.8634147644043,220.04364013671875,31.11193084716797,0.16265869140625,0.0011749267578125,6.103515625e-05,0.0,0.0524749755859375,0.66790771484375,0.0783538818359375,0.0373687744140625,2.048707802114205,0.8836393338688698,0.5417677709485278,0.9900473263325087
1.0,0.99609375,0.0,1.0,1.0,0.7915702273958504,3.1846979912279836,0.0,0.0,0.0,0.0,0.0,0.0,120.67216491699219,64.61104583740234,22.872451782226562,48.027957916259766,207.9855499267578,25.18081283569336,0.246917724609375,6.103515625e-05,0.0,0.0,6.103515625e-05,0.0130157470703125,0.4323883056640625,0.30755615234375,2.8284633148213962,0.8326084647975729,0.39226349915059744,0.9814817752250342
1.0,0.99609375,0.0,1.0,1.0,0.7915702273958504,3.1846979912279836,0.0,0.0,0.0,0.0,0.0,0.0,100.40675354003906,44.76302719116211,15.752044677734375,36.44036865234375,214.89810180664062,40.369354248046875,0.1914825439453125,0.002227783203125,3.0517578125e-05,0.0011138916015625,0.0933837890625,0.6412200927734375,0.0358734130859375,0.03466796875,2.15950952099089,0.8777262971117228,0.6951148630706285,0.9919662112061367
1.0,0.99609375,0.0,1.0,1.0,0.7915702273958504,3.1846979912279836,0.0,0.0,0.0,0.0,0.0,0.0,100.33969116210938,71.40461730957031,13.044631958007812,35.68966293334961,202.0778045654297,26.46770477294922,0.348602294921875,0.0240631103515625,0.0020751953125,0.0008697509765625,0.0054473876953125,0.046783447265625,0.239105224609375,0.3330535888671875,2.5403429633226384,0.8276569730753389,0.46472192638972304,0.9809396093944382
1.0,0.99609375,0.0,1.0,1.0,0.7915702273958504,3.1846979912279836,0.0,0.0,0.0,0.0,0.0,0.0,106.76133728027344,66.54508209228516,23.1632080078125,45.82891082763672,219.90171813964844,25.58650016784668,0.3129425048828125,0.00128173828125,6.103515625e-05,4.57763671875e-05,0.0028533935546875,0.070770263671875,0.316864013671875,0.2951812744140625,5.5496828002825165,0.7713611269501293,0.46973660020276636,0.9665273690827686
1.0,0.99609375,0.0,1.0,1.0,0.7915702273958504,3.1846979912279836,0.0,0.0,0.0,0.0,0.0,0.0,117.86370849609375,68.16828918457031,17.292831420898438,36.03683090209961,218.14659118652344,25.424123764038086,0.279449462890625,0.0009307861328125,3.0517578125e-05,1.52587890625e-05,0.0002288818359375,0.01141357421875,0.273040771484375,0.4348907470703125,3.48317602875989,0.7989441499852716,0.39039428553830346,0.9738211170270317
1.0,0.99609375,0.0,1.0,1.0,0.7915702273958504,3.1846979912279836,0.0,0.0,0.0,0.0,0.0,0.0,114.16264343261719,70.2063217163086,18.229095458984375,39.863433837890625,217.0260467529297,29.59071159362793,0.30108642578125,0.0018768310546875,9.1552734375e-05,6.103515625e-05,0.0010833740234375,0.0187835693359375,0.20074462890625,0.4762725830078125,5.0303199625146116,0.7995099625442392,0.411654851826265,0.9718118912067776
1.0,0.99609375,0.0,1.0,1.0,0.7915702273958504,3.1846979912279836,0.0,0.0,0.0,0.0,0.0,0.0,109.58480834960938,62.95431137084961,22.92645263671875,46.66024398803711,220.9446563720703,24.102371215820312,0.278045654296875,0.002227783203125,0.0001373291015625,4.57763671875e-05,0.0055389404296875,0.12579345703125,0.3079833984375,0.2802276611328125,3.302683173240683,0.7901919357089237,0.5303895662188078,0.9790698220055762
1.0,0.99609375,0.0,1.0,1.0,0.7915702273958504,3.1846979912279836,0.0,0.0,0.0,0.0,0.0,0.0,116.02781677246094,56.83656311035156,19.159423828125,39.68602752685547,217.26708984375,31.74329948425293,0.2168426513671875,0.00146484375,0.0001220703125,9.1552734375e-05,0.0048675537109375,0.1234130859375,0.4582366943359375,0.1949615478515625,4.316451387306526,0.774998396131124,0.46328572777979604,0.9786783541238344
1.0,0.99609375,0.0,1.0,1.0,0.7915702273958504,3.1846979912279836,0.0,0.0,0.0,0.0,0.0,0.0,122.38612365722656,61.4608268737793,15.694046020507812,31.633211135864258,213.72625732421875,30.332229614257812,0.22540283203125,0.000885009765625,4.57763671875e-05,1.52587890625e-05,0.0006256103515625,0.0225830078125,0.407196044921875,0.3432464599609375,3.7600378491723507,0.7835056351635804,0.3494968095902546,0.9772913814353011
1.0,0.99609375,0.0,1.0,1.0,0.7915702273958504,3.1846979912279836,0.0,0.0,0.0,0.0,0.0,0.0,117.08724975585938,68.43579864501953,18.148223876953125,39.83838653564453,216.2841339111328,29.71532440185547,0.281005859375,0.0018463134765625,4.57763671875e-05,1.52587890625e-05,0.0016937255859375,0.0234375,0.1985015869140625,0.4934539794921875,3.9962158033580826,0.8085643202987959,0.4352383962710592,0.9780762650203502
1.0,0.99609375,0.0,1.0,1.0,0.7915702273958504,3.1846979912279836,0.0,0.0,0.0,0.0,0.0,0.0,122.19699096679688,53.87232971191406,12.838165283203125,32.01805877685547,222.5832061767578,27.50640869140625,0.17657470703125,0.00299072265625,0.0002593994140625,7.62939453125e-05,0.0059356689453125,0.127197265625,0.4137420654296875,0.273223876953125,3.5559718746505395,0.833116215422155,0.5752184757986795,0.9749590089075795
1.0,0.99609375,0.0,1.0,1.0,0.7915702273958504,3.1846979912279836,0.0,0.0,0.0,0.0,0.0,0.0,110.2635498046875,38.593894958496094,17.852676391601562,34.75733947753906,221.14263916015625,28.094274520874023,0.14013671875,0.000640869140625,7.62939453125e-05,7.62939453125e-05,0.0022430419921875,0.819183349609375,0.0295257568359375,0.00811767578125,2.395309118808181,0.8759248103464465,0.6463948595854127,0.983635179775066
1.0,0.99609375,0.0,1.0,1.0,0.7915702273958504,3.1846979912279836,0.0,0.0,0.0,0.0,0.0,0.0,106.27485656738281,41.037166595458984,17.329833984375,41.90815353393555,220.6533203125,31.663484573364258,0.15240478515625,0.0004119873046875,0.0,0.0,0.0501708984375,0.68975830078125,0.0784912109375,0.0287628173828125,1.4995602735938787,0.8739433484679673,0.5046160065489711,0.992652315131322
1.0,0.99609375,0.0,1.0,1.0,0.7915702273958504,3.1846979912279836,0.0,0.0,0.0,0.0,0.0,0.0,108.19793701171875,37.92314147949219,16.58209228515625,35.80680847167969,224.96087646484375,24.06182861328125,0.135955810546875,0.0009307861328125,4.57763671875e-05,1.52587890625e-05,0.045135498046875,0.747650146484375,0.0545654296875,0.0157012939453125,2.1719469595475336,0.8794021519937145,0.5018753198184116,0.9823801414972064
1.0,0.99609375,0.0,1.0,1.0,0.7915702273958504,3.1846979912279836,0.0,0.0,0.0,0.0,0.0,0.0,123.43911743164062,57.63553237915039,23.531097412109375,48.62329864501953,206.1796417236328,33.77006149291992,0.199737548828125,0.00030517578125,0.0,0.0,0.000274658203125,0.03399658203125,0.555572509765625,0.210113525390625,3.857518756131313,0.787843246196149,0.35070917814405006,0.9832003043169371
1.0,0.99609375,0.0,1.0,1.0,0.7915702273958504,3.1846979912279836,0.0,0.0,0.0,0.0,0.0,0.0,109.72358703613281,34.48849105834961,13.244705200195312,33.7846794128418,226.35418701171875,23.984962463378906,0.1042022705078125,0.00091552734375,1.52587890625e-05,0.000152587890625,0.1107940673828125,0.69952392578125,0.06494140625,0.0194549560546875,2.144635290265734,0.8963606367632213,0.5832452279222841,0.982743726946985
1.0,0.99609375,0.0,1.0,1.0,0.7915702273958504,3.1846979912279836,0.0,0.0,0.0,0.0,0.0,0.0,108.7486572265625,36.19479751586914,16.620712280273438,37.63533020019531,226.86370849609375,24.913219451904297,0.12158203125,0.0007171630859375,1.52587890625e-05,0.00018310546875,0.079437255859375,0.724945068359375,0.058868408203125,0.014251708984375,2.0068334320612533,0.901486836930337,0.7079587226325472,0.9850467389016946
1.0,0.99609375,0.0,1.0,1.0,0.7915702273958504,3.1846979912279836,0.0,0.0,0.0,0.0,0.0,0.0,106.05429077148438,37.652870178222656,17.8773193359375,42.298828125,219.93133544921875,33.40671920776367,0.13232421875,0.0009307861328125,0.0001220703125,6.103515625e-05,0.1514129638671875,0.6538543701171875,0.0525665283203125,0.00872802734375,2.459931203063607,0.860569409972334,0.4739366210474083,0.9889390770131872
1.0,0.99609375,0.0,1.0,1.0,0.7915702273958504,3.1846979912279836,0.0,0.0,0.0,0.0,0.0,0.0,110.07838439941406,42.40098190307617,18.489730834960938,41.46964645385742,223.95387268066406,25.910337448120117,0.1522674560546875,7.62939453125e-05,0.0,0.0,0.0131683349609375,0.64892578125,0.1556549072265625,0.0299072265625,1.3792174258259273,0.8901944433080676,0.5794800663822334,0.9911875753084298
1.0,0.99609375,0.0,1.0,1.0,0.7915702273958504,3.1846979912279836,0.0,0.0,0.0,0.0,0.0,0.0,120.96772766113281,64.39080047607422,25.77398681640625,50.49431610107422,201.3761749267578,28.93230628967285,0.24530029296875,3.0517578125e-05,0.0,0.0,0.0001068115234375,0.0100860595703125,0.5009002685546875,0.2435760498046875,2.184807491967584,0.8058005521009761,0.36733383438015954,0.988809938518916
1.0,0.99609375,0.0,1.0,1.0,0.7915702273958504,3.1846979912279836,0.0,0.0,0.0,0.0,0.0,0.0,104.27626037597656,63.088680267333984,30.112503051757812,50.50831604003906,209.14915466308594,30.048992156982422,0.315704345703125,0.0010986328125,3.0517578125e-05,1.52587890625e-05,0.0018463134765625,0.104461669921875,0.4151611328125,0.16168212890625,4.341164516681218,0.7543192455950165,0.337389582552863,0.9788240936116157
1.0,0.99609375,0.0,1.0,1.0,0.7915702273958504,3.1846979912279836,0.0,0.0,0.0,0.0,0.0,0.0,99.55064392089844,70.57543182373047,33.93754577636719,55.61530303955078,204.783203125,34.815452575683594,0.3820037841796875,0.00091552734375,3.0517578125e-05,0.0,0.0009002685546875,0.0291748046875,0.3149261474609375,0.2720489501953125,3.9235175654528818,0.7583448652723002,0.30910724023503733,0.9848515615607465
1.0,0.99609375,0.0,1.0,1.0,0.7915702273958504,3.1846979912279836,0.0,0.0,0.0,0.0,0.0,0.0,117.05772399902344,49.06361770629883,20.454315185546875,44.48843765258789,215.18797302246094,30.13953399658203,0.1713409423828125,0.00030517578125,1.52587890625e-05,3.0517578125e-05,0.0042266845703125,0.2960968017578125,0.450958251953125,0.0770263671875,3.222497315855478,0.8214219868106145,0.3762971023114342,0.9829243969244601
1.0,0.99609375,0.0,1.0,1.0,0.7915702273958504,3.1846979912279836,0.0,0.0,0.0,0.0,0.0,0.0,92.41081237792969,71.6635971069336,35.924346923828125,59.42510223388672,205.30641174316406,29.957481384277344,0.4295654296875,0.0004730224609375,4.57763671875e-05,0.0,0.0004119873046875,0.02581787109375,0.3052978515625,0.2383880615234375,4.994757760949135,0.739026069069866,0.3145657568319881,0.9773142401937165
1.0,0.99609375,0.0,1.0,1.0,0.7915702273958504,3.1846979912279836,0.0,0.0,0.0,0.0,0.0,0.0,107.97380065917969,67.91607666015625,34.02278137207031,57.49708938598633,200.78489685058594,32.35749435424805,0.3264007568359375,0.000732421875,6.103515625e-05,4.57763671875e-05,0.0005340576171875,0.0236358642578125,0.37115478515625,0.277435302734375,3.7219465431894196,0.7597741077399145,0.34663198716840404,0.9841520815295026
1.0,0.99609375,0.0,1.0,1.0,0.7915702273958504,3.1846979912279836,0.0,0.0,0.0,0.0,0.0,0.0,110.48895263671875,37.76422882080078,16.896728515625,35.5271110534668,221.95474243164062,33.47114944458008,0.128143310546875,0.0001068115234375,0.0,3.0517578125e-05,0.0142364501953125,0.81103515625,0.0371856689453125,0.0092620849609375,2.053764557068492,0.8772284852774416,0.534241782391743,0.9896174116825834
1.0,0.99609375,0.0,1.0,1.0,0.7915702273958504,3.1846979912279836,0.0,0.0,0.0,0.0,0.0,0.0,88.45735168457031,72.99037170410156,44.11756896972656,65.64661407470703,197.60687255859375,39.41402816772461,0.46484375,0.0020904541015625,0.0001220703125,7.62939453125e-05,0.000885009765625,0.0251617431640625,0.2048492431640625,0.301971435546875,5.398086451365224,0.7125161674807734,0.2777702361237929,0.9842310322211953
1.0,0.99609375,0.0,1.0,1.0,0.7915702273958504,3.1846979912279836,0.0,0.0,0.0,0.0,0.0,0.0,108.84091186523438,39.7484245300293,17.8748779296875,37.80781936645508,222.77574157714844,32.367347717285156,0.14141845703125,0.0003814697265625,0.0,1.52587890625e-05,0.031768798828125,0.7484130859375,0.057464599609375,0.020538330078125,2.1945260277221523,0.8831600761351652,0.6661992258633829,0.9889398039312454
1.0,0.99609375,0.0,1.0,1.0,0.7915702273958504,3.1846979912279836,0.0,0.0,0.0,0.0,0.0,0.0,74.77073669433594,76.74227142333984,40.95475769042969,62.97124481201172,197.7466278076172,34.346405029296875,0.575714111328125,0.0020904541015625,9.1552734375e-05,1.52587890625e-05,0.000396728515625,0.0050811767578125,0.0733795166015625,0.343231201171875,4.235685269002848,0.7367836435718705,0.2883806326191234,0.9846793839470873
1.0,0.99609375,0.0,1.0,1.0,0.7915702273958504,3.1846979912279836,0.0,0.0,0.0,0.0,0.0,0.0,106.9720458984375,39.38658142089844,14.89141845703125,34.964080810546875,226.03720092773438,23.31997299194336,0.1481475830078125,0.000732421875,0.0,0.0,0.0466156005859375,0.712982177734375,0.0711822509765625,0.0203399658203125,1.2817581243519627,0.9076040706022968,0.7304485934905082,0.989264254983901
1.0,0.99609375,0.0,1.0,1.0,0.7915702273958504,3.1846979912279836,0.0,0.0,0.0,0.0,0.0,0.0,102.84690856933594,44.10569381713867,15.187713623046875,34.224632263183594,220.7360382080078,29.448820114135742,0.1858367919921875,0.00262451171875,0.0001373291015625,0.001068115234375,0.0460968017578125,0.6483001708984375,0.0894775390625,0.026458740234375,1.8906079019954714,0.8769449807632577,0.486958201369376,0.9880309527562259
1.0,0.99609375,0.0,1.0,1.0,0.7915702273958504,3.1846979912279836,0.0,0.0,0.0,0.0,0.0,0.0,112.12973022460938,37.70160675048828,17.087005615234375,39.18944549560547,225.7998504638672,25.229738235473633,0.1219940185546875,0.000274658203125,1.52587890625e-05,0.0,0.01348876953125,0.774993896484375,0.0759124755859375,0.0133209228515625,1.743245884976052,0.8785562717401179,0.5297889393718933,0.9879982859909485
1.0,0.99609375,0.0,1.0,1.0,0.7915702273958504,3.1846979912279836,0.0,0.0,0.0,0.0,0.0,0.0,111.71736145019531,36.22576141357422,12.53997802734375,25.037025451660156,220.91778564453125,41.11365509033203,0.1147918701171875,0.0002899169921875,1.52587890625e-05,0.0,0.01568603515625,0.82904052734375,0.0335693359375,0.0066070556640625,2.0529674512297245,0.8827153715153403,0.6487143921115743,0.9917351027715998
1.0,0.99609375,0.0,1.0,1.0,0.7915702273958504,3.1846979912279836,0.0,0.0,0.0,0.0,0.0,0.0,124.28715515136719,51.272953033447266,20.190689086914062,44.297584533691406,212.22352600097656,27.19197654724121,0.1650543212890625,1.52587890625e-05,1.52587890625e-05,3.0517578125e-05,0.000701904296875,0.092864990234375,0.610504150390625,0.1308135986328125,4.066941339125025,0.8287326369187121,0.36615856213715353,0.974994460838665
1.0,0.99609375,0.0,1.0,1.0,0.7915702273958504,3.1846979912279836,0.0,0.0,0.0,0.0,0.0,0.0,109.92803955078125,37.758094787597656,15.250091552734375,34.91957092285156,230.10641479492188,15.291248321533203,0.131683349609375,0.00042724609375,0.0,0.0,0.0309295654296875,0.7476959228515625,0.0698089599609375,0.0194549560546875,0.8263743462172697,0.9189673408411562,0.7598960256819411,0.9881303514215809
1.0,0.99609375,0.0,1.0,1.0,0.7915702273958504,3.1846979912279836,0.0,0.0,0.0,0.0,0.0,0.0,107.17927551269531,39.12025451660156,17.357925415039062,39.455543518066406,224.41590881347656,30.96817398071289,0.1402587890625,0.00067138671875,0.0,0.0,0.05975341796875,0.731475830078125,0.0540924072265625,0.0137481689453125,1.9911416800150996,0.8909637991807255,0.7681743215605579,0.9897022945749719
1.0,0.99609375,0.0,1.0,1.0,0.7915702273958504,3.1846979912279836,0.0,0.0,0.0,0.0,0.0,0.0,107.62115478515625,39.14686584472656,15.104385375976562,33.827125549316406,221.76368713378906,31.134828567504883,0.1471710205078125,0.0012969970703125,0.0,3.0517578125e-05,0.0262298583984375,0.7258758544921875,0.0838165283203125,0.0155792236328125,2.1218996040848066,0.8616056168540696,0.5565025727274502,0.9877051711971552
1.0,0.99609375,0.0,1.0,1.0,0.7915702273958504,3.1846979912279836,0.0,0.0,0.0,0.0,0.0,0.0,111.48223876953125,39.9835205078125,18.51934814453125,42.02373123168945,223.05677795410156,27.180898666381836,0.1357879638671875,0.0007171630859375,0.0,0.0,0.013702392578125,0.711578369140625,0.104644775390625,0.0335693359375,1.9490397215959412,0.8795406051214156,0.4929244363392681,0.9877798576012502
1.0,0.99609375,0.0,1.0,1.0,0.7915702273958504,3.1846979912279836,0.0,0.0,0.0,0.0,0.0,0.0,112.54083251953125,36.998714447021484,15.404144287109375,36.467063903808594,224.8074951171875,26.734100341796875,0.1153564453125,0.0004730224609375,0.0,0.0,0.029205322265625,0.7287750244140625,0.1109161376953125,0.0152740478515625,1.9598886669328741,0.8821993889457025,0.5341693095120631,0.9869580845980118
1.0,0.99609375,0.0,1.0,1.0,0.7915702273958504,3.1846979912279836,0.0,0.0,0.0,0.0,0.0,0.0,111.7208251953125,37.795684814453125,16.79949951171875,40.15807342529297,226.51011657714844,23.16263771057129,0.123565673828125,0.0005340576171875,1.52587890625e-05,4.57763671875e-05,0.027984619140625,0.7044677734375,0.1212005615234375,0.022186279296875,2.0652349811750645,0.8895847144350186,0.6375591564854977,0.9840346492290852
1.0,0.99609375,0.0,1.0,1.0,0.7915702273958504,3.1846979912279836,0.0,0.0,0.0,0.0,0.0,0.0,111.02420043945312,36.82685852050781,17.025619506835938,38.94950866699219,227.7189178466797,25.591684341430664,0.1204376220703125,0.000335693359375,0.0,0.0,0.034820556640625,0.7648162841796875,0.0652618408203125,0.0143280029296875,1.9069421500137067,0.8811211486356145,0.6732298359869029,0.9867583854350171
1.0,0.99609375,0.0,1.0,1.0,0.7915702273958504,3.1846979912279836,0.0,0.0,0.0,0.0,0.0,0.0,113.3465576171875,34.98640823364258,14.64141845703125,36.2258415222168,228.13668823242188,28.447723388671875,0.1025543212890625,0.00042724609375,1.52587890625e-05,0.0,0.0183563232421875,0.800323486328125,0.0674591064453125,0.0108642578125,1.6230759418289251,0.9153167490762897,0.81101561728968,0.989833053318824
1.0,0.99609375,0.0,1.0,1.0,0.7915702273958504,3.1846979912279836,0.0,0.0,0.0,0.0,0.0,0.0,108.08512878417969,38.82054138183594,19.547470092773438,43.62934112548828,223.8641815185547,28.878387451171875,0.139862060546875,0.000244140625,1.52587890625e-05,0.0,0.043853759765625,0.7376861572265625,0.0676116943359375,0.0107269287109375,1.6164101181426802,0.9054285272639284,0.7016549053449439,0.9911633209390398
1.0,0.99609375,0.0,1.0,1.0,0.7915702273958504,3.1846979912279836,0.0,0.0,0.0,0.0,0.0,0.0,112.6947021484375,38.10132598876953,16.555068969726562,40.201515197753906,224.1326446533203,26.58355140686035,0.1215362548828125,0.000244140625,4.57763671875e-05,4.57763671875e-05,0.018310546875,0.6620330810546875,0.1802215576171875,0.0175628662109375,1.7927101864748778,0.8943559502389411,0.6053142541161003,0.9885281208950132
1.0,0.99609375,0.0,1.0,1.0,0.7915702273958504,3.1846979912279836,0.0,0.0,0.0,0.0,0.0,0.0,110.74595642089844,72.13631439208984,18.574188232421875,44.40801239013672,220.9527130126953,16.680089950561523,0.33221435546875,0.00189208984375,6.103515625e-05,3.0517578125e-05,0.0003662109375,0.012603759765625,0.167938232421875,0.484893798828125,1.8735850582989892,0.8387438629929812,0.3714956052617624,0.9787839184653502
1.0,0.99609375,0.0,1.0,1.0,0.7915702273958504,3.1846979912279836,0.0,0.0,0.0,0.0,0.0,0.0,107.2144775390625,43.83755874633789,18.699386596679688,43.98335266113281,221.37245178222656,28.66167449951172,0.163482666015625,0.000457763671875,6.103515625e-05,4.57763671875e-05,0.03289794921875,0.629638671875,0.1273345947265625,0.04608154296875,1.482027620459698,0.9004013505635234,0.5327118707078127,0.9922228846324328
1.0,0.99609375,0.0,1.0,1.0,0.7915702273958504,3.1846979912279836,0.0,0.0,0.0,0.0,0.0,0.0,110.63446044921875,35.63250732421875,15.277786254882812,36.61692428588867,225.28431701660156,23.563983917236328,0.115081787109375,0.0009002685546875,4.57763671875e-05,7.62939453125e-05,0.0427703857421875,0.7806854248046875,0.050811767578125,0.0096282958984375,1.5032506229742841,0.9074141681153406,0.5775252772125152,0.98793236981002
1.0,0.99609375,0.0,1.0,1.0,0.7915702273958504,3.1846979912279836,0.0,0.0,0.0,0.0,0.0,0.0,110.91317749023438,38.594703674316406,18.437973022460938,41.729225158691406,222.4619598388672,28.476560592651367,0.13116455078125,0.000518798828125,1.52587890625e-05,3.0517578125e-05,0.02130126953125,0.7486724853515625,0.0823822021484375,0.0159149169921875,1.8906480899876184,0.8851119099066553,0.5957134202227781,0.9889183789555627
1.0,0.99609375,0.0,1.0,1.0,0.7915702273958504,3.1846979912279836,0.0,0.0,0.0,0.0,0.0,0.0,106.73721313476562,41.25165939331055,19.66009521484375,42.853511810302734,221.7625732421875,34.08779525756836,0.1527557373046875,0.0009307861328125,4.57763671875e-05,0.0,0.0410003662109375,0.7248077392578125,0.06292724609375,0.0175323486328125,1.8144756752936249,0.8809141107963805,0.6119969749928597,0.9921839546889188
1.0,0.99609375,0.0,1.0,1.0,0.7915702273958504,3.1846979912279836,0.0,0.0,0.0,0.0,0.0,0.0,111.81871032714844,38.9327392578125,16.191329956054688,37.492610931396484,227.22894287109375,21.437639236450195,0.126708984375,0.0056304931640625,0.0,1.52587890625e-05,0.0309295654296875,0.66265869140625,0.1435546875,0.0305023193359375,1.3835439930494173,0.8952564555408914,0.5842743468653235,0.9874552083025278
1.0,0.99609375,0.0,1.0,1.0,0.7915702273958504,3.1846979912279836,0.0,0.0,0.0,0.0,0.0,0.0,110.72119140625,37.28697967529297,14.62353515625,33.08000946044922,228.0071258544922,22.00614356994629,0.105316162109375,0.0280303955078125,4.57763671875e-05,1.52587890625e-05,0.030059814453125,0.715545654296875,0.0994873046875,0.0214996337890625,1.4987965794298084,0.9085475215163166,0.5161713148178237,0.9847987680648802
1.0,0.99609375,0.0,1.0,1.0,0.7915702273958504,3.1846979912279836,0.0,0.0,0.0,0.0,0.0,0.0,110.93382263183594,35.214683532714844,12.36859130859375,33.04225158691406,230.90310668945312,19.899003982543945,0.111572265625,0.001373291015625,7.62939453125e-05,7.62939453125e-05,0.0549468994140625,0.7342071533203125,0.072784423828125,0.02496337890625,1.2608629883056675,0.9183337106066876,0.5497265247357004,0.985922011638753
1.0,0.99609375,0.0,1.0,1.0,0.7915702273958504,3.1846979912279836,0.0,0.0,0.0,0.0,0.0,0.0,112.85086059570312,34.667301177978516,10.883224487304688,27.735332489013672,232.80398559570312,18.184364318847656,0.0936126708984375,0.013092041015625,3.0517578125e-05,0.0,0.0360565185546875,0.7239990234375,0.1148529052734375,0.0183563232421875,0.9784975527314903,0.9309113253863781,0.7165914738965966,0.98634306832511
1.0,0.99609375,0.0,1.0,1.0,0.7915702273958504,3.1846979912279836,0.0,0.0,0.0,0.0,0.0,0.0,112.28353881835938,32.941062927246094,12.0849609375,29.19866371154785,232.26278686523438,20.130897521972656,0.097625732421875,0.0022430419921875,1.52587890625e-05,9.1552734375e-05,0.0581817626953125,0.7677001953125,0.0634002685546875,0.0107421875,1.105309547722363,0.9235009386637765,0.6934432698654506,0.9870260793434029
1.0,0.99609375,0.0,1.0,1.0,0.7915702273958504,3.1846979912279836,0.0,0.0,0.0,0.0,0.0,0.0,113.64370727539062,34.95061111450195,14.091964721679688,32.45150375366211,228.720947265625,31.129066467285156,0.10028076171875,0.0001678466796875,0.0,1.52587890625e-05,0.0243072509765625,0.7965545654296875,0.060699462890625,0.017974853515625,2.186316435473717,0.9051055563382415,0.5689958100326387,0.9872630026547908
1.0,0.99609375,0.0,1.0,1.0,0.7915702273958504,3.1846979912279836,0.0,0.0,0.0,0.0,0.0,0.0,110.24362182617188,38.50374221801758,16.178939819335938,34.33172607421875,221.65048217773438,32.619075775146484,0.1319580078125,0.000732421875,0.0,1.52587890625e-05,0.011505126953125,0.78106689453125,0.0645751953125,0.0101470947265625,1.4471456412492159,0.8783319538261063,0.48611700604536806,0.992313750279356
1.0,0.99609375,0.0,1.0,1.0,0.7915702273958504,3.1846979912279836,0.0,0.0,0.0,0.0,0.0,0.0,110.45759582519531,39.244850158691406,20.695144653320312,49.154178619384766,215.28744506835938,25.58905792236328,0.133026123046875,0.00054931640625,4.57763671875e-05,9.1552734375e-05,0.0188140869140625,0.7104034423828125,0.1199951171875,0.0170745849609375,1.5183266386050929,0.8928191414592237,0.5553668696630931,0.990935823990913
1.0,0.99609375,0.0,1.0,1.0,0.7915702273958504,3.1846979912279836,0.0,0.0,0.0,0.0,0.0,0.0,108.95086669921875,40.04731369018555,19.110580444335938,46.478763580322266,213.31829833984375,30.825284957885742,0.1383056640625,0.0007476806640625,9.1552734375e-05,0.0001678466796875,0.037811279296875,0.6736297607421875,0.1249847412109375,0.024261474609375,1.8543686815008655,0.8923153623647626,0.5227248573185019,0.9909426920330064
1.0,0.99609375,0.0,1.0,1.0,0.7915702273958504,3.1846979912279836,0.0,0.0,0.0,0.0,0.0,0.0,110.48849487304688,37.82661056518555,13.828323364257812,37.37289810180664,217.04649353027344,20.523881912231445,0.1238555908203125,0.0009307861328125,0.0,0.0,0.0202789306640625,0.7268829345703125,0.0899200439453125,0.0381317138671875,1.103237414118885,0.8979447661652473,0.6216693638164758,0.9888391105098342
1.0,0.99609375,0.0,1.0,1.0,0.7915702273958504,3.1846979912279836,0.0,0.0,0.0,0.0,0.0,0.0,112.06204223632812,36.68157958984375,15.093215942382812,39.31479263305664,217.0548553466797,24.928773880004883,0.113250732421875,0.000335693359375,0.0,0.0,0.041656494140625,0.69573974609375,0.1282806396484375,0.0207366943359375,1.3900643684171243,0.8636104476728614,0.5127873481065588,0.9899499484900764
1.0,0.99609375,0.0,1.0,1.0,0.7915702273958504,3.1846979912279836,0.0,0.0,0.0,0.0,0.0,0.0,113.39286804199219,35.571693420410156,15.872512817382812,39.060508728027344,215.86940002441406,32.411521911621094,0.1024017333984375,0.0004730224609375,0.0,4.57763671875e-05,0.0196075439453125,0.7680816650390625,0.095184326171875,0.0142059326171875,1.8183474084469282,0.8893412040488704,0.6221215828666975,0.9908177637227095
1.0,0.99609375,0.0,1.0,1.0,0.7915702273958504,3.1846979912279836,0.0,0.0,0.0,0.0,0.0,0.0,113.09017944335938,37.33370590209961,15.54888916015625,42.52925109863281,217.18272399902344,23.48402214050293,0.1117706298828125,0.000823974609375,3.0517578125e-05,0.0,0.031982421875,0.6558074951171875,0.169158935546875,0.030426025390625,1.367451278139066,0.8751937666473257,0.5190957668029573,0.989921868088122
1.0,0.99609375,0.0,1.0,1.0,0.7915702273958504,3.1846979912279836,0.0,0.0,0.0,0.0,0.0,0.0,112.36970520019531,42.900604248046875,19.789031982421875,44.446231842041016,208.6006317138672,33.299903869628906,0.1472320556640625,0.0002899169921875,0.0,3.0517578125e-05,0.0120391845703125,0.5409698486328125,0.2692413330078125,0.0301971435546875,1.7597694386682057,0.888988980161957,0.5988500729213031,0.9917996497927883
1.0,0.99609375,0.0,1.0,1.0,0.7915702273958504,3.1846979912279836,0.0,0.0,0.0,0.0,0.0,0.0,114.82479858398438,34.47889709472656,14.496078491210938,32.82040023803711,212.35922241210938,24.341575622558594,0.09765625,0.0071563720703125,1.52587890625e-05,3.0517578125e-05,0.012847900390625,0.7529296875,0.11810302734375,0.011260986328125,1.6734598739454862,0.8959126795200658,0.5091785607857211,0.9847518395715903
1.0,0.99609375,0.0,1.0,1.0,0.7915702273958504,3.1846979912279836,0.0,0.0,0.0,0.0,0.0,0.0,108.68843078613281,41.52023696899414,19.186477661132812,40.49215316772461,207.87860107421875,31.573463439941406,0.1573638916015625,0.00054931640625,4.57763671875e-05,0.0,0.018951416015625,0.663177490234375,0.138671875,0.021240234375,1.6656665650650213,0.8716296801119422,0.47472778204724575,0.9909083106353613
1.0,0.99609375,0.0,1.0,1.0,0.7915702273958504,3.1846979912279836,0.0,0.0,0.0,0.0,0.0,0.0,112.83444213867188,36.49906921386719,15.772323608398438,38.517982482910156,211.84823608398438,25.147645950317383,0.1134185791015625,0.00067138671875,4.57763671875e-05,0.0,0.02716064453125,0.6949615478515625,0.145843505859375,0.0178985595703125,1.685322546343038,0.8928621906217487,0.5044838468249078,0.9872943803365299
1.0,0.99609375,0.0,1.0,1.0,0.7915702273958504,3.1846979912279836,0.0,0.0,0.0,0.0,0.0,0.0,110.25521850585938,40.65724182128906,18.472824096679688,42.36006546020508,221.61477661132812,29.839448928833008,0.1404876708984375,0.0001220703125,0.0,0.0,0.0242767333984375,0.6838836669921875,0.1287078857421875,0.02252197265625,1.8811300129748685,0.8661078992763773,0.4741574813247307,0.9899938765385754
1.0,0.99609375,0.0,1.0,1.0,0.7915702273958504,3.1846979912279836,0.0,0.0,0.0,0.0,0.0,0.0,112.36552429199219,37.444313049316406,16.136962890625,35.65623474121094,213.19134521484375,26.93801498413086,0.1250457763671875,0.0004119873046875,1.52587890625e-05,3.0517578125e-05,0.0165252685546875,0.7298583984375,0.107269287109375,0.020843505859375,1.2770451203120756,0.9041504111582261,0.6856315857050141,0.9905228451764145
1.0,0.99609375,0.0,1.0,1.0,0.7915702273958504,3.1846979912279836,0.0,0.0,0.0,0.0,0.0,0.0,113.865234375,33.649227142333984,12.327392578125,33.86811065673828,212.75106811523438,24.149621963500977,0.095733642578125,0.000579833984375,1.52587890625e-05,0.0,0.04541015625,0.690643310546875,0.145111083984375,0.0225067138671875,1.3042158336204555,0.9128636661410368,0.5417128580991177,0.9884525753846578
1.0,0.99609375,0.0,1.0,1.0,0.7915702273958504,3.1846979912279836,0.0,0.0,0.0,0.0,0.0,0.0,113.57389831542969,37.234466552734375,15.892868041992188,40.11442947387695,210.35128784179688,33.10253143310547,0.1077117919921875,0.0006256103515625,6.103515625e-05,3.0517578125e-05,0.021484375,0.69122314453125,0.15576171875,0.023101806640625,2.2001767667699306,0.8988153225107052,0.5348662596648543,0.9893134975665683
1.0,0.99609375,0.0,1.0,1.0,0.7915702273958504,3.1846979912279836,0.0,0.0,0.0,0.0,0.0,0.0,107.90129089355469,40.858585357666016,20.129852294921875,44.758201599121094,210.93971252441406,32.50376510620117,0.1518402099609375,0.0003509521484375,1.52587890625e-05,0.0,0.0298614501953125,0.6956634521484375,0.0997772216796875,0.022491455078125,1.7547642054615495,0.9046365933509082,0.7245829770537189,0.9912920298018144
1.0,0.99609375,0.0,1.0,1.0,0.7915702273958504,3.1846979912279836,0.0,0.0,0.0,0.0,0.0,0.0,109.86570739746094,37.34510803222656,15.0703125,33.974124908447266,213.201904296875,30.080541610717773,0.12945556640625,0.0018310546875,6.103515625e-05,1.52587890625e-05,0.0272216796875,0.761505126953125,0.06768798828125,0.0122222900390625,1.2443731857125122,0.9166643829297161,0.7812055791014474,0.9920021223888738
1.0,0.99609375,0.0,1.0,1.0,0.7915702273958504,3.1846979912279836,0.0,0.0,0.0,0.0,0.0,0.0,111.6064453125,36.75776290893555,15.235275268554688,38.843624114990234,213.5826416015625,25.060646057128906,0.11651611328125,0.00042724609375,1.52587890625e-05,0.0,0.03704833984375,0.687408447265625,0.1433258056640625,0.0152587890625,1.3063478829388988,0.8886706481429114,0.6086358334903738,0.9903321594964061
1.0,0.99609375,0.0,1.0,1.0,0.7915702273958504,3.1846979912279836,0.0,0.0,0.0,0.0,0.0,0.0,115.11772155761719,34.61656951904297,13.519760131835938,33.863555908203125,214.19485473632812,25.23645782470703,0.0997161865234375,0.0006256103515625,0.0,4.57763671875e-05,0.0235748291015625,0.7044830322265625,0.15838623046875,0.0131683349609375,1.2034613707968886,0.8984029194628331,0.5619740003686469,0.9900894654992255
1.0,0.99609375,0.0,1.0,1.0,0.7915702273958504,3.1846979912279836,0.0,0.0,0.0,0.0,0.0,0.0,105.57978820800781,42.779788970947266,18.582656860351562,42.8634147644043,220.04364013671875,31.11193084716797,0.16265869140625,0.0011749267578125,6.103515625e-05,0.0,0.0524749755859375,0.66790771484375,0.0783538818359375,0.0373687744140625,2.048707802114205,0.8836393338688698,0.5417677709485278,0.9900473263325087
1.0,0.99609375,0.0,1.0,1.0,0.7915702273958504,3.1846979912279836,0.0,0.0,0.0,0.0,0.0,0.0,120.67216491699219,64.61104583740234,22.872451782226562,48.027957916259766,207.9855499267578,25.18081283569336,0.246917724609375,6.103515625e-05,0.0,0.0,6.103515625e-05,0.0130157470703125,0.4323883056640625,0.30755615234375,2.8284633148213962,0.8326084647975729,0.39226349915059744,0.9814817752250342
1.0,0.99609375,0.0,1.0,1.0,0.7915702273958504,3.1846979912279836,0.0,0.0,0.0,0.0,0.0,0.0,100.40675354003906,44.76302719116211,15.752044677734375,36.44036865234375,214.89810180664062,40.369354248046875,0.1914825439453125,0.002227783203125,3.0517578125e-05,0.0011138916015625,0.0933837890625,0.6412200927734375,0.0358734130859375,0.03466796875,2.15950952099089,0.8777262971117228,0.6951148630706285,0.9919662112061367
1.0,0.99609375,0.0,1.0,1.0,0.7915702273958504,3.1846979912279836,0.0,0.0,0.0,0.0,0.0,0.0,100.33969116210938,71.40461730957031,13.044631958007812,35.68966293334961,202.0778045654297,26.46770477294922,0.348602294921875,0.0240631103515625,0.0020751953125,0.0008697509765625,0.0054473876953125,0.046783447265625,0.239105224609375,0.3330535888671875,2.5403429633226384,0.8276569730753389,0.46472192638972304,0.9809396093944382
1.0,0.99609375,0.0,1.0,1.0,0.7915702273958504,3.1846979912279836,0.0,0.0,0.0,0.0,0.0,0.0,106.76133728027344,66.54508209228516,23.1632080078125,45.82891082763672,219.90171813964844,25.58650016784668,0.3129425048828125,0.00128173828125,6.103515625e-05,4.57763671875e-05,0.0028533935546875,0.070770263671875,0.316864013671875,0.2951812744140625,5.5496828002825165,0.7713611269501293,0.46973660020276636,0.9665273690827686
1.0,0.99609375,0.0,1.0,1.0,0.7915702273958504,3.1846979912279836,0.0,0.0,0.0,0.0,0.0,0.0,117.86370849609375,68.16828918457031,17.292831420898438,36.03683090209961,218.14659118652344,25.424123764038086,0.279449462890625,0.0009307861328125,3.0517578125e-05,1.52587890625e-05,0.0002288818359375,0.01141357421875,0.273040771484375,0.4348907470703125,3.48317602875989,0.7989441499852716,0.39039428553830346,0.9738211170270317
1.0,0.99609375,0.0,1.0,1.0,0.7915702273958504,3.1846979912279836,0.0,0.0,0.0,0.0,0.0,0.0,114.16264343261719,70.2063217163086,18.229095458984375,39.863433837890625,217.0260467529297,29.59071159362793,0.30108642578125,0.0018768310546875,9.1552734375e-05,6.103515625e-05,0.0010833740234375,0.0187835693359375,0.20074462890625,0.4762725830078125,5.0303199625146116,0.7995099625442392,0.411654851826265,0.9718118912067776
1.0,0.99609375,0.0,1.0,1.0,0.7915702273958504,3.1846979912279836,0.0,0.0,0.0,0.0,0.0,0.0,109.58480834960938,62.95431137084961,22.92645263671875,46.66024398803711,220.9446563720703,24.102371215820312,0.278045654296875,0.002227783203125,0.0001373291015625,4.57763671875e-05,0.0055389404296875,0.12579345703125,0.3079833984375,0.2802276611328125,3.302683173240683,0.7901919357089237,0.5303895662188078,0.9790698220055762
1.0,0.99609375,0.0,1.0,1.0,0.7915702273958504,3.1846979912279836,0.0,0.0,0.0,0.0,0.0,0.0,116.02781677246094,56.83656311035156,19.159423828125,39.68602752685547,217.26708984375,31.74329948425293,0.2168426513671875,0.00146484375,0.0001220703125,9.1552734375e-05,0.0048675537109375,0.1234130859375,0.4582366943359375,0.1949615478515625,4.316451387306526,0.774998396131124,0.46328572777979604,0.9786783541238344
1.0,0.99609375,0.0,1.0,1.0,0.7915702273958504,3.1846979912279836,0.0,0.0,0.0,0.0,0.0,0.0,122.38612365722656,61.4608268737793,15.694046020507812,31.633211135864258,213.72625732421875,30.332229614257812,0.22540283203125,0.000885009765625,4.57763671875e-05,1.52587890625e-05,0.0006256103515625,0.0225830078125,0.407196044921875,0.3432464599609375,3.7600378491723507,0.7835056351635804,0.3494968095902546,0.9772913814353011
1.0,0.99609375,0.0,1.0,1.0,0.7915702273958504,3.1846979912279836,0.0,0.0,0.0,0.0,0.0,0.0,117.08724975585938,68.43579864501953,18.148223876953125,39.83838653564453,216.2841339111328,29.71532440185547,0.281005859375,0.0018463134765625,4.57763671875e-05,1.52587890625e-05,0.0016937255859375,0.0234375,0.1985015869140625,0.4934539794921875,3.9962158033580826,0.8085643202987959,0.4352383962710592,0.9780762650203502
1.0,0.99609375,0.0,1.0,1.0,0.7915702273958504,3.1846979912279836,0.0,0.0,0.0,0.0,0.0,0.0,102.50321960449219,76.3444595336914,15.415740966796875,31.087011337280273,206.89785766601562,37.59288024902344,0.389068603515625,0.0160675048828125,0.0002288818359375,0.0001373291015625,0.0002288818359375,0.002227783203125,0.0842437744140625,0.5077972412109375,2.3959146461643894,0.8437744537400318,0.42945844035673975,0.9887291706369803
1.0,0.99609375,0.0,1.0,1.0,0.7915702273958504,3.1846979912279836,0.0,0.0,0.0,0.0,0.0,0.0,115.02015686035156,27.498390197753906,7.6711273193359375,12.38718032836914,233.22076416015625,33.40896987915039,0.055511474609375,0.0175018310546875,0.000457763671875,0.000152587890625,0.0244293212890625,0.88946533203125,0.0091400146484375,0.0033416748046875,2.215212123206438,0.9131808751947381,0.7624970644965311,0.9847014617051774
1.0,0.99609375,0.0,1.0,1.0,0.7915702273958504,3.1846979912279836,0.0,0.0,0.0,0.0,0.0,0.0,110.46853637695312,28.405542373657227,7.80474853515625,13.324373245239258,235.18028259277344,28.062114715576172,0.0708465576171875,0.00909423828125,0.0005035400390625,6.103515625e-05,0.0595550537109375,0.844696044921875,0.0097503662109375,0.0054931640625,1.6116399435532942,0.9059862875287392,0.5767600374311543,0.9852236558194152
1.0,0.99609375,0.0,1.0,1.0,0.7915702273958504,3.1846979912279836,0.0,0.0,0.0,0.0,0.0,0.0,107.25010681152344,35.112735748291016,10.225784301757812,19.621694564819336,236.23336791992188,17.97015380859375,0.1240234375,0.0048370361328125,4.57763671875e-05,0.0,0.08544921875,0.744903564453125,0.028350830078125,0.01239013671875,1.398446811419214,0.8986804760153647,0.5824439992897904,0.9753151495153254
1.0,0.99609375,0.0,1.0,1.0,0.7915702273958504,3.1846979912279836,0.0,0.0,0.0,0.0,0.0,0.0,112.67385864257812,31.68093490600586,8.468963623046875,17.483659744262695,234.69140625,25.874513626098633,0.07928466796875,0.01910400390625,0.0006561279296875,7.62939453125e-05,0.03582763671875,0.818878173828125,0.039459228515625,0.0067138671875,1.7772119057338456,0.9081753516995641,0.6834453000239392,0.9821222032095559
1.0,0.99609375,0.0,1.0,1.0,0.7915702273958504,3.1846979912279836,0.0,0.0,0.0,0.0,0.0,0.0,107.29866027832031,35.38182067871094,10.42730712890625,19.873743057250977,236.1848602294922,19.985204696655273,0.1265411376953125,0.0058135986328125,3.0517578125e-05,4.57763671875e-05,0.084869384765625,0.7558135986328125,0.0173492431640625,0.0095367431640625,0.8708229693653086,0.9012308583040199,0.7250813897495929,0.9873497245399373
1.0,0.99609375,0.0,1.0,1.0,0.7915702273958504,3.1846979912279836,0.0,0.0,0.0,0.0,0.0,0.0,103.47248840332031,37.351253509521484,14.326766967773438,30.712133407592773,238.27545166015625,18.07524299621582,0.145233154296875,0.00360107421875,0.0001068115234375,7.62939453125e-05,0.162109375,0.6603546142578125,0.016510009765625,0.0120086669921875,1.5510096764034431,0.903685171676917,0.788304688127401,0.9800555275342477
1.0,0.99609375,0.0,1.0,1.0,0.7915702273958504,3.1846979912279836,0.0,0.0,0.0,0.0,0.0,0.0,106.71661376953125,33.1352424621582,7.455963134765625,15.6524658203125,228.0787811279297,43.91183090209961,0.103424072265625,0.0026397705078125,0.000213623046875,0.000213623046875,0.239288330078125,0.6279296875,0.017547607421875,0.0087432861328125,3.866799545371549,0.8913198855153117,0.7550359933957369,0.9852457820967029
1.0,0.99609375,0.0,1.0,1.0,0.7915702273958504,3.1846979912279836,0.0,0.0,0.0,0.0,0.0,0.0,109.06068420410156,29.498586654663086,8.100296020507812,19.958066940307617,237.6050567626953,20.42565155029297,0.085357666015625,0.0011444091796875,4.57763671875e-05,4.57763671875e-05,0.259735107421875,0.6327667236328125,0.01373291015625,0.007171630859375,1.3768596863155969,0.9298737241009014,0.8381203142103546,0.9812912363009965
1.0,0.99609375,0.0,1.0,1.0,0.7915702273958504,3.1846979912279836,0.0,0.0,0.0,0.0,0.0,0.0,106.39472961425781,33.5521125793457,10.207183837890625,22.014177322387695,241.27285766601562,10.775938034057617,0.1173095703125,0.0009613037109375,0.0,0.0,0.208984375,0.6384735107421875,0.0224151611328125,0.0118560791015625,0.6189926900314137,0.9146291279564198,0.7862469710488675,0.9799556154903841
1.0,0.99609375,0.0,1.0,1.0,0.7915702273958504,3.1846979912279836,0.0,0.0,0.0,0.0,0.0,0.0,109.54843139648438,34.94865798950195,11.135421752929688,24.71127700805664,238.27577209472656,18.217864990234375,0.11798095703125,0.000152587890625,0.0,9.1552734375e-05,0.0677947998046875,0.760711669921875,0.0414276123046875,0.0118408203125,1.056878410562854,0.9166956379762978,0.81460944179706,0.9845402114825978
1.0,0.99609375,0.0,1.0,1.0,0.7915702273958504,3.1846979912279836,0.0,0.0,0.0,0.0,0.0,0.0,110.0294189453125,37.39871597290039,11.564666748046875,23.481937408447266,235.5078582763672,13.575739860534668,0.1327667236328125,0.000946044921875,4.57763671875e-05,0.0,0.0182342529296875,0.7736968994140625,0.0539398193359375,0.0203704833984375,1.6951469767429423,0.9216340765190403,0.7770740513472183,0.9598221731772008
1.0,0.99609375,0.0,1.0,1.0,0.7915702273958504,3.1846979912279836,0.0,0.0,0.0,0.0,0.0,0.0,107.34991455078125,33.1297721862793,9.8433837890625,21.77914047241211,230.0677947998047,32.27931213378906,0.1087646484375,0.0069427490234375,0.000213623046875,7.62939453125e-05,0.14166259765625,0.7184600830078125,0.0175323486328125,0.00634765625,2.6879064672675628,0.8724773191230489,0.5768195557085165,0.9827502758640924
1.0,0.99609375,0.0,1.0,1.0,0.7915702273958504,3.1846979912279836,0.0,0.0,0.0,0.0,0.0,0.0,107.06732177734375,37.26365280151367,15.384979248046875,37.04417037963867,230.40182495117188,25.095788955688477,0.1323089599609375,0.0009613037109375,0.0,1.52587890625e-05,0.0848541259765625,0.7277679443359375,0.0348968505859375,0.019195556640625,2.0140665702726714,0.8890080798260942,0.7268905355995816,0.9853512869453164
1.0,0.99609375,0.0,1.0,1.0,0.7915702273958504,3.1846979912279836,0.0,0.0,0.0,0.0,0.0,0.0,108.63645935058594,33.64931106567383,11.033096313476562,22.76018714904785,231.3055877685547,26.258283615112305,0.077117919921875,0.045196533203125,7.62939453125e-05,6.103515625e-05,0.080169677734375,0.7732086181640625,0.017852783203125,0.006317138671875,1.421139349691826,0.9008187443137741,0.7709613560673757,0.9864674429696345
1.0,0.99609375,0.0,1.0,1.0,0.7915702273958504,3.1846979912279836,0.0,0.0,0.0,0.0,0.0,0.0,102.97857666015625,40.99199676513672,13.821731567382812,25.703752517700195,234.8848114013672,14.711196899414062,0.147796630859375,0.036865234375,3.0517578125e-05,3.0517578125e-05,0.06573486328125,0.68829345703125,0.0455169677734375,0.0157318115234375,0.9980049162766316,0.8937463835341071,0.6138255814772019,0.979595333431736
1.0,0.99609375,0.0,1.0,1.0,0.7915702273958504,3.1846979912279836,0.0,0.0,0.0,0.0,0.0,0.0,106.58049011230469,35.411991119384766,9.478378295898438,19.29063606262207,233.18988037109375,23.075725555419922,0.102783203125,0.0309600830078125,0.000274658203125,0.0002593994140625,0.1060638427734375,0.7321319580078125,0.0201263427734375,0.0074005126953125,1.3658693142251956,0.8855025794841836,0.5634588370795617,0.9840086102968496
1.0,0.99609375,0.0,1.0,1.0,0.7915702273958504,3.1846979912279836,0.0,0.0,0.0,0.0,0.0,0.0,110.7138671875,31.923248291015625,8.379623413085938,14.205689430236816,234.212158203125,22.875173568725586,0.018585205078125,0.0988311767578125,4.57763671875e-05,0.0001678466796875,0.035919189453125,0.83001708984375,0.0118255615234375,0.004608154296875,1.0129848429710053,0.8963060022982287,0.5740188279985328,0.9854927169148692
1.0,0.99609375,0.0,1.0,1.0,0.7915702273958504,3.1846979912279836,0.0,0.0,0.0,0.0,0.0,0.0,109.96694946289062,39.37934494018555,11.208358764648438,23.269275665283203,233.54444885253906,14.501296997070312,0.1408538818359375,0.0009918212890625,3.0517578125e-05,0.0,0.032470703125,0.7054443359375,0.0780487060546875,0.0421600341796875,0.8492055790415247,0.9078251424676262,0.6661813386152449,0.9819016293247094
1.0,0.99609375,0.0,1.0,1.0,0.7915702273958504,3.1846979912279836,0.0,0.0,0.0,0.0,0.0,0.0,107.62275695800781,38.29806137084961,15.8272705078125,38.85467529296875,227.29171752929688,32.238101959228516,0.1323089599609375,0.0004730224609375,0.0,0.0,0.0764617919921875,0.7076873779296875,0.05780029296875,0.0252685546875,3.4252451176108707,0.88497701765138,0.6932939694060973,0.9830203131610153
1.0,0.99609375,0.0,1.0,1.0,0.7915702273958504,3.1846979912279836,0.0,0.0,0.0,0.0,0.0,0.0,109.19650268554688,33.52638244628906,11.754104614257812,25.25394058227539,229.3955841064453,30.65232276916504,0.0753936767578125,0.04443359375,0.0014801025390625,0.0010528564453125,0.064117431640625,0.785614013671875,0.0205535888671875,0.007354736328125,2.6860138933786635,0.8935737131216182,0.7186877644311458,0.9805952133212328
1.0,0.99609375,0.0,1.0,1.0,0.7915702273958504,3.1846979912279836,0.0,0.0,0.0,0.0,0.0,0.0,102.6856689453125,43.56978988647461,17.968002319335938,36.58066940307617,230.95339965820312,22.971818923950195,0.1890869140625,0.003143310546875,4.57763671875e-05,6.103515625e-05,0.0738677978515625,0.6421966552734375,0.0586700439453125,0.032928466796875,2.148620026574446,0.8609472259045383,0.5125023370528435,0.9820858780420133
1.0,0.99609375,0.0,1.0,1.0,0.7915702273958504,3.1846979912279836,0.0,0.0,0.0,0.0,0.0,0.0,108.66195678710938,36.935115814208984,9.637451171875,20.431781768798828,231.688720703125,25.51681137084961,0.1175994873046875,0.0136566162109375,7.62939453125e-05,0.000244140625,0.07525634765625,0.7285308837890625,0.0283660888671875,0.0362701416015625,2.2959389329167625,0.8761050026786513,0.5514945865985326,0.9777544416958959
1.0,0.99609375,0.0,1.0,1.0,0.7915702273958504,3.1846979912279836,0.0,0.0,0.0,0.0,0.0,0.0,106.08477783203125,35.786346435546875,11.063796997070312,22.364585876464844,230.19949340820312,29.16404914855957,0.128662109375,0.0105743408203125,0.0001983642578125,0.0001373291015625,0.087738037109375,0.748291015625,0.0182952880859375,0.006103515625,2.400073970475827,0.8692395943950009,0.5906355632279812,0.9816515984615396
1.0,0.99609375,0.0,1.0,1.0,0.7915702273958504,3.1846979912279836,0.0,0.0,0.0,0.0,0.0,0.0,110.938720703125,31.997638702392578,8.67071533203125,16.46013641357422,233.5525360107422,22.611291885375977,0.0240020751953125,0.0924835205078125,1.52587890625e-05,3.0517578125e-05,0.0469818115234375,0.8080596923828125,0.0231170654296875,0.00531005859375,1.389469189856532,0.8873954501735323,0.5461593277699238,0.9804832046730791
1.0,0.99609375,0.0,1.0,1.0,0.7915702273958504,3.1846979912279836,0.0,0.0,0.0,0.0,0.0,0.0,108.01622009277344,37.751373291015625,14.207427978515625,29.067068099975586,235.5679168701172,13.524948120117188,0.1423492431640625,0.00079345703125,0.0,1.52587890625e-05,0.040252685546875,0.751495361328125,0.05059814453125,0.014495849609375,1.0439360325269496,0.9269451726085701,0.7680031796605269,0.9777627199494684
1.0,0.99609375,0.0,1.0,1.0,0.7915702273958504,3.1846979912279836,0.0,0.0,0.0,0.0,0.0,0.0,107.94400024414062,34.69444274902344,8.395156860351562,17.59685707092285,233.9718017578125,18.189210891723633,0.118865966796875,0.0037078857421875,9.1552734375e-05,0.000244140625,0.107086181640625,0.7310333251953125,0.0240020751953125,0.0149688720703125,0.8506491752310475,0.9187134443645751,0.819238130608349,0.9850374309664969
1.0,0.99609375,0.0,1.0,1.0,0.7915702273958504,3.1846979912279836,0.0,0.0,0.0,0.0,0.0,0.0,105.22329711914062,40.293731689453125,16.439376831054688,34.62456130981445,228.67550659179688,31.396486282348633,0.1587677001953125,0.0011138916015625,0.0,0.0,0.05731201171875,0.715423583984375,0.0513763427734375,0.0160064697265625,2.558476869831954,0.8801976877580819,0.7335500078462704,0.9855950770631823
1.0,0.99609375,0.0,1.0,1.0,0.7915702273958504,3.1846979912279836,0.0,0.0,0.0,0.0,0.0,0.0,106.73489379882812,35.06734848022461,10.427444458007812,20.763547897338867,234.07705688476562,20.317420959472656,0.1229095458984375,0.009796142578125,4.57763671875e-05,4.57763671875e-05,0.091522216796875,0.7422637939453125,0.0224456787109375,0.0109710693359375,0.8316566289863914,0.8914277174516477,0.5585727664053123,0.988227757242983
1.0,0.99609375,0.0,1.0,1.0,0.7915702273958504,3.1846979912279836,0.0,0.0,0.0,0.0,0.0,0.0,107.28932189941406,38.35357666015625,15.825912475585938,39.509552001953125,235.82508850097656,15.886021614074707,0.1363372802734375,0.0005950927734375,6.103515625e-05,0.0,0.094512939453125,0.6917266845703125,0.0431671142578125,0.033599853515625,1.1047652716416962,0.8830080710883612,0.532480043771562,0.9872371519362733
1.0,0.99609375,0.0,1.0,1.0,0.7915702273958504,3.1846979912279836,0.0,0.0,0.0,0.0,0.0,0.0,106.83976745605469,39.40529251098633,12.839004516601562,26.96779441833496,235.22836303710938,15.934767723083496,0.1554718017578125,0.000885009765625,0.0,0.0,0.038818359375,0.7115936279296875,0.0702972412109375,0.0229339599609375,1.01431874432084,0.8920471594825855,0.5623246206276018,0.982125203592531
1.0,0.99609375,0.0,1.0,1.0,0.7915702273958504,3.1846979912279836,0.0,0.0,0.0,0.0,0.0,0.0,109.59561157226562,36.61573791503906,14.224960327148438,30.66826057434082,232.17333984375,23.641185760498047,0.1255035400390625,0.00067138671875,0.0,0.0,0.0267181396484375,0.808807373046875,0.0291900634765625,0.0091094970703125,1.81966108427431,0.8989826514591919,0.7815608254922644,0.9840710724272386
1.0,0.99609375,0.0,1.0,1.0,0.7915702273958504,3.1846979912279836,0.0,0.0,0.0,0.0,0.0,0.0,102.37849426269531,39.04021072387695,11.512680053710938,21.44164276123047,231.0040740966797,21.61850357055664,0.1375885009765625,0.038177490234375,0.0001983642578125,0.00030517578125,0.09869384765625,0.698944091796875,0.019805908203125,0.00628662109375,1.5272400536794009,0.8705470168475848,0.6611377209829515,0.9799618511544533
1.0,0.99609375,0.0,1.0,1.0,0.7915702273958504,3.1846979912279836,0.0,0.0,0.0,0.0,0.0,0.0,107.34996032714844,32.47636413574219,8.435333251953125,15.781573295593262,231.848388671875,25.25872039794922,0.0213165283203125,0.1068572998046875,7.62939453125e-05,0.0001373291015625,0.1479034423828125,0.7057952880859375,0.013916015625,0.003997802734375,1.374923113661616,0.8799273793996807,0.6536641482446346,0.9837307288309216
1.0,0.99609375,0.0,1.0,1.0,0.7915702273958504,3.1846979912279836,0.0,0.0,0.0,0.0,0.0,0.0,111.76091003417969,25.51304054260254,7.457977294921875,11.012832641601562,238.3194122314453,18.899337768554688,0.0599212646484375,0.0058441162109375,0.0002288818359375,3.0517578125e-05,0.01123046875,0.9138946533203125,0.0068817138671875,0.0019683837890625,1.5866316135546175,0.9104818538908755,0.606253310322144,0.9690053447416015
1.0,0.99609375,0.0,1.0,1.0,0.7915702273958504,3.1846979912279836,0.0,0.0,0.0,0.0,0.0,0.0,108.48112487792969,34.46463394165039,11.949813842773438,30.033292770385742,233.78128051757812,23.70237922668457,0.1108245849609375,0.0009613037109375,6.103515625e-05,9.1552734375e-05,0.101104736328125,0.74017333984375,0.03399658203125,0.012786865234375,2.047855384724383,0.8989806140883677,0.6122934237470615,0.9819043453498966
1.0,0.99609375,0.0,1.0,1.0,0.7915702273958504,3.1846979912279836,0.0,0.0,0.0,0.0,0.0,0.0,110.84823608398438,35.43790054321289,9.715988159179688,21.96094512939453,235.67196655273438,16.299009323120117,0.11407470703125,0.0050201416015625,0.0,0.0,0.0285797119140625,0.760528564453125,0.0728912353515625,0.0189056396484375,1.1119400100399073,0.8843819662350985,0.5157633037152007,0.9796814559958031
1.0,0.99609375,0.0,1.0,1.0,0.7915702273958504,3.1846979912279836,0.0,0.0,0.0,0.0,0.0,0.0,106.85018920898438,36.63982391357422,6.429534912109375,13.935675621032715,236.20867919921875,14.191393852233887,0.1016998291015625,0.0353240966796875,0.00018310546875,0.000244140625,0.0617828369140625,0.7503509521484375,0.0312347412109375,0.0191802978515625,0.6060916240598047,0.8875527998465623,0.5361837380725111,0.9826174741289242
1.0,0.99609375,0.0,1.0,1.0,0.7915702273958504,3.1846979912279836,0.0,0.0,0.0,0.0,0.0,0.0,111.61141967773438,36.914066314697266,15.4583740234375,33.78868103027344,230.02210998535156,24.59967041015625,0.123779296875,0.000396728515625,0.0,0.0,0.0120086669921875,0.787200927734375,0.0633087158203125,0.0133056640625,1.8034060862902446,0.8762202470962968,0.5714697274123324,0.9853034981097222
1.0,0.99609375,0.0,1.0,1.0,0.7915702273958504,3.1846979912279836,0.0,0.0,0.0,0.0,0.0,0.0,101.6180419921875,42.633975982666016,13.540313720703125,29.31031036376953,223.37503051757812,35.12009811401367,0.162994384765625,0.03057861328125,0.000701904296875,0.0008087158203125,0.0673828125,0.67266845703125,0.0397186279296875,0.025146484375,3.474676909900275,0.8637386573432992,0.5478455003754248,0.9818283500372411
1.0,0.99609375,0.0,1.0,1.0,0.7915702273958504,3.1846979912279836,0.0,0.0,0.0,0.0,0.0,0.0,106.7471923828125,33.701175689697266,9.232330322265625,18.34522819519043,229.08143615722656,26.212848663330078,0.0344085693359375,0.100372314453125,0.000396728515625,0.00030517578125,0.1366119384765625,0.7054443359375,0.0178070068359375,0.0046539306640625,1.4233825861854845,0.8943919111617807,0.6728462093693246,0.9852551199800421
1.0,0.99609375,0.0,1.0,1.0,0.7915702273958504,3.1846979912279836,0.0,0.0,0.0,0.0,0.0,0.0,109.87203979492188,34.15314483642578,13.614242553710938,35.29453659057617,233.15464782714844,19.579082489013672,0.10833740234375,0.0004425048828125,4.57763671875e-05,9.1552734375e-05,0.0842742919921875,0.732757568359375,0.0596466064453125,0.014404296875,1.533180955033374,0.9118356575617153,0.7443137393172459,0.9836946048579981
1.0,0.99609375,0.0,1.0,1.0,0.7915702273958504,3.1846979912279836,0.0,0.0,0.0,0.0,0.0,0.0,106.5213623046875,39.036842346191406,7.330078125,17.301959991455078,233.22604370117188,18.34051513671875,0.085662841796875,0.065277099609375,0.0,0.0003509521484375,0.0509185791015625,0.718170166015625,0.048553466796875,0.03106689453125,0.8923132810741461,0.9211895513131112,0.7607958564752773,0.9828085507138877
1.0,0.99609375,0.0,1.0,1.0,0.7915702273958504,3.1846979912279836,0.0,0.0,0.0,0.0,0.0,0.0,110.26242065429688,36.56846618652344,11.239944458007812,27.068471908569336,231.83779907226562,22.683528900146484,0.1219329833984375,0.00189208984375,1.52587890625e-05,0.0,0.023040771484375,0.754669189453125,0.0833892822265625,0.0150604248046875,1.7609165843019459,0.9069751430907331,0.7149510941625569,0.9820197227774063
1.0,0.99609375,0.0,1.0,1.0,0.7915702273958504,3.1846979912279836,0.0,0.0,0.0,0.0,0.0,0.0,107.17375183105469,42.259674072265625,18.639083862304688,39.20334243774414,224.73822021484375,31.050695419311523,0.1668548583984375,0.0005035400390625,1.52587890625e-05,0.0,0.021759033203125,0.680084228515625,0.100372314453125,0.0304107666015625,2.6255466000632035,0.8528108542168591,0.4884082585737465,0.9856667275280377
1.0,0.99609375,0.0,1.0,1.0,0.7915702273958504,3.1846979912279836,0.0,0.0,0.0,0.0,0.0,0.0,109.41680908203125,32.08821105957031,10.328765869140625,19.24178695678711,238.00865173339844,15.910919189453125,0.1040496826171875,0.002655029296875,1.52587890625e-05,4.57763671875e-05,0.041717529296875,0.82513427734375,0.0209503173828125,0.00543212890625,0.9122315374762912,0.9115371606464745,0.7293850065530676,0.9811389834480154
1.0,0.99609375,0.0,1.0,1.0,0.7915702273958504,3.1846979912279836,0.0,0.0,0.0,0.0,0.0,0.0,109.85540771484375,33.77961349487305,7.48876953125,16.2773494720459,228.9484100341797,28.080556869506836,0.103118896484375,0.005279541015625,6.103515625e-05,0.0002288818359375,0.070648193359375,0.7685089111328125,0.040985107421875,0.01116943359375,2.5972470872469664,0.8726375324520967,0.5704198742686586,0.9779778841731857
1.0,0.99609375,0.0,1.0,1.0,0.7915702273958504,3.1846979912279836,0.0,0.0,0.0,0.0,0.0,0.0,109.62651062011719,34.909942626953125,9.769180297851562,25.821170806884766,233.1781463623047,19.085201263427734,0.1122894287109375,0.0009918212890625,0.0,0.0,0.0545501708984375,0.77020263671875,0.0438232421875,0.0181427001953125,0.8871592262369478,0.9208180789108265,0.7792909298669772,0.9884942231402664
1.0,0.99609375,0.0,1.0,1.0,0.7915702273958504,3.1846979912279836,0.0,0.0,0.0,0.0,0.0,0.0,107.28379821777344,35.44742202758789,9.413375854492188,21.126283645629883,231.9082489013672,19.4835262298584,0.1235504150390625,0.0011138916015625,1.52587890625e-05,1.52587890625e-05,0.138092041015625,0.68975830078125,0.0326385498046875,0.0148162841796875,0.8482328245388351,0.9126893579446742,0.7550802029830719,0.9884136416799177
1.0,0.99609375,0.0,1.0,1.0,0.7915702273958504,3.1846979912279836,0.0,0.0,0.0,0.0,0.0,0.0,106.69459533691406,36.768917083740234,12.080413818359375,25.713048934936523,234.2379913330078,16.019493103027344,0.122222900390625,0.017608642578125,1.52587890625e-05,0.0,0.083587646484375,0.7298583984375,0.0353240966796875,0.011383056640625,0.9041993431110568,0.9196112057223763,0.7651906742865688,0.9841839082785162
1.0,0.99609375,0.0,1.0,1.0,0.7915702273958504,3.1846979912279836,0.0,0.0,0.0,0.0,0.0,0.0,113.42196655273438,27.376964569091797,7.013519287109375,16.588380813598633,236.4856414794922,16.680147171020508,0.06451416015625,0.005523681640625,6.103515625e-05,3.0517578125e-05,0.0840301513671875,0.8073883056640625,0.025787353515625,0.012664794921875,0.7832558688965717,0.9374116407837723,0.8521288322186378,0.9832860867798257
1.0,0.99609375,0.0,1.0,1.0,0.7915702273958504,3.1846979912279836,0.0,0.0,0.0,0.0,0.0,0.0,105.09101867675781,39.24381637573242,9.976654052734375,20.23562240600586,233.01918029785156,18.51709747314453,0.138214111328125,0.025634765625,0.000152587890625,0.0001678466796875,0.0603790283203125,0.726043701171875,0.03533935546875,0.014068603515625,0.6424421725403214,0.9088439769233398,0.7619243207211711,0.9890448291976459
1.0,0.99609375,0.0,1.0,1.0,0.7915702273958504,3.1846979912279836,0.0,0.0,0.0,0.0,0.0,0.0,108.06236267089844,37.22325134277344,9.774017333984375,21.198328018188477,234.79962158203125,16.1751708984375,0.1116485595703125,0.0311431884765625,0.0001068115234375,4.57763671875e-05,0.046417236328125,0.7154388427734375,0.071685791015625,0.0235137939453125,0.9780421464515305,0.8811046301490539,0.4977574377137909,0.9804312760839269
1.0,0.99609375,0.0,1.0,1.0,0.7915702273958504,3.1846979912279836,0.0,0.0,0.0,0.0,0.0,0.0,112.66871643066406,28.164602279663086,6.677032470703125,16.75173568725586,237.59983825683594,18.05203628540039,0.063812255859375,0.0115203857421875,9.1552734375e-05,4.57763671875e-05,0.0911407470703125,0.7999725341796875,0.0240020751953125,0.0094146728515625,1.30037161833385,0.910142186938185,0.6405858618993447,0.9759756048293533
1.0,0.99609375,0.0,1.0,1.0,0.7915702273958504,3.1846979912279836,0.0,0.0,0.0,0.0,0.0,0.0,107.752197265625,37.601070404052734,13.9483642578125,31.58868980407715,234.96957397460938,19.039928436279297,0.134124755859375,0.0028533935546875,0.0,4.57763671875e-05,0.0814971923828125,0.713623046875,0.0430145263671875,0.02484130859375,1.5370321802814337,0.8816613458999686,0.5153670102205029,0.9822523344038108
1.0,0.99609375,0.0,1.0,1.0,0.7915702273958504,3.1846979912279836,0.0,0.0,0.0,0.0,0.0,0.0,106.85379028320312,35.32038116455078,9.801712036132812,22.496660232543945,232.24493408203125,22.42247772216797,0.1250152587890625,0.00286865234375,1.52587890625e-05,0.0,0.1329345703125,0.70135498046875,0.0251922607421875,0.0126190185546875,1.730248419646904,0.887915370506096,0.6903135504897117,0.9799708741976543
1.0,0.99609375,0.0,1.0,1.0,0.7915702273958504,3.1846979912279836,0.0,0.0,0.0,0.0,0.0,0.0,115.095703125,29.292749404907227,8.339553833007812,14.713895797729492,237.97921752929688,18.002859115600586,0.07147216796875,0.0113677978515625,0.0,1.52587890625e-05,0.0161895751953125,0.8754730224609375,0.0204925537109375,0.0049896240234375,0.9686313151604036,0.9131173178414408,0.7297854159164175,0.9812176584417241
1.0,0.99609375,0.0,1.0,1.0,0.7915702273958504,3.1846979912279836,0.0,0.0,0.0,0.0,0.0,0.0,110.50271606445312,34.596290588378906,11.49322509765625,31.737228393554688,235.48208618164062,16.16726303100586,0.107025146484375,0.0009765625,0.0,0.0,0.090301513671875,0.7284088134765625,0.0374603271484375,0.03582763671875,1.2111649867313634,0.9247700098008316,0.8001494006801304,0.9817842928687678
1.0,0.99609375,0.0,1.0,1.0,0.7915702273958504,3.1846979912279836,0.0,0.0,0.0,0.0,0.0,0.0,109.71852111816406,34.59562301635742,8.316268920898438,20.227075576782227,230.0218963623047,30.46015739440918,0.106475830078125,0.005096435546875,0.0,9.1552734375e-05,0.0617218017578125,0.764739990234375,0.042205810546875,0.0196685791015625,2.8627903476744794,0.8848265285750294,0.6454448445583708,0.979633919398544
1.0,0.99609375,0.0,1.0,1.0,0.7915702273958504,3.1846979912279836,0.0,0.0,0.0,0.0,0.0,0.0,106.42298889160156,44.652469635009766,19.528854370117188,41.148380279541016,224.32388305664062,35.03587341308594,0.179412841796875,0.00091552734375,7.62939453125e-05,0.0,0.0184783935546875,0.6407928466796875,0.121337890625,0.0389862060546875,3.0166249707952186,0.8669769918178267,0.594735822906438,0.9868194280463716
1.0,0.99609375,0.0,1.0,1.0,0.7915702273958504,3.1846979912279836,0.0,0.0,0.0,0.0,0.0,0.0,113.99269104003906,28.844581604003906,8.301773071289062,15.729690551757812,230.38699340820312,35.59342575073242,0.0621795654296875,0.0175323486328125,0.0010528564453125,0.0006256103515625,0.030242919921875,0.866943359375,0.0159912109375,0.00543212890625,2.4898559969690477,0.9053136604432814,0.7164327117751725,0.985134572961239
1.0,0.99609375,0.0,1.0,1.0,0.7915702273958504,3.1846979912279836,0.0,0.0,0.0,0.0,0.0,0.0,105.83291625976562,36.44832992553711,10.254592895507812,22.336055755615234,224.20265197753906,40.79454040527344,0.1258087158203125,0.0138702392578125,0.0006103515625,0.0003204345703125,0.1060028076171875,0.7059326171875,0.0356903076171875,0.0117645263671875,2.7262329554234963,0.8813316050364001,0.5589917299997175,0.9883552218832397
1.0,0.99609375,0.0,1.0,1.0,0.7915702273958504,3.1846979912279836,0.0,0.0,0.0,0.0,0.0,0.0,104.39312744140625,37.72684860229492,11.421234130859375,23.473678588867188,226.44224548339844,32.63108444213867,0.1170196533203125,0.0422821044921875,0.0009613037109375,0.00048828125,0.120941162109375,0.67205810546875,0.0322265625,0.0140228271484375,2.6992802325534506,0.8598303291026805,0.5360078344551886,0.9827630615811859
1.0,0.99609375,0.0,1.0,1.0,0.7915702273958504,3.1846979912279836,0.0,0.0,0.0,0.0,0.0,0.0,100.59013366699219,59.37933349609375,17.5338134765625,39.355133056640625,205.02598571777344,30.162761688232422,0.270294189453125,0.0203704833984375,0.004547119140625,0.003173828125,0.04205322265625,0.2567596435546875,0.2732086181640625,0.1295928955078125,4.997771492193564,0.7871680240650301,0.41528298633717964,0.9701508513137354
1.0,0.99609375,0.0,1.0,1.0,0.7915702273958504,3.1846979912279836,0.0,0.0,0.0,0.0,0.0,0.0,102.98164367675781,52.43801498413086,14.033660888671875,28.556507110595703,214.62109375,15.785703659057617,0.2102203369140625,0.037353515625,0.003021240234375,0.002044677734375,0.0510406494140625,0.396148681640625,0.2246856689453125,0.0754852294921875,1.6356246077868069,0.8198857018030105,0.420911645587064,0.9680983167405616
1.0,0.99609375,0.0,1.0,1.0,0.7915702273958504,3.1846979912279836,0.0,0.0,0.0,0.0,0.0,0.0,110.43037414550781,48.2904052734375,14.402053833007812,34.2270622253418,209.7548065185547,24.22321891784668,0.168731689453125,0.0096893310546875,0.00341796875,0.002593994140625,0.063934326171875,0.3996124267578125,0.2774200439453125,0.0746002197265625,3.045701039798141,0.8219631949050221,0.5282599118732672,0.9738953005197704
1.0,0.99609375,0.0,1.0,1.0,0.7915702273958504,3.1846979912279836,0.0,0.0,0.0,0.0,0.0,0.0,112.32388305664062,42.95809555053711,17.054763793945312,29.807397842407227,196.4324493408203,38.71421432495117,0.1549530029296875,0.003204345703125,0.000457763671875,0.0003509521484375,0.02850341796875,0.565948486328125,0.22491455078125,0.02166748046875,2.951289256739509,0.8279129972747281,0.3888741105546122,0.9866322314864883
1.0,0.99609375,0.0,1.0,1.0,0.7915702273958504,3.1846979912279836,0.0,0.0,0.0,0.0,0.0,0.0,115.03474426269531,53.024559020996094,16.472091674804688,31.699565887451172,195.31033325195312,36.12643051147461,0.17364501953125,0.032867431640625,0.0016632080078125,0.0010986328125,0.0214996337890625,0.217864990234375,0.4173583984375,0.134002685546875,3.908942280733414,0.7858170432275757,0.4049556780563478,0.9802128860974586
1.0,0.99609375,0.0,1.0,1.0,0.7915702273958504,3.1846979912279836,0.0,0.0,0.0,0.0,0.0,0.0,94.61224365234375,68.91986083984375,9.858245849609375,23.789331436157227,202.8813018798828,18.841007232666016,0.340850830078125,0.0510101318359375,0.006072998046875,0.003662109375,0.016326904296875,0.0912017822265625,0.234466552734375,0.25640869140625,1.546879646912123,0.8501255941108374,0.48691058135841025,0.9756258898768195
1.0,0.99609375,0.0,1.0,1.0,0.7915702273958504,3.1846979912279836,0.0,0.0,0.0,0.0,0.0,0.0,105.79576110839844,55.86731719970703,14.17156982421875,30.38184928894043,206.500244140625,29.075368881225586,0.2104949951171875,0.0455169677734375,0.0025482177734375,0.001434326171875,0.0336456298828125,0.2785797119140625,0.3155517578125,0.1122283935546875,2.9837784809574095,0.8180690181436101,0.4332261242592228,0.9767874361971667
1.0,0.99609375,0.0,1.0,1.0,0.7915702273958504,3.1846979912279836,0.0,0.0,0.0,0.0,0.0,0.0,112.00309753417969,47.225833892822266,21.850296020507812,38.88052749633789,182.8707733154297,46.47755813598633,0.1711578369140625,0.012054443359375,0.0006103515625,0.0005340576171875,0.023345947265625,0.4483642578125,0.298065185546875,0.045867919921875,3.6411386270225403,0.7877722513063856,0.31613780035880534,0.9882680586048773
1.0,0.99609375,0.0,1.0,1.0,0.7915702273958504,3.1846979912279836,0.0,0.0,0.0,0.0,0.0,0.0,107.68721008300781,61.74705505371094,20.111907958984375,35.60909652709961,188.5775909423828,45.623199462890625,0.245574951171875,0.0471649169921875,0.0016937255859375,0.000946044921875,0.01422119140625,0.1344757080078125,0.3526763916015625,0.2032470703125,3.9204359076262065,0.7812014629741422,0.28578883149224077,0.9868994754405882
1.0,0.99609375,0.0,1.0,1.0,0.7915702273958504,3.1846979912279836,0.0,0.0,0.0,0.0,0.0,0.0,99.91035461425781,65.92804718017578,16.670806884765625,35.53567123413086,199.7498321533203,29.21767234802246,0.311614990234375,0.0318450927734375,0.00408935546875,0.002044677734375,0.0202178955078125,0.1270294189453125,0.2803955078125,0.2227630615234375,3.9413054086650066,0.8061823590375066,0.4189367337394354,0.9736027529361915
1.0,0.99609375,0.0,1.0,1.0,0.7915702273958504,3.1846979912279836,0.0,0.0,0.0,0.0,0.0,0.0,83.32687377929688,72.53245544433594,12.206222534179688,27.403087615966797,201.49575805664062,23.798810958862305,0.44232177734375,0.053863525390625,0.0047454833984375,0.002166748046875,0.006927490234375,0.0430908203125,0.1654510498046875,0.28143310546875,2.2510210451950923,0.8641843762365318,0.6453945024697387,0.976868843652745
1.0,0.99609375,0.0,1.0,1.0,0.7915702273958504,3.1846979912279836,0.0,0.0,0.0,0.0,0.0,0.0,113.53350830078125,61.1696662902832,15.86273193359375,31.972124099731445,192.75070190429688,18.6737060546875,0.2379150390625,0.0241241455078125,0.0004425048828125,0.0003509521484375,0.0059661865234375,0.0869293212890625,0.436187744140625,0.2080841064453125,1.8072609304109313,0.8312419330372305,0.35040264581094094,0.9729107962683996
1.0,0.99609375,0.0,1.0,1.0,0.7915702273958504,3.1846979912279836,0.0,0.0,0.0,0.0,0.0,0.0,102.50321960449219,76.3444595336914,15.415740966796875,31.087011337280273,206.89785766601562,37.59288024902344,0.389068603515625,0.0160675048828125,0.0002288818359375,0.0001373291015625,0.0002288818359375,0.002227783203125,0.0842437744140625,0.5077972412109375,2.3959146461643894,0.8437744537400318,0.42945844035673975,0.9887291706369803
1.0,0.99609375,0.0,1.0,1.0,0.7915702273958504,3.1846979912279836,0.0,0.0,0.0,0.0,0.0,0.0,115.02015686035156,27.498390197753906,7.6711273193359375,12.38718032836914,233.22076416015625,33.40896987915039,0.055511474609375,0.0175018310546875,0.000457763671875,0.000152587890625,0.0244293212890625,0.88946533203125,0.0091400146484375,0.0033416748046875,2.215212123206438,0.9131808751947381,0.7624970644965311,0.9847014617051774
1.0,0.99609375,0.0,1.0,1.0,0.7915702273958504,3.1846979912279836,0.0,0.0,0.0,0.0,0.0,0.0,110.46853637695312,28.405542373657227,7.80474853515625,13.324373245239258,235.18028259277344,28.062114715576172,0.0708465576171875,0.00909423828125,0.0005035400390625,6.103515625e-05,0.0595550537109375,0.844696044921875,0.0097503662109375,0.0054931640625,1.6116399435532942,0.9059862875287392,0.5767600374311543,0.9852236558194152
1.0,0.99609375,0.0,1.0,1.0,0.7915702273958504,3.1846979912279836,0.0,0.0,0.0,0.0,0.0,0.0,107.25010681152344,35.112735748291016,10.225784301757812,19.621694564819336,236.23336791992188,17.97015380859375,0.1240234375,0.0048370361328125,4.57763671875e-05,0.0,0.08544921875,0.744903564453125,0.028350830078125,0.01239013671875,1.398446811419214,0.8986804760153647,0.5824439992897904,0.9753151495153254
1.0,0.99609375,0.0,1.0,1.0,0.7915702273958504,3.1846979912279836,0.0,0.0,0.0,0.0,0.0,0.0,112.67385864257812,31.68093490600586,8.468963623046875,17.483659744262695,234.69140625,25.874513626098633,0.07928466796875,0.01910400390625,0.0006561279296875,7.62939453125e-05,0.03582763671875,0.818878173828125,0.039459228515625,0.0067138671875,1.7772119057338456,0.9081753516995641,0.6834453000239392,0.9821222032095559
1.0,0.99609375,0.0,1.0,1.0,0.7915702273958504,3.1846979912279836,0.0,0.0,0.0,0.0,0.0,0.0,107.29866027832031,35.38182067871094,10.42730712890625,19.873743057250977,236.1848602294922,19.985204696655273,0.1265411376953125,0.0058135986328125,3.0517578125e-05,4.57763671875e-05,0.084869384765625,0.7558135986328125,0.0173492431640625,0.0095367431640625,0.8708229693653086,0.9012308583040199,0.7250813897495929,0.9873497245399373
1.0,0.99609375,0.0,1.0,1.0,0.7915702273958504,3.1846979912279836,0.0,0.0,0.0,0.0,0.0,0.0,103.47248840332031,37.351253509521484,14.326766967773438,30.712133407592773,238.27545166015625,18.07524299621582,0.145233154296875,0.00360107421875,0.0001068115234375,7.62939453125e-05,0.162109375,0.6603546142578125,0.016510009765625,0.0120086669921875,1.5510096764034431,0.903685171676917,0.788304688127401,0.9800555275342477
1.0,0.99609375,0.0,1.0,1.0,0.7915702273958504,3.1846979912279836,0.0,0.0,0.0,0.0,0.0,0.0,106.71661376953125,33.1352424621582,7.455963134765625,15.6524658203125,228.0787811279297,43.91183090209961,0.103424072265625,0.0026397705078125,0.000213623046875,0.000213623046875,0.239288330078125,0.6279296875,0.017547607421875,0.0087432861328125,3.866799545371549,0.8913198855153117,0.7550359933957369,0.9852457820967029
1.0,0.99609375,0.0,1.0,1.0,0.7915702273958504,3.1846979912279836,0.0,0.0,0.0,0.0,0.0,0.0,109.06068420410156,29.498586654663086,8.100296020507812,19.958066940307617,237.6050567626953,20.42565155029297,0.085357666015625,0.0011444091796875,4.57763671875e-05,4.57763671875e-05,0.259735107421875,0.6327667236328125,0.01373291015625,0.007171630859375,1.3768596863155969,0.9298737241009014,0.8381203142103546,0.9812912363009965
1.0,0.99609375,0.0,1.0,1.0,0.7915702273958504,3.1846979912279836,0.0,0.0,0.0,0.0,0.0,0.0,106.39472961425781,33.5521125793457,10.207183837890625,22.014177322387695,241.27285766601562,10.775938034057617,0.1173095703125,0.0009613037109375,0.0,0.0,0.208984375,0.6384735107421875,0.0224151611328125,0.0118560791015625,0.6189926900314137,0.9146291279564198,0.7862469710488675,0.9799556154903841
1.0,0.99609375,0.0,1.0,1.0,0.7915702273958504,3.1846979912279836,0.0,0.0,0.0,0.0,0.0,0.0,109.54843139648438,34.94865798950195,11.135421752929688,24.71127700805664,238.27577209472656,18.217864990234375,0.11798095703125,0.000152587890625,0.0,9.1552734375e-05,0.0677947998046875,0.760711669921875,0.0414276123046875,0.0118408203125,1.056878410562854,0.9166956379762978,0.81460944179706,0.9845402114825978
1.0,0.99609375,0.0,1.0,1.0,0.7915702273958504,3.1846979912279836,0.0,0.0,0.0,0.0,0.0,0.0,110.0294189453125,37.39871597290039,11.564666748046875,23.481937408447266,235.5078582763672,13.575739860534668,0.1327667236328125,0.000946044921875,4.57763671875e-05,0.0,0.0182342529296875,0.7736968994140625,0.0539398193359375,0.0203704833984375,1.6951469767429423,0.9216340765190403,0.7770740513472183,0.9598221731772008
1.0,0.99609375,0.0,1.0,1.0,0.7915702273958504,3.1846979912279836,0.0,0.0,0.0,0.0,0.0,0.0,107.34991455078125,33.1297721862793,9.8433837890625,21.77914047241211,230.0677947998047,32.27931213378906,0.1087646484375,0.0069427490234375,0.000213623046875,7.62939453125e-05,0.14166259765625,0.7184600830078125,0.0175323486328125,0.00634765625,2.6879064672675628,0.8724773191230489,0.5768195557085165,0.9827502758640924
1.0,0.99609375,0.0,1.0,1.0,0.7915702273958504,3.1846979912279836,0.0,0.0,0.0,0.0,0.0,0.0,107.06732177734375,37.26365280151367,15.384979248046875,37.04417037963867,230.40182495117188,25.095788955688477,0.1323089599609375,0.0009613037109375,0.0,1.52587890625e-05,0.0848541259765625,0.7277679443359375,0.0348968505859375,0.019195556640625,2.0140665702726714,0.8890080798260942,0.7268905355995816,0.9853512869453164
1.0,0.99609375,0.0,1.0,1.0,0.7915702273958504,3.1846979912279836,0.0,0.0,0.0,0.0,0.0,0.0,108.63645935058594,33.64931106567383,11.033096313476562,22.76018714904785,231.3055877685547,26.258283615112305,0.077117919921875,0.045196533203125,7.62939453125e-05,6.103515625e-05,0.080169677734375,0.7732086181640625,0.017852783203125,0.006317138671875,1.421139349691826,0.9008187443137741,0.7709613560673757,0.9864674429696345
1.0,0.99609375,0.0,1.0,1.0,0.7915702273958504,3.1846979912279836,0.0,0.0,0.0,0.0,0.0,0.0,102.97857666015625,40.99199676513672,13.821731567382812,25.703752517700195,234.8848114013672,14.711196899414062,0.147796630859375,0.036865234375,3.0517578125e-05,3.0517578125e-05,0.06573486328125,0.68829345703125,0.0455169677734375,0.0157318115234375,0.9980049162766316,0.8937463835341071,0.6138255814772019,0.979595333431736
1.0,0.99609375,0.0,1.0,1.0,0.7915702273958504,3.1846979912279836,0.0,0.0,0.0,0.0,0.0,0.0,106.58049011230469,35.411991119384766,9.478378295898438,19.29063606262207,233.18988037109375,23.075725555419922,0.102783203125,0.0309600830078125,0.000274658203125,0.0002593994140625,0.1060638427734375,0.7321319580078125,0.0201263427734375,0.0074005126953125,1.3658693142251956,0.8855025794841836,0.5634588370795617,0.9840086102968496
1.0,0.99609375,0.0,1.0,1.0,0.7915702273958504,3.1846979912279836,0.0,0.0,0.0,0.0,0.0,0.0,110.7138671875,31.923248291015625,8.379623413085938,14.205689430236816,234.212158203125,22.875173568725586,0.018585205078125,0.0988311767578125,4.57763671875e-05,0.0001678466796875,0.035919189453125,0.83001708984375,0.0118255615234375,0.004608154296875,1.0129848429710053,0.8963060022982287,0.5740188279985328,0.9854927169148692
1.0,0.99609375,0.0,1.0,1.0,0.7915702273958504,3.1846979912279836,0.0,0.0,0.0,0.0,0.0,0.0,109.96694946289062,39.37934494018555,11.208358764648438,23.269275665283203,233.54444885253906,14.501296997070312,0.1408538818359375,0.0009918212890625,3.0517578125e-05,0.0,0.032470703125,0.7054443359375,0.0780487060546875,0.0421600341796875,0.8492055790415247,0.9078251424676262,0.6661813386152449,0.9819016293247094
1.0,0.99609375,0.0,1.0,1.0,0.7915702273958504,3.1846979912279836,0.0,0.0,0.0,0.0,0.0,0.0,107.62275695800781,38.29806137084961,15.8272705078125,38.85467529296875,227.29171752929688,32.238101959228516,0.1323089599609375,0.0004730224609375,0.0,0.0,0.0764617919921875,0.7076873779296875,0.05780029296875,0.0252685546875,3.4252451176108707,0.88497701765138,0.6932939694060973,0.9830203131610153
1.0,0.99609375,0.0,1.0,1.0,0.7915702273958504,3.1846979912279836,0.0,0.0,0.0,0.0,0.0,0.0,109.19650268554688,33.52638244628906,11.754104614257812,25.25394058227539,229.3955841064453,30.65232276916504,0.0753936767578125,0.04443359375,0.0014801025390625,0.0010528564453125,0.064117431640625,0.785614013671875,0.0205535888671875,0.007354736328125,2.6860138933786635,0.8935737131216182,0.7186877644311458,0.9805952133212328
1.0,0.99609375,0.0,1.0,1.0,0.7915702273958504,3.1846979912279836,0.0,0.0,0.0,0.0,0.0,0.0,102.6856689453125,43.56978988647461,17.968002319335938,36.58066940307617,230.95339965820312,22.971818923950195,0.1890869140625,0.003143310546875,4.57763671875e-05,6.103515625e-05,0.0738677978515625,0.6421966552734375,0.0586700439453125,0.032928466796875,2.148620026574446,0.8609472259045383,0.5125023370528435,0.9820858780420133
1.0,0.99609375,0.0,1.0,1.0,0.7915702273958504,3.1846979912279836,0.0,0.0,0.0,0.0,0.0,0.0,108.66195678710938,36.935115814208984,9.637451171875,20.431781768798828,231.688720703125,25.51681137084961,0.1175994873046875,0.0136566162109375,7.62939453125e-05,0.000244140625,0.07525634765625,0.7285308837890625,0.0283660888671875,0.0362701416015625,2.2959389329167625,0.8761050026786513,0.5514945865985326,0.9777544416958959
1.0,0.99609375,0.0,1.0,1.0,0.7915702273958504,3.1846979912279836,0.0,0.0,0.0,0.0,0.0,0.0,106.08477783203125,35.786346435546875,11.063796997070312,22.364585876464844,230.19949340820312,29.16404914855957,0.128662109375,0.0105743408203125,0.0001983642578125,0.0001373291015625,0.087738037109375,0.748291015625,0.0182952880859375,0.006103515625,2.400073970475827,0.8692395943950009,0.5906355632279812,0.9816515984615396
1.0,0.99609375,0.0,1.0,1.0,0.7915702273958504,3.1846979912279836,0.0,0.0,0.0,0.0,0.0,0.0,110.938720703125,31.997638702392578,8.67071533203125,16.46013641357422,233.5525360107422,22.611291885375977,0.0240020751953125,0.0924835205078125,1.52587890625e-05,3.0517578125e-05,0.0469818115234375,0.8080596923828125,0.0231170654296875,0.00531005859375,1.389469189856532,0.8873954501735323,0.5461593277699238,0.9804832046730791
1.0,0.99609375,0.0,1.0,1.0,0.7915702273958504,3.1846979912279836,0.0,0.0,0.0,0.0,0.0,0.0,108.01622009277344,37.751373291015625,14.207427978515625,29.067068099975586,235.5679168701172,13.524948120117188,0.1423492431640625,0.00079345703125,0.0,1.52587890625e-05,0.040252685546875,0.751495361328125,0.05059814453125,0.014495849609375,1.0439360325269496,0.9269451726085701,0.7680031796605269,0.9777627199494684
1.0,0.99609375,0.0,1.0,1.0,0.7915702273958504,3.1846979912279836,0.0,0.0,0.0,0.0,0.0,0.0,107.94400024414062,34.69444274902344,8.395156860351562,17.59685707092285,233.9718017578125,18.189210891723633,0.118865966796875,0.0037078857421875,9.1552734375e-05,0.000244140625,0.107086181640625,0.7310333251953125,0.0240020751953125,0.0149688720703125,0.8506491752310475,0.9187134443645751,0.819238130608349,0.9850374309664969
1.0,0.99609375,0.0,1.0,1.0,0.7915702273958504,3.1846979912279836,0.0,0.0,0.0,0.0,0.0,0.0,105.22329711914062,40.293731689453125,16.439376831054688,34.62456130981445,228.67550659179688,31.396486282348633,0.1587677001953125,0.0011138916015625,0.0,0.0,0.05731201171875,0.715423583984375,0.0513763427734375,0.0160064697265625,2.558476869831954,0.8801976877580819,0.7335500078462704,0.9855950770631823
1.0,0.99609375,0.0,1.0,1.0,0.7915702273958504,3.1846979912279836,0.0,0.0,0.0,0.0,0.0,0.0,106.73489379882812,35.06734848022461,10.427444458007812,20.763547897338867,234.07705688476562,20.317420959472656,0.1229095458984375,0.009796142578125,4.57763671875e-05,4.57763671875e-05,0.091522216796875,0.7422637939453125,0.0224456787109375,0.0109710693359375,0.8316566289863914,0.8914277174516477,0.5585727664053123,0.988227757242983
1.0,0.99609375,0.0,1.0,1.0,0.7915702273958504,3.1846979912279836,0.0,0.0,0.0,0.0,0.0,0.0,107.28932189941406,38.35357666015625,15.825912475585938,39.509552001953125,235.82508850097656,15.886021614074707,0.1363372802734375,0.0005950927734375,6.103515625e-05,0.0,0.094512939453125,0.6917266845703125,0.0431671142578125,0.033599853515625,1.1047652716416962,0.8830080710883612,0.532480043771562,0.9872371519362733
1.0,0.99609375,0.0,1.0,1.0,0.7915702273958504,3.1846979912279836,0.0,0.0,0.0,0.0,0.0,0.0,106.83976745605469,39.40529251098633,12.839004516601562,26.96779441833496,235.22836303710938,15.934767723083496,0.1554718017578125,0.000885009765625,0.0,0.0,0.038818359375,0.7115936279296875,0.0702972412109375,0.0229339599609375,1.01431874432084,0.8920471594825855,0.5623246206276018,0.982125203592531
1.0,0.99609375,0.0,1.0,1.0,0.7915702273958504,3.1846979912279836,0.0,0.0,0.0,0.0,0.0,0.0,109.59561157226562,36.61573791503906,14.224960327148438,30.66826057434082,232.17333984375,23.641185760498047,0.1255035400390625,0.00067138671875,0.0,0.0,0.0267181396484375,0.808807373046875,0.0291900634765625,0.0091094970703125,1.81966108427431,0.8989826514591919,0.7815608254922644,0.9840710724272386
1.0,0.99609375,0.0,1.0,1.0,0.7915702273958504,3.1846979912279836,0.0,0.0,0.0,0.0,0.0,0.0,102.37849426269531,39.04021072387695,11.512680053710938,21.44164276123047,231.0040740966797,21.61850357055664,0.1375885009765625,0.038177490234375,0.0001983642578125,0.00030517578125,0.09869384765625,0.698944091796875,0.019805908203125,0.00628662109375,1.5272400536794009,0.8705470168475848,0.6611377209829515,0.9799618511544533
1.0,0.99609375,0.0,1.0,1.0,0.7915702273958504,3.1846979912279836,0.0,0.0,0.0,0.0,0.0,0.0,107.34996032714844,32.47636413574219,8.435333251953125,15.781573295593262,231.848388671875,25.25872039794922,0.0213165283203125,0.1068572998046875,7.62939453125e-05,0.0001373291015625,0.1479034423828125,0.7057952880859375,0.013916015625,0.003997802734375,1.374923113661616,0.8799273793996807,0.6536641482446346,0.9837307288309216
1.0,0.99609375,0.0,1.0,1.0,0.7915702273958504,3.1846979912279836,0.0,0.0,0.0,0.0,0.0,0.0,111.76091003417969,25.51304054260254,7.457977294921875,11.012832641601562,238.3194122314453,18.899337768554688,0.0599212646484375,0.0058441162109375,0.0002288818359375,3.0517578125e-05,0.01123046875,0.9138946533203125,0.0068817138671875,0.0019683837890625,1.5866316135546175,0.9104818538908755,0.606253310322144,0.9690053447416015
1.0,0.99609375,0.0,1.0,1.0,0.7915702273958504,3.1846979912279836,0.0,0.0,0.0,0.0,0.0,0.0,108.48112487792969,34.46463394165039,11.949813842773438,30.033292770385742,233.78128051757812,23.70237922668457,0.1108245849609375,0.0009613037109375,6.103515625e-05,9.1552734375e-05,0.101104736328125,0.74017333984375,0.03399658203125,0.012786865234375,2.047855384724383,0.8989806140883677,0.6122934237470615,0.9819043453498966
1.0,0.99609375,0.0,1.0,1.0,0.7915702273958504,3.1846979912279836,0.0,0.0,0.0,0.0,0.0,0.0,110.84823608398438,35.43790054321289,9.715988159179688,21.96094512939453,235.67196655273438,16.299009323120117,0.11407470703125,0.0050201416015625,0.0,0.0,0.0285797119140625,0.760528564453125,0.0728912353515625,0.0189056396484375,1.1119400100399073,0.8843819662350985,0.5157633037152007,0.9796814559958031
1.0,0.99609375,0.0,1.0,1.0,0.7915702273958504,3.1846979912279836,0.0,0.0,0.0,0.0,0.0,0.0,106.85018920898438,36.63982391357422,6.429534912109375,13.935675621032715,236.20867919921875,14.191393852233887,0.1016998291015625,0.0353240966796875,0.00018310546875,0.000244140625,0.0617828369140625,0.7503509521484375,0.0312347412109375,0.0191802978515625,0.6060916240598047,0.8875527998465623,0.5361837380725111,0.9826174741289242
1.0,0.99609375,0.0,1.0,1.0,0.7915702273958504,3.1846979912279836,0.0,0.0,0.0,0.0,0.0,0.0,111.61141967773438,36.914066314697266,15.4583740234375,33.78868103027344,230.02210998535156,24.59967041015625,0.123779296875,0.000396728515625,0.0,0.0,0.0120086669921875,0.787200927734375,0.0633087158203125,0.0133056640625,1.8034060862902446,0.8762202470962968,0.5714697274123324,0.9853034981097222
1.0,0.99609375,0.0,1.0,1.0,0.7915702273958504,3.1846979912279836,0.0,0.0,0.0,0.0,0.0,0.0,101.6180419921875,42.633975982666016,13.540313720703125,29.31031036376953,223.37503051757812,35.12009811401367,0.162994384765625,0.03057861328125,0.000701904296875,0.0008087158203125,0.0673828125,0.67266845703125,0.0397186279296875,0.025146484375,3.474676909900275,0.8637386573432992,0.5478455003754248,0.9818283500372411
1.0,0.99609375,0.0,1.0,1.0,0.7915702273958504,3.1846979912279836,0.0,0.0,0.0,0.0,0.0,0.0,106.7471923828125,33.701175689697266,9.232330322265625,18.34522819519043,229.08143615722656,26.212848663330078,0.0344085693359375,0.100372314453125,0.000396728515625,0.00030517578125,0.1366119384765625,0.7054443359375,0.0178070068359375,0.0046539306640625,1.4233825861854845,0.8943919111617807,0.6728462093693246,0.9852551199800421
1.0,0.99609375,0.0,1.0,1.0,0.7915702273958504,3.1846979912279836,0.0,0.0,0.0,0.0,0.0,0.0,109.87203979492188,34.15314483642578,13.614242553710938,35.29453659057617,233.15464782714844,19.579082489013672,0.10833740234375,0.0004425048828125,4.57763671875e-05,9.1552734375e-05,0.0842742919921875,0.732757568359375,0.0596466064453125,0.014404296875,1.533180955033374,0.9118356575617153,0.7443137393172459,0.9836946048579981
1.0,0.99609375,0.0,1.0,1.0,0.7915702273958504,3.1846979912279836,0.0,0.0,0.0,0.0,0.0,0.0,106.5213623046875,39.036842346191406,7.330078125,17.301959991455078,233.22604370117188,18.34051513671875,0.085662841796875,0.065277099609375,0.0,0.0003509521484375,0.0509185791015625,0.718170166015625,0.048553466796875,0.03106689453125,0.8923132810741461,0.9211895513131112,0.7607958564752773,0.9828085507138877
1.0,0.99609375,0.0,1.0,1.0,0.7915702273958504,3.1846979912279836,0.0,0.0,0.0,0.0,0.0,0.0,110.26242065429688,36.56846618652344,11.239944458007812,27.068471908569336,231.83779907226562,22.683528900146484,0.1219329833984375,0.00189208984375,1.52587890625e-05,0.0,0.023040771484375,0.754669189453125,0.0833892822265625,0.0150604248046875,1.7609165843019459,0.9069751430907331,0.7149510941625569,0.9820197227774063
1.0,0.99609375,0.0,1.0,1.0,0.7915702273958504,3.1846979912279836,0.0,0.0,0.0,0.0,0.0,0.0,107.17375183105469,42.259674072265625,18.639083862304688,39.20334243774414,224.73822021484375,31.050695419311523,0.1668548583984375,0.0005035400390625,1.52587890625e-05,0.0,0.021759033203125,0.680084228515625,0.100372314453125,0.0304107666015625,2.6255466000632035,0.8528108542168591,0.4884082585737465,0.9856667275280377
1.0,0.99609375,0.0,1.0,1.0,0.7915702273958504,3.1846979912279836,0.0,0.0,0.0,0.0,0.0,0.0,109.41680908203125,32.08821105957031,10.328765869140625,19.24178695678711,238.00865173339844,15.910919189453125,0.1040496826171875,0.002655029296875,1.52587890625e-05,4.57763671875e-05,0.041717529296875,0.82513427734375,0.0209503173828125,0.00543212890625,0.9122315374762912,0.9115371606464745,0.7293850065530676,0.9811389834480154
1.0,0.99609375,0.0,1.0,1.0,0.7915702273958504,3.1846979912279836,0.0,0.0,0.0,0.0,0.0,0.0,109.85540771484375,33.77961349487305,7.48876953125,16.2773494720459,228.9484100341797,28.080556869506836,0.103118896484375,0.005279541015625,6.103515625e-05,0.0002288818359375,0.070648193359375,0.7685089111328125,0.040985107421875,0.01116943359375,2.5972470872469664,0.8726375324520967,0.5704198742686586,0.9779778841731857
1.0,0.99609375,0.0,1.0,1.0,0.7915702273958504,3.1846979912279836,0.0,0.0,0.0,0.0,0.0,0.0,109.62651062011719,34.909942626953125,9.769180297851562,25.821170806884766,233.1781463623047,19.085201263427734,0.1122894287109375,0.0009918212890625,0.0,0.0,0.0545501708984375,0.77020263671875,0.0438232421875,0.0181427001953125,0.8871592262369478,0.9208180789108265,0.7792909298669772,0.9884942231402664
1.0,0.99609375,0.0,1.0,1.0,0.7915702273958504,3.1846979912279836,0.0,0.0,0.0,0.0,0.0,0.0,107.28379821777344,35.44742202758789,9.413375854492188,21.126283645629883,231.9082489013672,19.4835262298584,0.1235504150390625,0.0011138916015625,1.52587890625e-05,1.52587890625e-05,0.138092041015625,0.68975830078125,0.0326385498046875,0.0148162841796875,0.8482328245388351,0.9126893579446742,0.7550802029830719,0.9884136416799177
1.0,0.99609375,0.0,1.0,1.0,0.7915702273958504,3.1846979912279836,0.0,0.0,0.0,0.0,0.0,0.0,106.69459533691406,36.768917083740234,12.080413818359375,25.713048934936523,234.2379913330078,16.019493103027344,0.122222900390625,0.017608642578125,1.52587890625e-05,0.0,0.083587646484375,0.7298583984375,0.0353240966796875,0.011383056640625,0.9041993431110568,0.9196112057223763,0.7651906742865688,0.9841839082785162
1.0,0.99609375,0.0,1.0,1.0,0.7915702273958504,3.1846979912279836,0.0,0.0,0.0,0.0,0.0,0.0,113.42196655273438,27.376964569091797,7.013519287109375,16.588380813598633,236.4856414794922,16.680147171020508,0.06451416015625,0.005523681640625,6.103515625e-05,3.0517578125e-05,0.0840301513671875,0.8073883056640625,0.025787353515625,0.012664794921875,0.7832558688965717,0.9374116407837723,0.8521288322186378,0.9832860867798257
1.0,0.99609375,0.0,1.0,1.0,0.7915702273958504,3.1846979912279836,0.0,0.0,0.0,0.0,0.0,0.0,105.09101867675781,39.24381637573242,9.976654052734375,20.23562240600586,233.01918029785156,18.51709747314453,0.138214111328125,0.025634765625,0.000152587890625,0.0001678466796875,0.0603790283203125,0.726043701171875,0.03533935546875,0.014068603515625,0.6424421725403214,0.9088439769233398,0.7619243207211711,0.9890448291976459
1.0,0.99609375,0.0,1.0,1.0,0.7915702273958504,3.1846979912279836,0.0,0.0,0.0,0.0,0.0,0.0,108.06236267089844,37.22325134277344,9.774017333984375,21.198328018188477,234.79962158203125,16.1751708984375,0.1116485595703125,0.0311431884765625,0.0001068115234375,4.57763671875e-05,0.046417236328125,0.7154388427734375,0.071685791015625,0.0235137939453125,0.9780421464515305,0.8811046301490539,0.4977574377137909,0.9804312760839269
1.0,0.99609375,0.0,1.0,1.0,0.7915702273958504,3.1846979912279836,0.0,0.0,0.0,0.0,0.0,0.0,112.66871643066406,28.164602279663086,6.677032470703125,16.75173568725586,237.59983825683594,18.05203628540039,0.063812255859375,0.0115203857421875,9.1552734375e-05,4.57763671875e-05,0.0911407470703125,0.7999725341796875,0.0240020751953125,0.0094146728515625,1.30037161833385,0.910142186938185,0.6405858618993447,0.9759756048293533
1.0,0.99609375,0.0,1.0,1.0,0.7915702273958504,3.1846979912279836,0.0,0.0,0.0,0.0,0.0,0.0,107.752197265625,37.601070404052734,13.9483642578125,31.58868980407715,234.96957397460938,19.039928436279297,0.134124755859375,0.0028533935546875,0.0,4.57763671875e-05,0.0814971923828125,0.713623046875,0.0430145263671875,0.02484130859375,1.5370321802814337,0.8816613458999686,0.5153670102205029,0.9822523344038108
1.0,0.99609375,0.0,1.0,1.0,0.7915702273958504,3.1846979912279836,0.0,0.0,0.0,0.0,0.0,0.0,106.85379028320312,35.32038116455078,9.801712036132812,22.496660232543945,232.24493408203125,22.42247772216797,0.1250152587890625,0.00286865234375,1.52587890625e-05,0.0,0.1329345703125,0.70135498046875,0.0251922607421875,0.0126190185546875,1.730248419646904,0.887915370506096,0.6903135504897117,0.9799708741976543
1.0,0.99609375,0.0,1.0,1.0,0.7915702273958504,3.1846979912279836,0.0,0.0,0.0,0.0,0.0,0.0,115.095703125,29.292749404907227,8.339553833007812,14.713895797729492,237.97921752929688,18.002859115600586,0.07147216796875,0.0113677978515625,0.0,1.52587890625e-05,0.0161895751953125,0.8754730224609375,0.0204925537109375,0.0049896240234375,0.9686313151604036,0.9131173178414408,0.7297854159164175,0.9812176584417241
1.0,0.99609375,0.0,1.0,1.0,0.7915702273958504,3.1846979912279836,0.0,0.0,0.0,0.0,0.0,0.0,110.50271606445312,34.596290588378906,11.49322509765625,31.737228393554688,235.48208618164062,16.16726303100586,0.107025146484375,0.0009765625,0.0,0.0,0.090301513671875,0.7284088134765625,0.0374603271484375,0.03582763671875,1.2111649867313634,0.9247700098008316,0.8001494006801304,0.9817842928687678
1.0,0.99609375,0.0,1.0,1.0,0.7915702273958504,3.1846979912279836,0.0,0.0,0.0,0.0,0.0,0.0,109.71852111816406,34.59562301635742,8.316268920898438,20.227075576782227,230.0218963623047,30.46015739440918,0.106475830078125,0.005096435546875,0.0,9.1552734375e-05,0.0617218017578125,0.764739990234375,0.042205810546875,0.0196685791015625,2.8627903476744794,0.8848265285750294,0.6454448445583708,0.979633919398544
1.0,0.99609375,0.0,1.0,1.0,0.7915702273958504,3.1846979912279836,0.0,0.0,0.0,0.0,0.0,0.0,106.42298889160156,44.652469635009766,19.528854370117188,41.148380279541016,224.32388305664062,35.03587341308594,0.179412841796875,0.00091552734375,7.62939453125e-05,0.0,0.0184783935546875,0.6407928466796875,0.121337890625,0.0389862060546875,3.0166249707952186,0.8669769918178267,0.594735822906438,0.9868194280463716
1.0,0.99609375,0.0,1.0,1.0,0.7915702273958504,3.1846979912279836,0.0,0.0,0.0,0.0,0.0,0.0,113.99269104003906,28.844581604003906,8.301773071289062,15.729690551757812,230.38699340820312,35.59342575073242,0.0621795654296875,0.0175323486328125,0.0010528564453125,0.0006256103515625,0.030242919921875,0.866943359375,0.0159912109375,0.00543212890625,2.4898559969690477,0.9053136604432814,0.7164327117751725,0.985134572961239
1.0,0.99609375,0.0,1.0,1.0,0.7915702273958504,3.1846979912279836,0.0,0.0,0.0,0.0,0.0,0.0,105.83291625976562,36.44832992553711,10.254592895507812,22.336055755615234,224.20265197753906,40.79454040527344,0.1258087158203125,0.0138702392578125,0.0006103515625,0.0003204345703125,0.1060028076171875,0.7059326171875,0.0356903076171875,0.0117645263671875,2.7262329554234963,0.8813316050364001,0.5589917299997175,0.9883552218832397
1.0,0.99609375,0.0,1.0,1.0,0.7915702273958504,3.1846979912279836,0.0,0.0,0.0,0.0,0.0,0.0,104.39312744140625,37.72684860229492,11.421234130859375,23.473678588867188,226.44224548339844,32.63108444213867,0.1170196533203125,0.0422821044921875,0.0009613037109375,0.00048828125,0.120941162109375,0.67205810546875,0.0322265625,0.0140228271484375,2.6992802325534506,0.8598303291026805,0.5360078344551886,0.9827630615811859
1.0,0.99609375,0.0,1.0,1.0,0.7915702273958504,3.1846979912279836,0.0,0.0,0.0,0.0,0.0,0.0,100.59013366699219,59.37933349609375,17.5338134765625,39.355133056640625,205.02598571777344,30.162761688232422,0.270294189453125,0.0203704833984375,0.004547119140625,0.003173828125,0.04205322265625,0.2567596435546875,0.2732086181640625,0.1295928955078125,4.997771492193564,0.7871680240650301,0.41528298633717964,0.9701508513137354
1.0,0.99609375,0.0,1.0,1.0,0.7915702273958504,3.1846979912279836,0.0,0.0,0.0,0.0,0.0,0.0,102.98164367675781,52.43801498413086,14.033660888671875,28.556507110595703,214.62109375,15.785703659057617,0.2102203369140625,0.037353515625,0.003021240234375,0.002044677734375,0.0510406494140625,0.396148681640625,0.2246856689453125,0.0754852294921875,1.6356246077868069,0.8198857018030105,0.420911645587064,0.9680983167405616
1.0,0.99609375,0.0,1.0,1.0,0.7915702273958504,3.1846979912279836,0.0,0.0,0.0,0.0,0.0,0.0,110.43037414550781,48.2904052734375,14.402053833007812,34.2270622253418,209.7548065185547,24.22321891784668,0.168731689453125,0.0096893310546875,0.00341796875,0.002593994140625,0.063934326171875,0.3996124267578125,0.2774200439453125,0.0746002197265625,3.045701039798141,0.8219631949050221,0.5282599118732672,0.9738953005197704
1.0,0.99609375,0.0,1.0,1.0,0.7915702273958504,3.1846979912279836,0.0,0.0,0.0,0.0,0.0,0.0,112.32388305664062,42.95809555053711,17.054763793945312,29.807397842407227,196.4324493408203,38.71421432495117,0.1549530029296875,0.003204345703125,0.000457763671875,0.0003509521484375,0.02850341796875,0.565948486328125,0.22491455078125,0.02166748046875,2.951289256739509,0.8279129972747281,0.3888741105546122,0.9866322314864883
1.0,0.99609375,0.0,1.0,1.0,0.7915702273958504,3.1846979912279836,0.0,0.0,0.0,0.0,0.0,0.0,115.03474426269531,53.024559020996094,16.472091674804688,31.699565887451172,195.31033325195312,36.12643051147461,0.17364501953125,0.032867431640625,0.0016632080078125,0.0010986328125,0.0214996337890625,0.217864990234375,0.4173583984375,0.134002685546875,3.908942280733414,0.7858170432275757,0.4049556780563478,0.9802128860974586
1.0,0.99609375,0.0,1.0,1.0,0.7915702273958504,3.1846979912279836,0.0,0.0,0.0,0.0,0.0,0.0,94.61224365234375,68.91986083984375,9.858245849609375,23.789331436157227,202.8813018798828,18.841007232666016,0.340850830078125,0.0510101318359375,0.006072998046875,0.003662109375,0.016326904296875,0.0912017822265625,0.234466552734375,0.25640869140625,1.546879646912123,0.8501255941108374,0.48691058135841025,0.9756258898768195
1.0,0.99609375,0.0,1.0,1.0,0.7915702273958504,3.1846979912279836,0.0,0.0,0.0,0.0,0.0,0.0,105.79576110839844,55.86731719970703,14.17156982421875,30.38184928894043,206.500244140625,29.075368881225586,0.2104949951171875,0.0455169677734375,0.0025482177734375,0.001434326171875,0.0336456298828125,0.2785797119140625,0.3155517578125,0.1122283935546875,2.9837784809574095,0.8180690181436101,0.4332261242592228,0.9767874361971667
1.0,0.99609375,0.0,1.0,1.0,0.7915702273958504,3.1846979912279836,0.0,0.0,0.0,0.0,0.0,0.0,112.00309753417969,47.225833892822266,21.850296020507812,38.88052749633789,182.8707733154297,46.47755813598633,0.1711578369140625,0.012054443359375,0.0006103515625,0.0005340576171875,0.023345947265625,0.4483642578125,0.298065185546875,0.045867919921875,3.6411386270225403,0.7877722513063856,0.31613780035880534,0.9882680586048773
1.0,0.99609375,0.0,1.0,1.0,0.7915702273958504,3.1846979912279836,0.0,0.0,0.0,0.0,0.0,0.0,107.68721008300781,61.74705505371094,20.111907958984375,35.60909652709961,188.5775909423828,45.623199462890625,0.245574951171875,0.0471649169921875,0.0016937255859375,0.000946044921875,0.01422119140625,0.1344757080078125,0.3526763916015625,0.2032470703125,3.9204359076262065,0.7812014629741422,0.28578883149224077,0.9868994754405882
1.0,0.99609375,0.0,1.0,1.0,0.7915702273958504,3.1846979912279836,0.0,0.0,0.0,0.0,0.0,0.0,99.91035461425781,65.92804718017578,16.670806884765625,35.53567123413086,199.7498321533203,29.21767234802246,0.311614990234375,0.0318450927734375,0.00408935546875,0.002044677734375,0.0202178955078125,0.1270294189453125,0.2803955078125,0.2227630615234375,3.9413054086650066,0.8061823590375066,0.4189367337394354,0.9736027529361915
1.0,0.99609375,0.0,1.0,1.0,0.7915702273958504,3.1846979912279836,0.0,0.0,0.0,0.0,0.0,0.0,83.32687377929688,72.53245544433594,12.206222534179688,27.403087615966797,201.49575805664062,23.798810958862305,0.44232177734375,0.053863525390625,0.0047454833984375,0.002166748046875,0.006927490234375,0.0430908203125,0.1654510498046875,0.28143310546875,2.2510210451950923,0.8641843762365318,0.6453945024697387,0.976868843652745
1.0,0.99609375,0.0,1.0,1.0,0.7915702273958504,3.1846979912279836,0.0,0.0,0.0,0.0,0.0,0.0,113.53350830078125,61.1696662902832,15.86273193359375,31.972124099731445,192.75070190429688,18.6737060546875,0.2379150390625,0.0241241455078125,0.0004425048828125,0.0003509521484375,0.0059661865234375,0.0869293212890625,0.436187744140625,0.2080841064453125,1.8072609304109313,0.8312419330372305,0.35040264581094094,0.9729107962683996
1.0,0.99609375,0.0,1.0,1.0,0.7915702273958504,3.1846979912279836,0.0,0.0,0.0,0.0,0.0,0.0,107.80287170410156,50.813663482666016,29.29559326171875,57.64006423950195,175.99790954589844,47.15422439575195,0.192657470703125,0.00341796875,0.001434326171875,0.0013427734375,0.053924560546875,0.432037353515625,0.25006103515625,0.06512451171875,5.950562146123968,0.7907027826344892,0.30855661054710914,0.9837041280505173
1.0,0.99609375,0.0,1.0,1.0,0.7915702273958504,3.1846979912279836,0.0,0.0,0.0,0.0,0.0,0.0,107.39254760742188,57.68134307861328,27.045913696289062,50.84061813354492,172.3647003173828,45.20713424682617,0.2374420166015625,0.006195068359375,0.0017242431640625,0.00115966796875,0.0278778076171875,0.2636566162109375,0.337890625,0.124053955078125,6.599770257432978,0.7576960658666793,0.30195631474761814,0.9801793569482431
1.0,0.99609375,0.0,1.0,1.0,0.7915702273958504,3.1846979912279836,0.0,0.0,0.0,0.0,0.0,0.0,109.78729248046875,54.366065979003906,26.008163452148438,49.60012435913086,178.3911895751953,44.81359100341797,0.210296630859375,0.00390625,0.0010223388671875,0.000732421875,0.0284271240234375,0.3154754638671875,0.3431396484375,0.0970001220703125,6.473490219869656,0.769095328646807,0.3088467006044408,0.9804667158124319
1.0,0.99609375,0.0,1.0,1.0,0.7915702273958504,3.1846979912279836,0.0,0.0,0.0,0.0,0.0,0.0,95.9495849609375,61.24227523803711,50.66204833984375,72.48193359375,157.06332397460938,48.87150573730469,0.32745361328125,0.0011749267578125,0.0003204345703125,0.0002288818359375,0.0162811279296875,0.28985595703125,0.2833709716796875,0.0813140869140625,6.043709612326651,0.7467089717187854,0.19687020413505207,0.9857905487519799
1.0,0.99609375,0.0,1.0,1.0,0.7915702273958504,3.1846979912279836,0.0,0.0,0.0,0.0,0.0,0.0,117.86611938476562,52.397865295410156,21.472137451171875,41.031131744384766,168.49887084960938,40.49903106689453,0.17633056640625,0.0024871826171875,0.0006256103515625,0.000457763671875,0.012542724609375,0.2322540283203125,0.4625701904296875,0.11273193359375,5.8794789156964375,0.7874541982879282,0.2651668390575487,0.9770771671788236
1.0,0.99609375,0.0,1.0,1.0,0.7915702273958504,3.1846979912279836,0.0,0.0,0.0,0.0,0.0,0.0,120.90559387207031,52.942230224609375,15.754043579101562,39.15750503540039,188.11375427246094,25.879642486572266,0.164276123046875,0.00726318359375,0.00238037109375,0.0013275146484375,0.0172271728515625,0.178497314453125,0.4398345947265625,0.1891937255859375,3.2921962644366944,0.8253785439801349,0.38511671846910145,0.9739947382318028
1.0,0.99609375,0.0,1.0,1.0,0.7915702273958504,3.1846979912279836,0.0,0.0,0.0,0.0,0.0,0.0,99.54963684082031,64.2485122680664,37.59544372558594,65.5819320678711,172.93792724609375,47.224884033203125,0.3124542236328125,0.0077667236328125,0.0029144287109375,0.00201416015625,0.020721435546875,0.1649322509765625,0.33465576171875,0.154541015625,5.08410917104916,0.7594432302645091,0.3082543852794713,0.9876252050179435
1.0,0.99609375,0.0,1.0,1.0,0.7915702273958504,3.1846979912279836,0.0,0.0,0.0,0.0,0.0,0.0,105.26033020019531,67.4009780883789,19.02691650390625,41.587589263916016,180.37266540527344,39.930763244628906,0.299072265625,0.012298583984375,0.0029144287109375,0.00152587890625,0.012176513671875,0.0970001220703125,0.3065643310546875,0.2684478759765625,4.0463068497447825,0.8077206111600742,0.3745121689055008,0.9842657929934393
1.0,0.99609375,0.0,1.0,1.0,0.7915702273958504,3.1846979912279836,0.0,0.0,0.0,0.0,0.0,0.0,113.12789916992188,62.53976058959961,22.849136352539062,46.7704963684082,177.32310485839844,41.533843994140625,0.24224853515625,0.0055999755859375,0.001190185546875,0.0006256103515625,0.0081024169921875,0.1144256591796875,0.399444580078125,0.228363037109375,4.106658511176013,0.807353780175479,0.41758469934388803,0.9858379634754506
1.0,0.99609375,0.0,1.0,1.0,0.7915702273958504,3.1846979912279836,0.0,0.0,0.0,0.0,0.0,0.0,116.09205627441406,57.89756393432617,30.53448486328125,56.54473876953125,165.96762084960938,40.61436080932617,0.2149505615234375,0.001495361328125,0.0003662109375,0.0001983642578125,0.0081024169921875,0.135467529296875,0.484405517578125,0.1550140380859375,3.7202712364509134,0.8106820279764874,0.28364068680498267,0.9874075737543289
1.0,0.99609375,0.0,1.0,1.0,0.7915702273958504,3.1846979912279836,0.0,0.0,0.0,0.0,0.0,0.0,93.57464599609375,58.381736755371094,42.997894287109375,68.92411041259766,180.83621215820312,51.61247253417969,0.3172607421875,0.004425048828125,0.0011444091796875,0.000885009765625,0.0391082763671875,0.363433837890625,0.207855224609375,0.065887451171875,8.25410761056428,0.7259541537415599,0.24956745553591614,0.9823124588455305
1.0,0.99609375,0.0,1.0,1.0,0.7915702273958504,3.1846979912279836,0.0,0.0,0.0,0.0,0.0,0.0,108.78921508789062,51.267574310302734,25.850967407226562,55.42483901977539,194.67176818847656,45.018856048583984,0.1900177001953125,0.0059661865234375,0.001861572265625,0.00140380859375,0.0501708984375,0.4010467529296875,0.27325439453125,0.0762786865234375,4.3739198684612415,0.7907674147832946,0.3445865519820585,0.9873120352687587
1.0,0.99609375,0.0,1.0,1.0,0.7915702273958504,3.1846979912279836,0.0,0.0,0.0,0.0,0.0,0.0,95.58981323242188,62.12238693237305,53.292755126953125,74.78475952148438,153.98223876953125,48.83083724975586,0.3377685546875,0.001708984375,0.0004730224609375,0.0005340576171875,0.0157470703125,0.247161865234375,0.307403564453125,0.089202880859375,7.032373904473554,0.7198728000914787,0.20042050414194096,0.9833832781729467
1.0,0.99609375,0.0,1.0,1.0,0.7915702273958504,3.1846979912279836,0.0,0.0,0.0,0.0,0.0,0.0,112.52059936523438,37.9250373840332,19.621902465820312,43.24836730957031,199.93666076660156,43.0419921875,0.110809326171875,0.0017547607421875,0.000732421875,0.0004730224609375,0.073822021484375,0.6703338623046875,0.1282501220703125,0.013824462890625,5.1001292345459905,0.815400388583199,0.4477373362850601,0.9824713862628429
1.0,0.99609375,0.0,1.0,1.0,0.7915702273958504,3.1846979912279836,0.0,0.0,0.0,0.0,0.0,0.0,124.6961669921875,33.25592803955078,9.576309204101562,26.23688316345215,206.49070739746094,17.698366165161133,0.0634765625,0.0028076171875,0.0011138916015625,0.0008544921875,0.043792724609375,0.474853515625,0.3665008544921875,0.046600341796875,2.017540453256159,0.8635379260486382,0.517058837052229,0.9678805608817567
1.0,0.99609375,0.0,1.0,1.0,0.7915702273958504,3.1846979912279836,0.0,0.0,0.0,0.0,0.0,0.0,99.84066772460938,62.904808044433594,33.28961181640625,63.743186950683594,186.0234832763672,47.31475067138672,0.2994842529296875,0.012451171875,0.00335693359375,0.002044677734375,0.0269775390625,0.1990203857421875,0.3079681396484375,0.1486968994140625,5.43829063506008,0.7759578457411389,0.3758241364967105,0.986529224914054
1.0,0.99609375,0.0,1.0,1.0,0.7915702273958504,3.1846979912279836,0.0,0.0,0.0,0.0,0.0,0.0,91.8565673828125,64.38411712646484,41.47941589355469,72.205810546875,176.2279510498047,55.80698776245117,0.3473358154296875,0.014312744140625,0.0036773681640625,0.0022735595703125,0.0382080078125,0.2116851806640625,0.2454071044921875,0.1371002197265625,7.1270298338596,0.7559062853212581,0.27247374775875816,0.986456634218222
1.0,0.99609375,0.0,1.0,1.0,0.7915702273958504,3.1846979912279836,0.0,0.0,0.0,0.0,0.0,0.0,85.1187744140625,69.44462585449219,30.757949829101562,58.94087219238281,181.8979034423828,45.828914642333984,0.41656494140625,0.025115966796875,0.005523681640625,0.00341796875,0.021331787109375,0.1132965087890625,0.21923828125,0.1955108642578125,5.06475971972359,0.7935315920215521,0.3017625875301497,0.9863333635405009
1.0,0.99609375,0.0,1.0,1.0,0.7915702273958504,3.1846979912279836,0.0,0.0,0.0,0.0,0.0,0.0,81.54780578613281,72.81776428222656,44.784454345703125,62.55809783935547,163.15061950683594,51.741455078125,0.484100341796875,0.013824462890625,0.001983642578125,0.000885009765625,0.006072998046875,0.0520477294921875,0.20172119140625,0.2393646240234375,8.527141187059309,0.6901451716931755,0.18785249007924423,0.9815284258897394
1.0,0.99609375,0.0,1.0,1.0,0.7915702273958504,3.1846979912279836,0.0,0.0,0.0,0.0,0.0,0.0,93.5318603515625,60.57101058959961,38.63423156738281,62.82402038574219,185.56883239746094,46.98987579345703,0.3253021240234375,0.0068511962890625,0.0022125244140625,0.0011749267578125,0.0375518798828125,0.3141021728515625,0.219146728515625,0.093658447265625,4.8572276572382895,0.7434322309266701,0.26310890714389035,0.9882763543271122
1.0,0.99609375,0.0,1.0,1.0,0.7915702273958504,3.1846979912279836,0.0,0.0,0.0,0.0,0.0,0.0,106.13125610351562,54.33344650268555,24.958450317382812,51.54486846923828,192.3192138671875,42.62980270385742,0.217193603515625,0.0066986083984375,0.0024566650390625,0.001708984375,0.0439910888671875,0.36590576171875,0.2718505859375,0.0901947021484375,5.032608439962284,0.7921460132364164,0.3411929238927928,0.984442099088297
1.0,0.99609375,0.0,1.0,1.0,0.7915702273958504,3.1846979912279836,0.0,0.0,0.0,0.0,0.0,0.0,113.01968383789062,40.24260711669922,17.799652099609375,38.487789154052734,192.77728271484375,43.080291748046875,0.1182403564453125,0.002197265625,0.00079345703125,0.0005035400390625,0.067413330078125,0.60528564453125,0.1867828369140625,0.0187835693359375,4.174974393069524,0.822382745179326,0.3787500389034153,0.985272136504833
1.0,0.99609375,0.0,1.0,1.0,0.7915702273958504,3.1846979912279836,0.0,0.0,0.0,0.0,0.0,0.0,124.99874877929688,32.96921920776367,9.643692016601562,26.33210563659668,199.23558044433594,18.24630355834961,0.0616455078125,0.0024871826171875,0.0010986328125,0.000823974609375,0.0430450439453125,0.47698974609375,0.3636627197265625,0.0502471923828125,2.1573974769983635,0.8484340867650032,0.3707431451448604,0.9662457079623005
1.0,0.99609375,0.0,1.0,1.0,0.7915702273958504,3.1846979912279836,0.0,0.0,0.0,0.0,0.0,0.0,118.22590637207031,52.879024505615234,25.139678955078125,48.7357292175293,168.67579650878906,36.14260482788086,0.1808624267578125,0.0018310546875,0.0006256103515625,0.000518798828125,0.0126495361328125,0.2105865478515625,0.4655914306640625,0.1273345947265625,5.204397651090324,0.7836874195732505,0.2646354654025266,0.9773764012838149
1.0,0.99609375,0.0,1.0,1.0,0.7915702273958504,3.1846979912279836,0.0,0.0,0.0,0.0,0.0,0.0,99.61116027832031,63.384765625,29.17144775390625,53.90177536010742,188.05291748046875,40.1220817565918,0.3061676025390625,0.01324462890625,0.0034637451171875,0.001708984375,0.02252197265625,0.18426513671875,0.314727783203125,0.153900146484375,5.844780151595188,0.7487024439810868,0.3668638002313288,0.981247047139707
1.0,0.99609375,0.0,1.0,1.0,0.7915702273958504,3.1846979912279836,0.0,0.0,0.0,0.0,0.0,0.0,88.906005859375,67.48615264892578,37.34222412109375,62.17472839355469,177.78636169433594,55.23046112060547,0.382781982421875,0.0174407958984375,0.0058135986328125,0.0029449462890625,0.02691650390625,0.146148681640625,0.249847412109375,0.1681060791015625,6.744056333838745,0.7557258593370795,0.29100664755330874,0.9869239757831898
1.0,0.99609375,0.0,1.0,1.0,0.7915702273958504,3.1846979912279836,0.0,0.0,0.0,0.0,0.0,0.0,77.44950866699219,72.56458282470703,30.668258666992188,57.17601013183594,181.92718505859375,45.44242858886719,0.4896087646484375,0.03228759765625,0.004486083984375,0.0021209716796875,0.009429931640625,0.0558929443359375,0.1712493896484375,0.23492431640625,5.132499511616432,0.7777228078395547,0.2845183789756039,0.9862239746150433
1.0,0.99609375,0.0,1.0,1.0,0.7915702273958504,3.1846979912279836,0.0,0.0,0.0,0.0,0.0,0.0,82.39619445800781,73.10381317138672,46.373565673828125,64.24764251708984,160.501953125,52.14119338989258,0.481536865234375,0.011932373046875,0.0018463134765625,0.0007781982421875,0.005859375,0.04937744140625,0.1995849609375,0.24908447265625,8.730288608156101,0.6890598957264538,0.20419653695300322,0.9813207923117333
1.0,0.99609375,0.0,1.0,1.0,0.7915702273958504,3.1846979912279836,0.0,0.0,0.0,0.0,0.0,0.0,101.65341186523438,70.40382385253906,37.30860900878906,63.46345520019531,163.10853576660156,43.76839828491211,0.3484344482421875,0.004547119140625,0.000946044921875,0.0007171630859375,0.0056610107421875,0.0720062255859375,0.2858428955078125,0.2818450927734375,4.600964124716201,0.7703443989628885,0.22789261779471687,0.9867533065375542
1.0,0.99609375,0.0,1.0,1.0,0.7915702273958504,3.1846979912279836,0.0,0.0,0.0,0.0,0.0,0.0,105.63250732421875,50.12062454223633,19.619155883789062,43.04151916503906,204.25648498535156,34.28042221069336,0.193817138671875,0.0062103271484375,0.0025787353515625,0.0024566650390625,0.0766448974609375,0.4400634765625,0.21441650390625,0.063812255859375,4.979636445536989,0.8168921233628599,0.5433384453128618,0.9776421494118139
1.0,0.99609375,0.0,1.0,1.0,0.7915702273958504,3.1846979912279836,0.0,0.0,0.0,0.0,0.0,0.0,96.62689208984375,57.24173355102539,39.49888610839844,66.68537902832031,188.54783630371094,46.655555725097656,0.2904205322265625,0.0060577392578125,0.0023193359375,0.001983642578125,0.0494232177734375,0.338653564453125,0.2459564208984375,0.065185546875,9.032261784053244,0.712807921313745,0.30666920408780995,0.9783220526314709
1.0,0.99609375,0.0,1.0,1.0,0.7915702273958504,3.1846979912279836,0.0,0.0,0.0,0.0,0.0,0.0,106.96473693847656,51.03402328491211,31.942108154296875,62.14009475708008,193.8706817626953,41.69004440307617,0.2090301513671875,0.0017242431640625,0.0007171630859375,0.0006561279296875,0.040771484375,0.4351806640625,0.2530975341796875,0.0588226318359375,4.5834940792803724,0.7934456450980687,0.32404944337729524,0.9858747081522332
1.0,0.99609375,0.0,1.0,1.0,0.7915702273958504,3.1846979912279836,0.0,0.0,0.0,0.0,0.0,0.0,111.88343811035156,54.97004699707031,33.2972412109375,64.13250732421875,187.66355895996094,44.18129348754883,0.21417236328125,0.002044677734375,0.000701904296875,0.0005645751953125,0.0133514404296875,0.2757415771484375,0.38458251953125,0.1088409423828125,6.01694324527023,0.7769941112467298,0.3312670899864859,0.9832530053136073
1.0,0.99609375,0.0,1.0,1.0,0.7915702273958504,3.1846979912279836,0.0,0.0,0.0,0.0,0.0,0.0,95.29981994628906,68.1054916381836,31.461013793945312,59.609981536865234,189.99313354492188,43.96806335449219,0.3606109619140625,0.0177154541015625,0.00372314453125,0.0015411376953125,0.015167236328125,0.1043243408203125,0.281951904296875,0.2149658203125,7.306949004792067,0.7437609065653727,0.31655023668708604,0.9793503102265035
1.0,0.99609375,0.0,1.0,1.0,0.7915702273958504,3.1846979912279836,0.0,0.0,0.0,0.0,0.0,0.0,118.38401794433594,54.562625885009766,16.23095703125,39.67265319824219,183.2195587158203,26.347829818725586,0.1795501708984375,0.0073699951171875,0.0023956298828125,0.001495361328125,0.0198974609375,0.1844329833984375,0.4203948974609375,0.1844635009765625,3.3357296877951446,0.8417215737711927,0.4444336858338381,0.97424851881444
1.0,0.99609375,0.0,1.0,1.0,0.7915702273958504,3.1846979912279836,0.0,0.0,0.0,0.0,0.0,0.0,93.82627868652344,64.53872680664062,30.310897827148438,62.638397216796875,191.3660430908203,47.833988189697266,0.3328399658203125,0.0177459716796875,0.0045013427734375,0.0034942626953125,0.0367889404296875,0.199798583984375,0.248291015625,0.1565399169921875,6.36210347728659,0.7821963130520646,0.3707163672072332,0.9842463330288262
1.0,0.99609375,0.0,1.0,1.0,0.7915702273958504,3.1846979912279836,0.0,0.0,0.0,0.0,0.0,0.0,68.52351379394531,70.91419982910156,48.341064453125,75.33993530273438,174.33428955078125,51.53147888183594,0.5519561767578125,0.0356597900390625,0.0050506591796875,0.0021209716796875,0.0098419189453125,0.047332763671875,0.1397552490234375,0.208282470703125,8.37378511399043,0.7272526472178238,0.2829507866066756,0.9831282007990721
1.0,0.99609375,0.0,1.0,1.0,0.7915702273958504,3.1846979912279836,0.0,0.0,0.0,0.0,0.0,0.0,81.23316955566406,73.8404769897461,37.03582763671875,66.24964904785156,183.0889892578125,45.14067459106445,0.4820098876953125,0.02435302734375,0.0025787353515625,0.0011749267578125,0.005615234375,0.03900146484375,0.1794891357421875,0.265777587890625,6.8740378236092745,0.7690599863021548,0.32823742124458444,0.9823617699471465
1.0,0.99609375,0.0,1.0,1.0,0.7915702273958504,3.1846979912279836,0.0,0.0,0.0,0.0,0.0,0.0,114.25860595703125,59.8397331237793,29.0875244140625,55.453243255615234,179.62838745117188,45.344879150390625,0.230316162109375,0.0026702880859375,0.000457763671875,0.0003204345703125,0.007415771484375,0.1274871826171875,0.4548187255859375,0.176513671875,5.4448550155216235,0.7955001384089188,0.29784207958854675,0.9846663766322425
1.0,0.99609375,0.0,1.0,1.0,0.7915702273958504,3.1846979912279836,0.0,0.0,0.0,0.0,0.0,0.0,109.97213745117188,47.08283233642578,20.232681274414062,51.68983459472656,207.6676788330078,33.71561813354492,0.1583099365234375,0.0079498291015625,0.003387451171875,0.0030059814453125,0.0775299072265625,0.448974609375,0.2335205078125,0.06732177734375,3.2973132504746734,0.8317850961305184,0.49695385726473745,0.9852294557466422
1.0,0.99609375,0.0,1.0,1.0,0.7915702273958504,3.1846979912279836,0.0,0.0,0.0,0.0,0.0,0.0,103.10624694824219,54.99947738647461,20.89794921875,42.26907730102539,195.39849853515625,47.20012664794922,0.230712890625,0.00927734375,0.0035858154296875,0.0025482177734375,0.0548095703125,0.3585357666015625,0.2572021484375,0.0833282470703125,9.162356015257034,0.7685800310945224,0.4249361344068475,0.974129538041942
1.0,0.99609375,0.0,1.0,1.0,0.7915702273958504,3.1846979912279836,0.0,0.0,0.0,0.0,0.0,0.0,110.76739501953125,45.1185188293457,23.073196411132812,49.49062728881836,200.91506958007812,33.76034927368164,0.157501220703125,0.00164794921875,0.000579833984375,0.0008087158203125,0.0560302734375,0.52520751953125,0.21826171875,0.0399627685546875,3.6177417457804166,0.8172059355567076,0.37254129202708386,0.984126247650863
1.0,0.99609375,0.0,1.0,1.0,0.7915702273958504,3.1846979912279836,0.0,0.0,0.0,0.0,0.0,0.0,113.72206115722656,48.74346923828125,23.931884765625,49.955387115478516,192.6280517578125,42.34473419189453,0.166107177734375,0.00189208984375,0.000457763671875,0.00042724609375,0.0258636474609375,0.401824951171875,0.345550537109375,0.0578765869140625,4.100425114129946,0.8170255198723824,0.4225274321478646,0.986839543190697
1.0,0.99609375,0.0,1.0,1.0,0.7915702273958504,3.1846979912279836,0.0,0.0,0.0,0.0,0.0,0.0,101.60720825195312,62.12189865112305,18.4268798828125,40.61114501953125,197.5584259033203,38.22869110107422,0.279296875,0.01617431640625,0.0059051513671875,0.0033416748046875,0.0331268310546875,0.1944427490234375,0.30560302734375,0.162109375,9.795320319791227,0.7814212460913323,0.3775968128498086,0.9608835144543313
1.0,0.99609375,0.0,1.0,1.0,0.7915702273958504,3.1846979912279836,0.0,0.0,0.0,0.0,0.0,0.0,103.12203979492188,56.76577377319336,18.342254638671875,41.70575714111328,203.0019073486328,32.27531433105469,0.2367401123046875,0.0138702392578125,0.006744384765625,0.0050506591796875,0.0593719482421875,0.2864532470703125,0.27911376953125,0.1126556396484375,4.721720984892492,0.805988390176748,0.4389607030391277,0.9764783000641013
1.0,0.99609375,0.0,1.0,1.0,0.7915702273958504,3.1846979912279836,0.0,0.0,0.0,0.0,0.0,0.0,95.1927490234375,65.5725326538086,45.45808410644531,75.55580139160156,163.951904296875,48.68413543701172,0.345367431640625,0.0078887939453125,0.0024871826171875,0.00225830078125,0.027862548828125,0.169952392578125,0.28216552734375,0.162017822265625,6.027169991752851,0.747318946049217,0.25060763775774003,0.9860963104548264
1.0,0.99609375,0.0,1.0,1.0,0.7915702273958504,3.1846979912279836,0.0,0.0,0.0,0.0,0.0,0.0,82.37799072265625,70.44108581542969,27.741607666015625,50.071144104003906,184.55213928222656,49.52842712402344,0.4400787353515625,0.027740478515625,0.0059356689453125,0.0035247802734375,0.0186920166015625,0.095245361328125,0.1985931396484375,0.2101898193359375,6.715441830702123,0.7741657077809286,0.3344946184639364,0.983597007527271
1.0,0.99609375,0.0,1.0,1.0,0.7915702273958504,3.1846979912279836,0.0,0.0,0.0,0.0,0.0,0.0,104.080078125,65.6666030883789,22.424713134765625,48.01336669921875,191.6757354736328,40.308441162109375,0.2940216064453125,0.0136566162109375,0.0033721923828125,0.0018463134765625,0.0142974853515625,0.12811279296875,0.31378173828125,0.2309112548828125,3.868566135525482,0.8151971929486068,0.4120117450940117,0.9867680232125424
1.0,0.99609375,0.0,1.0,1.0,0.7915702273958504,3.1846979912279836,0.0,0.0,0.0,0.0,0.0,0.0,118.92893981933594,51.592098236083984,25.502578735351562,54.13042068481445,183.0866241455078,47.19977951049805,0.1668701171875,0.0011138916015625,0.000518798828125,0.0002899169921875,0.0124664306640625,0.226165771484375,0.48193359375,0.1106414794921875,4.859015535191052,0.812514816901186,0.34546428417716724,0.9863510121064878
1.0,0.99609375,0.0,1.0,1.0,0.7915702273958504,3.1846979912279836,0.0,0.0,0.0,0.0,0.0,0.0,99.98402404785156,68.97492218017578,27.607696533203125,57.96147155761719,166.3783721923828,40.441566467285156,0.33221435546875,0.019683837890625,0.0040283203125,0.0024871826171875,0.0136260986328125,0.089324951171875,0.273345947265625,0.265289306640625,3.8741977643406513,0.8114847428820586,0.3005921919718899,0.9860808314252564
1.0,0.99609375,0.0,1.0,1.0,0.7915702273958504,3.1846979912279836,0.0,0.0,0.0,0.0,0.0,0.0,109.0533447265625,62.550933837890625,28.72442626953125,60.26333999633789,167.3658905029297,37.70317840576172,0.2615814208984375,0.0061798095703125,0.0019073486328125,0.0016021728515625,0.0151519775390625,0.139739990234375,0.3705596923828125,0.203277587890625,4.42654391843033,0.8140643614749155,0.3755751295045644,0.9828452926539711
1.0,0.99609375,0.0,1.0,1.0,0.7915702273958504,3.1846979912279836,0.0,0.0,0.0,0.0,0.0,0.0,111.7335205078125,60.569732666015625,34.70768737792969,65.19296264648438,155.8200225830078,40.18363952636719,0.2458648681640625,0.00238037109375,0.0006103515625,0.000274658203125,0.0101470947265625,0.143798828125,0.4267425537109375,0.1701812744140625,3.965029511403581,0.8086880939922936,0.24297455145538882,0.9861280388517575
1.0,0.99609375,0.0,1.0,1.0,0.7915702273958504,3.1846979912279836,0.0,0.0,0.0,0.0,0.0,0.0,107.14727783203125,48.42597198486328,26.20184326171875,49.79247283935547,183.3727569580078,46.99879455566406,0.1825408935546875,0.001861572265625,0.001220703125,0.0008697509765625,0.0514068603515625,0.5157012939453125,0.2111358642578125,0.0352630615234375,5.634011498443961,0.7896897420287698,0.3943623710681612,0.9844687720721974
1.0,0.99609375,0.0,1.0,1.0,0.7915702273958504,3.1846979912279836,0.0,0.0,0.0,0.0,0.0,0.0,107.80287170410156,50.813663482666016,29.29559326171875,57.64006423950195,175.99790954589844,47.15422439575195,0.192657470703125,0.00341796875,0.001434326171875,0.0013427734375,0.053924560546875,0.432037353515625,0.25006103515625,0.06512451171875,5.950562146123968,0.7907027826344892,0.30855661054710914,0.9837041280505173
1.0,0.99609375,0.0,1.0,1.0,0.7915702273958504,3.1846979912279836,0.0,0.0,0.0,0.0,0.0,0.0,107.39254760742188,57.68134307861328,27.045913696289062,50.84061813354492,172.3647003173828,45.20713424682617,0.2374420166015625,0.006195068359375,0.0017242431640625,0.00115966796875,0.0278778076171875,0.2636566162109375,0.337890625,0.124053955078125,6.599770257432978,0.7576960658666793,0.30195631474761814,0.9801793569482431
1.0,0.99609375,0.0,1.0,1.0,0.7915702273958504,3.1846979912279836,0.0,0.0,0.0,0.0,0.0,0.0,109.78729248046875,54.366065979003906,26.008163452148438,49.60012435913086,178.3911895751953,44.81359100341797,0.210296630859375,0.00390625,0.0010223388671875,0.000732421875,0.0284271240234375,0.3154754638671875,0.3431396484375,0.0970001220703125,6.473490219869656,0.769095328646807,0.3088467006044408,0.9804667158124319
1.0,0.99609375,0.0,1.0,1.0,0.7915702273958504,3.1846979912279836,0.0,0.0,0.0,0.0,0.0,0.0,95.9495849609375,61.24227523803711,50.66204833984375,72.48193359375,157.06332397460938,48.87150573730469,0.32745361328125,0.0011749267578125,0.0003204345703125,0.0002288818359375,0.0162811279296875,0.28985595703125,0.2833709716796875,0.0813140869140625,6.043709612326651,0.7467089717187854,0.19687020413505207,0.9857905487519799
1.0,0.99609375,0.0,1.0,1.0,0.7915702273958504,3.1846979912279836,0.0,0.0,0.0,0.0,0.0,0.0,117.86611938476562,52.397865295410156,21.472137451171875,41.031131744384766,168.49887084960938,40.49903106689453,0.17633056640625,0.0024871826171875,0.0006256103515625,0.000457763671875,0.012542724609375,0.2322540283203125,0.4625701904296875,0.11273193359375,5.8794789156964375,0.7874541982879282,0.2651668390575487,0.9770771671788236
1.0,0.99609375,0.0,1.0,1.0,0.7915702273958504,3.1846979912279836,0.0,0.0,0.0,0.0,0.0,0.0,120.90559387207031,52.942230224609375,15.754043579101562,39.15750503540039,188.11375427246094,25.879642486572266,0.164276123046875,0.00726318359375,0.00238037109375,0.0013275146484375,0.0172271728515625,0.178497314453125,0.4398345947265625,0.1891937255859375,3.2921962644366944,0.8253785439801349,0.38511671846910145,0.9739947382318028
1.0,0.99609375,0.0,1.0,1.0,0.7915702273958504,3.1846979912279836,0.0,0.0,0.0,0.0,0.0,0.0,99.54963684082031,64.2485122680664,37.59544372558594,65.5819320678711,172.93792724609375,47.224884033203125,0.3124542236328125,0.0077667236328125,0.0029144287109375,0.00201416015625,0.020721435546875,0.1649322509765625,0.33465576171875,0.154541015625,5.08410917104916,0.7594432302645091,0.3082543852794713,0.9876252050179435
1.0,0.99609375,0.0,1.0,1.0,0.7915702273958504,3.1846979912279836,0.0,0.0,0.0,0.0,0.0,0.0,105.26033020019531,67.4009780883789,19.02691650390625,41.587589263916016,180.37266540527344,39.930763244628906,0.299072265625,0.012298583984375,0.0029144287109375,0.00152587890625,0.012176513671875,0.0970001220703125,0.3065643310546875,0.2684478759765625,4.0463068497447825,0.8077206111600742,0.3745121689055008,0.9842657929934393
1.0,0.99609375,0.0,1.0,1.0,0.7915702273958504,3.1846979912279836,0.0,0.0,0.0,0.0,0.0,0.0,113.12789916992188,62.53976058959961,22.849136352539062,46.7704963684082,177.32310485839844,41.533843994140625,0.24224853515625,0.0055999755859375,0.001190185546875,0.0006256103515625,0.0081024169921875,0.1144256591796875,0.399444580078125,0.228363037109375,4.106658511176013,0.807353780175479,0.41758469934388803,0.9858379634754506
1.0,0.99609375,0.0,1.0,1.0,0.7915702273958504,3.1846979912279836,0.0,0.0,0.0,0.0,0.0,0.0,116.09205627441406,57.89756393432617,30.53448486328125,56.54473876953125,165.96762084960938,40.61436080932617,0.2149505615234375,0.001495361328125,0.0003662109375,0.0001983642578125,0.0081024169921875,0.135467529296875,0.484405517578125,0.1550140380859375,3.7202712364509134,0.8106820279764874,0.28364068680498267,0.9874075737543289
1.0,0.99609375,0.0,1.0,1.0,0.7915702273958504,3.1846979912279836,0.0,0.0,0.0,0.0,0.0,0.0,93.57464599609375,58.381736755371094,42.997894287109375,68.92411041259766,180.83621215820312,51.61247253417969,0.3172607421875,0.004425048828125,0.0011444091796875,0.000885009765625,0.0391082763671875,0.363433837890625,0.207855224609375,0.065887451171875,8.25410761056428,0.7259541537415599,0.24956745553591614,0.9823124588455305
1.0,0.99609375,0.0,1.0,1.0,0.7915702273958504,3.1846979912279836,0.0,0.0,0.0,0.0,0.0,0.0,108.78921508789062,51.267574310302734,25.850967407226562,55.42483901977539,194.67176818847656,45.018856048583984,0.1900177001953125,0.0059661865234375,0.001861572265625,0.00140380859375,0.0501708984375,0.4010467529296875,0.27325439453125,0.0762786865234375,4.3739198684612415,0.7907674147832946,0.3445865519820585,0.9873120352687587
1.0,0.99609375,0.0,1.0,1.0,0.7915702273958504,3.1846979912279836,0.0,0.0,0.0,0.0,0.0,0.0,95.58981323242188,62.12238693237305,53.292755126953125,74.78475952148438,153.98223876953125,48.83083724975586,0.3377685546875,0.001708984375,0.0004730224609375,0.0005340576171875,0.0157470703125,0.247161865234375,0.307403564453125,0.089202880859375,7.032373904473554,0.7198728000914787,0.20042050414194096,0.9833832781729467
1.0,0.99609375,0.0,1.0,1.0,0.7915702273958504,3.1846979912279836,0.0,0.0,0.0,0.0,0.0,0.0,112.52059936523438,37.9250373840332,19.621902465820312,43.24836730957031,199.93666076660156,43.0419921875,0.110809326171875,0.0017547607421875,0.000732421875,0.0004730224609375,0.073822021484375,0.6703338623046875,0.1282501220703125,0.013824462890625,5.1001292345459905,0.815400388583199,0.4477373362850601,0.9824713862628429
1.0,0.99609375,0.0,1.0,1.0,0.7915702273958504,3.1846979912279836,0.0,0.0,0.0,0.0,0.0,0.0,124.6961669921875,33.25592803955078,9.576309204101562,26.23688316345215,206.49070739746094,17.698366165161133,0.0634765625,0.0028076171875,0.0011138916015625,0.0008544921875,0.043792724609375,0.474853515625,0.3665008544921875,0.046600341796875,2.017540453256159,0.8635379260486382,0.517058837052229,0.9678805608817567
1.0,0.99609375,0.0,1.0,1.0,0.7915702273958504,3.1846979912279836,0.0,0.0,0.0,0.0,0.0,0.0,99.84066772460938,62.904808044433594,33.28961181640625,63.743186950683594,186.0234832763672,47.31475067138672,0.2994842529296875,0.012451171875,0.00335693359375,0.002044677734375,0.0269775390625,0.1990203857421875,0.3079681396484375,0.1486968994140625,5.43829063506008,0.7759578457411389,0.3758241364967105,0.986529224914054
1.0,0.99609375,0.0,1.0,1.0,0.7915702273958504,3.1846979912279836,0.0,0.0,0.0,0.0,0.0,0.0,91.8565673828125,64.38411712646484,41.47941589355469,72.205810546875,176.2279510498047,55.80698776245117,0.3473358154296875,0.014312744140625,0.0036773681640625,0.0022735595703125,0.0382080078125,0.2116851806640625,0.2454071044921875,0.1371002197265625,7.1270298338596,0.7559062853212581,0.27247374775875816,0.986456634218222
1.0,0.99609375,0.0,1.0,1.0,0.7915702273958504,3.1846979912279836,0.0,0.0,0.0,0.0,0.0,0.0,85.1187744140625,69.44462585449219,30.757949829101562,58.94087219238281,181.8979034423828,45.828914642333984,0.41656494140625,0.025115966796875,0.005523681640625,0.00341796875,0.021331787109375,0.1132965087890625,0.21923828125,0.1955108642578125,5.06475971972359,0.7935315920215521,0.3017625875301497,0.9863333635405009
1.0,0.99609375,0.0,1.0,1.0,0.7915702273958504,3.1846979912279836,0.0,0.0,0.0,0.0,0.0,0.0,81.54780578613281,72.81776428222656,44.784454345703125,62.55809783935547,163.15061950683594,51.741455078125,0.484100341796875,0.013824462890625,0.001983642578125,0.000885009765625,0.006072998046875,0.0520477294921875,0.20172119140625,0.2393646240234375,8.527141187059309,0.6901451716931755,0.18785249007924423,0.9815284258897394
1.0,0.99609375,0.0,1.0,1.0,0.7915702273958504,3.1846979912279836,0.0,0.0,0.0,0.0,0.0,0.0,93.5318603515625,60.57101058959961,38.63423156738281,62.82402038574219,185.56883239746094,46.98987579345703,0.3253021240234375,0.0068511962890625,0.0022125244140625,0.0011749267578125,0.0375518798828125,0.3141021728515625,0.219146728515625,0.093658447265625,4.8572276572382895,0.7434322309266701,0.26310890714389035,0.9882763543271122
1.0,0.99609375,0.0,1.0,1.0,0.7915702273958504,3.1846979912279836,0.0,0.0,0.0,0.0,0.0,0.0,106.13125610351562,54.33344650268555,24.958450317382812,51.54486846923828,192.3192138671875,42.62980270385742,0.217193603515625,0.0066986083984375,0.0024566650390625,0.001708984375,0.0439910888671875,0.36590576171875,0.2718505859375,0.0901947021484375,5.032608439962284,0.7921460132364164,0.3411929238927928,0.984442099088297
1.0,0.99609375,0.0,1.0,1.0,0.7915702273958504,3.1846979912279836,0.0,0.0,0.0,0.0,0.0,0.0,113.01968383789062,40.24260711669922,17.799652099609375,38.487789154052734,192.77728271484375,43.080291748046875,0.1182403564453125,0.002197265625,0.00079345703125,0.0005035400390625,0.067413330078125,0.60528564453125,0.1867828369140625,0.0187835693359375,4.174974393069524,0.822382745179326,0.3787500389034153,0.985272136504833
1.0,0.99609375,0.0,1.0,1.0,0.7915702273958504,3.1846979912279836,0.0,0.0,0.0,0.0,0.0,0.0,124.99874877929688,32.96921920776367,9.643692016601562,26.33210563659668,199.23558044433594,18.24630355834961,0.0616455078125,0.0024871826171875,0.0010986328125,0.000823974609375,0.0430450439453125,0.47698974609375,0.3636627197265625,0.0502471923828125,2.1573974769983635,0.8484340867650032,0.3707431451448604,0.9662457079623005
1.0,0.99609375,0.0,1.0,1.0,0.7915702273958504,3.1846979912279836,0.0,0.0,0.0,0.0,0.0,0.0,118.22590637207031,52.879024505615234,25.139678955078125,48.7357292175293,168.67579650878906,36.14260482788086,0.1808624267578125,0.0018310546875,0.0006256103515625,0.000518798828125,0.0126495361328125,0.2105865478515625,0.4655914306640625,0.1273345947265625,5.204397651090324,0.7836874195732505,0.2646354654025266,0.9773764012838149
1.0,0.99609375,0.0,1.0,1.0,0.7915702273958504,3.1846979912279836,0.0,0.0,0.0,0.0,0.0,0.0,99.61116027832031,63.384765625,29.17144775390625,53.90177536010742,188.05291748046875,40.1220817565918,0.3061676025390625,0.01324462890625,0.0034637451171875,0.001708984375,0.02252197265625,0.18426513671875,0.314727783203125,0.153900146484375,5.844780151595188,0.7487024439810868,0.3668638002313288,0.981247047139707
1.0,0.99609375,0.0,1.0,1.0,0.7915702273958504,3.1846979912279836,0.0,0.0,0.0,0.0,0.0,0.0,88.906005859375,67.48615264892578,37.34222412109375,62.17472839355469,177.78636169433594,55.23046112060547,0.382781982421875,0.0174407958984375,0.0058135986328125,0.0029449462890625,0.02691650390625,0.146148681640625,0.249847412109375,0.1681060791015625,6.744056333838745,0.7557258593370795,0.29100664755330874,0.9869239757831898
1.0,0.99609375,0.0,1.0,1.0,0.7915702273958504,3.1846979912279836,0.0,0.0,0.0,0.0,0.0,0.0,77.44950866699219,72.56458282470703,30.668258666992188,57.17601013183594,181.92718505859375,45.44242858886719,0.4896087646484375,0.03228759765625,0.004486083984375,0.0021209716796875,0.009429931640625,0.0558929443359375,0.1712493896484375,0.23492431640625,5.132499511616432,0.7777228078395547,0.2845183789756039,0.9862239746150433
1.0,0.99609375,0.0,1.0,1.0,0.7915702273958504,3.1846979912279836,0.0,0.0,0.0,0.0,0.0,0.0,82.39619445800781,73.10381317138672,46.373565673828125,64.24764251708984,160.501953125,52.14119338989258,0.481536865234375,0.011932373046875,0.0018463134765625,0.0007781982421875,0.005859375,0.04937744140625,0.1995849609375,0.24908447265625,8.730288608156101,0.6890598957264538,0.20419653695300322,0.9813207923117333
1.0,0.99609375,0.0,1.0,1.0,0.7915702273958504,3.1846979912279836,0.0,0.0,0.0,0.0,0.0,0.0,101.65341186523438,70.40382385253906,37.30860900878906,63.46345520019531,163.10853576660156,43.76839828491211,0.3484344482421875,0.004547119140625,0.000946044921875,0.0007171630859375,0.0056610107421875,0.0720062255859375,0.2858428955078125,0.2818450927734375,4.600964124716201,0.7703443989628885,0.22789261779471687,0.9867533065375542
1.0,0.99609375,0.0,1.0,1.0,0.7915702273958504,3.1846979912279836,0.0,0.0,0.0,0.0,0.0,0.0,105.63250732421875,50.12062454223633,19.619155883789062,43.04151916503906,204.25648498535156,34.28042221069336,0.193817138671875,0.0062103271484375,0.0025787353515625,0.0024566650390625,0.0766448974609375,0.4400634765625,0.21441650390625,0.063812255859375,4.979636445536989,0.8168921233628599,0.5433384453128618,0.9776421494118139
1.0,0.99609375,0.0,1.0,1.0,0.7915702273958504,3.1846979912279836,0.0,0.0,0.0,0.0,0.0,0.0,96.62689208984375,57.24173355102539,39.49888610839844,66.68537902832031,188.54783630371094,46.655555725097656,0.2904205322265625,0.0060577392578125,0.0023193359375,0.001983642578125,0.0494232177734375,0.338653564453125,0.2459564208984375,0.065185546875,9.032261784053244,0.712807921313745,0.30666920408780995,0.9783220526314709
1.0,0.99609375,0.0,1.0,1.0,0.7915702273958504,3.1846979912279836,0.0,0.0,0.0,0.0,0.0,0.0,106.96473693847656,51.03402328491211,31.942108154296875,62.14009475708008,193.8706817626953,41.69004440307617,0.2090301513671875,0.0017242431640625,0.0007171630859375,0.0006561279296875,0.040771484375,0.4351806640625,0.2530975341796875,0.0588226318359375,4.5834940792803724,0.7934456450980687,0.32404944337729524,0.9858747081522332
1.0,0.99609375,0.0,1.0,1.0,0.7915702273958504,3.1846979912279836,0.0,0.0,0.0,0.0,0.0,0.0,111.88343811035156,54.97004699707031,33.2972412109375,64.13250732421875,187.66355895996094,44.18129348754883,0.21417236328125,0.002044677734375,0.000701904296875,0.0005645751953125,0.0133514404296875,0.2757415771484375,0.38458251953125,0.1088409423828125,6.01694324527023,0.7769941112467298,0.3312670899864859,0.9832530053136073
1.0,0.99609375,0.0,1.0,1.0,0.7915702273958504,3.1846979912279836,0.0,0.0,0.0,0.0,0.0,0.0,95.29981994628906,68.1054916381836,31.461013793945312,59.609981536865234,189.99313354492188,43.96806335449219,0.3606109619140625,0.0177154541015625,0.00372314453125,0.0015411376953125,0.015167236328125,0.1043243408203125,0.281951904296875,0.2149658203125,7.306949004792067,0.7437609065653727,0.31655023668708604,0.9793503102265035
1.0,0.99609375,0.0,1.0,1.0,0.7915702273958504,3.1846979912279836,0.0,0.0,0.0,0.0,0.0,0.0,118.38401794433594,54.562625885009766,16.23095703125,39.67265319824219,183.2195587158203,26.347829818725586,0.1795501708984375,0.0073699951171875,0.0023956298828125,0.001495361328125,0.0198974609375,0.1844329833984375,0.4203948974609375,0.1844635009765625,3.3357296877951446,0.8417215737711927,0.4444336858338381,0.97424851881444
1.0,0.99609375,0.0,1.0,1.0,0.7915702273958504,3.1846979912279836,0.0,0.0,0.0,0.0,0.0,0.0,93.82627868652344,64.53872680664062,30.310897827148438,62.638397216796875,191.3660430908203,47.833988189697266,0.3328399658203125,0.0177459716796875,0.0045013427734375,0.0034942626953125,0.0367889404296875,0.199798583984375,0.248291015625,0.1565399169921875,6.36210347728659,0.7821963130520646,0.3707163672072332,0.9842463330288262
1.0,0.99609375,0.0,1.0,1.0,0.7915702273958504,3.1846979912279836,0.0,0.0,0.0,0.0,0.0,0.0,68.52351379394531,70.91419982910156,48.341064453125,75.33993530273438,174.33428955078125,51.53147888183594,0.5519561767578125,0.0356597900390625,0.0050506591796875,0.0021209716796875,0.0098419189453125,0.047332763671875,0.1397552490234375,0.208282470703125,8.37378511399043,0.7272526472178238,0.2829507866066756,0.9831282007990721
1.0,0.99609375,0.0,1.0,1.0,0.7915702273958504,3.1846979912279836,0.0,0.0,0.0,0.0,0.0,0.0,81.23316955566406,73.8404769897461,37.03582763671875,66.24964904785156,183.0889892578125,45.14067459106445,0.4820098876953125,0.02435302734375,0.0025787353515625,0.0011749267578125,0.005615234375,0.03900146484375,0.1794891357421875,0.265777587890625,6.8740378236092745,0.7690599863021548,0.32823742124458444,0.9823617699471465
1.0,0.99609375,0.0,1.0,1.0,0.7915702273958504,3.1846979912279836,0.0,0.0,0.0,0.0,0.0,0.0,114.25860595703125,59.8397331237793,29.0875244140625,55.453243255615234,179.62838745117188,45.344879150390625,0.230316162109375,0.0026702880859375,0.000457763671875,0.0003204345703125,0.007415771484375,0.1274871826171875,0.4548187255859375,0.176513671875,5.4448550155216235,0.7955001384089188,0.29784207958854675,0.9846663766322425
1.0,0.99609375,0.0,1.0,1.0,0.7915702273958504,3.1846979912279836,0.0,0.0,0.0,0.0,0.0,0.0,109.97213745117188,47.08283233642578,20.232681274414062,51.68983459472656,207.6676788330078,33.71561813354492,0.1583099365234375,0.0079498291015625,0.003387451171875,0.0030059814453125,0.0775299072265625,0.448974609375,0.2335205078125,0.06732177734375,3.2973132504746734,0.8317850961305184,0.49695385726473745,0.9852294557466422
1.0,0.99609375,0.0,1.0,1.0,0.7915702273958504,3.1846979912279836,0.0,0.0,0.0,0.0,0.0,0.0,103.10624694824219,54.99947738647461,20.89794921875,42.26907730102539,195.39849853515625,47.20012664794922,0.230712890625,0.00927734375,0.0035858154296875,0.0025482177734375,0.0548095703125,0.3585357666015625,0.2572021484375,0.0833282470703125,9.162356015257034,0.7685800310945224,0.4249361344068475,0.974129538041942
1.0,0.99609375,0.0,1.0,1.0,0.7915702273958504,3.1846979912279836,0.0,0.0,0.0,0.0,0.0,0.0,110.76739501953125,45.1185188293457,23.073196411132812,49.49062728881836,200.91506958007812,33.76034927368164,0.157501220703125,0.00164794921875,0.000579833984375,0.0008087158203125,0.0560302734375,0.52520751953125,0.21826171875,0.0399627685546875,3.6177417457804166,0.8172059355567076,0.37254129202708386,0.984126247650863
1.0,0.99609375,0.0,1.0,1.0,0.7915702273958504,3.1846979912279836,0.0,0.0,0.0,0.0,0.0,0.0,113.72206115722656,48.74346923828125,23.931884765625,49.955387115478516,192.6280517578125,42.34473419189453,0.166107177734375,0.00189208984375,0.000457763671875,0.00042724609375,0.0258636474609375,0.401824951171875,0.345550537109375,0.0578765869140625,4.100425114129946,0.8170255198723824,0.4225274321478646,0.986839543190697
1.0,0.99609375,0.0,1.0,1.0,0.7915702273958504,3.1846979912279836,0.0,0.0,0.0,0.0,0.0,0.0,101.60720825195312,62.12189865112305,18.4268798828125,40.61114501953125,197.5584259033203,38.22869110107422,0.279296875,0.01617431640625,0.0059051513671875,0.0033416748046875,0.0331268310546875,0.1944427490234375,0.30560302734375,0.162109375,9.795320319791227,0.7814212460913323,0.3775968128498086,0.9608835144543313
1.0,0.99609375,0.0,1.0,1.0,0.7915702273958504,3.1846979912279836,0.0,0.0,0.0,0.0,0.0,0.0,103.12203979492188,56.76577377319336,18.342254638671875,41.70575714111328,203.0019073486328,32.27531433105469,0.2367401123046875,0.0138702392578125,0.006744384765625,0.0050506591796875,0.0593719482421875,0.2864532470703125,0.27911376953125,0.1126556396484375,4.721720984892492,0.805988390176748,0.4389607030391277,0.9764783000641013
1.0,0.99609375,0.0,1.0,1.0,0.7915702273958504,3.1846979912279836,0.0,0.0,0.0,0.0,0.0,0.0,95.1927490234375,65.5725326538086,45.45808410644531,75.55580139160156,163.951904296875,48.68413543701172,0.345367431640625,0.0078887939453125,0.0024871826171875,0.00225830078125,0.027862548828125,0.169952392578125,0.28216552734375,0.162017822265625,6.027169991752851,0.747318946049217,0.25060763775774003,0.9860963104548264
1.0,0.99609375,0.0,1.0,1.0,0.7915702273958504,3.1846979912279836,0.0,0.0,0.0,0.0,0.0,0.0,82.37799072265625,70.44108581542969,27.741607666015625,50.071144104003906,184.55213928222656,49.52842712402344,0.4400787353515625,0.027740478515625,0.0059356689453125,0.0035247802734375,0.0186920166015625,0.095245361328125,0.1985931396484375,0.2101898193359375,6.715441830702123,0.7741657077809286,0.3344946184639364,0.983597007527271
1.0,0.99609375,0.0,1.0,1.0,0.7915702273958504,3.1846979912279836,0.0,0.0,0.0,0.0,0.0,0.0,104.080078125,65.6666030883789,22.424713134765625,48.01336669921875,191.6757354736328,40.308441162109375,0.2940216064453125,0.0136566162109375,0.0033721923828125,0.0018463134765625,0.0142974853515625,0.12811279296875,0.31378173828125,0.2309112548828125,3.868566135525482,0.8151971929486068,0.4120117450940117,0.9867680232125424
1.0,0.99609375,0.0,1.0,1.0,0.7915702273958504,3.1846979912279836,0.0,0.0,0.0,0.0,0.0,0.0,118.92893981933594,51.592098236083984,25.502578735351562,54.13042068481445,183.0866241455078,47.19977951049805,0.1668701171875,0.0011138916015625,0.000518798828125,0.0002899169921875,0.0124664306640625,0.226165771484375,0.48193359375,0.1106414794921875,4.859015535191052,0.812514816901186,0.34546428417716724,0.9863510121064878
1.0,0.99609375,0.0,1.0,1.0,0.7915702273958504,3.1846979912279836,0.0,0.0,0.0,0.0,0.0,0.0,99.98402404785156,68.97492218017578,27.607696533203125,57.96147155761719,166.3783721923828,40.441566467285156,0.33221435546875,0.019683837890625,0.0040283203125,0.0024871826171875,0.0136260986328125,0.089324951171875,0.273345947265625,0.265289306640625,3.8741977643406513,0.8114847428820586,0.3005921919718899,0.9860808314252564
1.0,0.99609375,0.0,1.0,1.0,0.7915702273958504,3.1846979912279836,0.0,0.0,0.0,0.0,0.0,0.0,109.0533447265625,62.550933837890625,28.72442626953125,60.26333999633789,167.3658905029297,37.70317840576172,0.2615814208984375,0.0061798095703125,0.0019073486328125,0.0016021728515625,0.0151519775390625,0.139739990234375,0.3705596923828125,0.203277587890625,4.42654391843033,0.8140643614749155,0.3755751295045644,0.9828452926539711
1.0,0.99609375,0.0,1.0,1.0,0.7915702273958504,3.1846979912279836,0.0,0.0,0.0,0.0,0.0,0.0,111.7335205078125,60.569732666015625,34.70768737792969,65.19296264648438,155.8200225830078,40.18363952636719,0.2458648681640625,0.00238037109375,0.0006103515625,0.000274658203125,0.0101470947265625,0.143798828125,0.4267425537109375,0.1701812744140625,3.965029511403581,0.8086880939922936,0.24297455145538882,0.9861280388517575
1.0,0.99609375,0.0,1.0,1.0,0.7915702273958504,3.1846979912279836,0.0,0.0,0.0,0.0,0.0,0.0,107.14727783203125,48.42597198486328,26.20184326171875,49.79247283935547,183.3727569580078,46.99879455566406,0.1825408935546875,0.001861572265625,0.001220703125,0.0008697509765625,0.0514068603515625,0.5157012939453125,0.2111358642578125,0.0352630615234375,5.634011498443961,0.7896897420287698,0.3943623710681612,0.9844687720721974
1.0,0.99609375,0.0,1.0,1.0,0.7915702273958504,3.1846979912279836,0.0,0.0,0.0,0.0,0.0,0.0,100.7119140625,63.668331146240234,11.81109619140625,26.365591049194336,209.38681030273438,20.018678665161133,0.2978668212890625,0.02716064453125,0.0024261474609375,0.0013275146484375,0.0200347900390625,0.17236328125,0.2926483154296875,0.1861724853515625,1.4202783724338126,0.8387347353562256,0.47556697074521515,0.9803189173997187
1.0,0.99609375,0.0,1.0,1.0,0.7915702273958504,3.1846979912279836,0.0,0.0,0.0,0.0,0.0,0.0,95.89239501953125,73.02088928222656,11.818374633789062,25.803478240966797,205.30886840820312,18.914186477661133,0.390777587890625,0.022613525390625,0.0018310546875,0.0003814697265625,0.0040435791015625,0.0369415283203125,0.2180023193359375,0.325408935546875,1.8438222213068574,0.8208409736548445,0.42820859775897313,0.9721153960108311
1.0,0.99609375,0.0,1.0,1.0,0.7915702273958504,3.1846979912279836,0.0,0.0,0.0,0.0,0.0,0.0,114.42588806152344,52.428443908691406,18.373016357421875,32.94573211669922,193.32777404785156,22.286935806274414,0.19842529296875,0.0109100341796875,0.00048828125,0.0003204345703125,0.0105438232421875,0.250030517578125,0.435333251953125,0.0939483642578125,1.6532834215343852,0.7970486888809406,0.29029415690106,0.9823162825213942
1.0,0.99609375,0.0,1.0,1.0,0.7915702273958504,3.1846979912279836,0.0,0.0,0.0,0.0,0.0,0.0,95.23297119140625,69.97238159179688,11.581192016601562,26.19137954711914,200.86526489257812,19.291439056396484,0.363494873046875,0.0331268310546875,0.00469970703125,0.00189208984375,0.0119476318359375,0.0771484375,0.23651123046875,0.27117919921875,1.6276529443525027,0.8202476534078793,0.4262526009433332,0.9761266462302709
1.0,0.99609375,0.0,1.0,1.0,0.7915702273958504,3.1846979912279836,0.0,0.0,0.0,0.0,0.0,0.0,108.782470703125,57.858768463134766,10.088272094726562,22.665145874023438,207.59140014648438,18.044092178344727,0.2297821044921875,0.0162353515625,0.0024871826171875,0.0013275146484375,0.026275634765625,0.235015869140625,0.3328704833984375,0.156005859375,1.319199554982331,0.8439741596908905,0.4841753576745063,0.9774562090199114
1.0,0.99609375,0.0,1.0,1.0,0.7915702273958504,3.1846979912279836,0.0,0.0,0.0,0.0,0.0,0.0,118.28019714355469,61.64031982421875,12.423324584960938,25.44572639465332,197.02972412109375,17.427213668823242,0.2312164306640625,0.0077667236328125,0.000946044921875,0.000457763671875,0.0053863525390625,0.075286865234375,0.38446044921875,0.2944793701171875,1.0173727558727412,0.8446886765559114,0.37477244509346974,0.9822923841304423
1.0,0.99609375,0.0,1.0,1.0,0.7915702273958504,3.1846979912279836,0.0,0.0,0.0,0.0,0.0,0.0,85.09486389160156,69.54891204833984,14.335540771484375,29.580434799194336,206.1050262451172,19.408273696899414,0.425140380859375,0.0386810302734375,0.0040740966796875,0.0019073486328125,0.012969970703125,0.0898284912109375,0.2138214111328125,0.2135772705078125,2.1000526215901503,0.7956551070392752,0.43798536934263954,0.9717393312804896
1.0,0.99609375,0.0,1.0,1.0,0.7915702273958504,3.1846979912279836,0.0,0.0,0.0,0.0,0.0,0.0,110.04818725585938,61.91804504394531,9.618789672851562,22.078596115112305,206.62283325195312,13.953715324401855,0.2486724853515625,0.019287109375,0.0019683837890625,0.001129150390625,0.012847900390625,0.1431121826171875,0.3525238037109375,0.220458984375,0.825355705503122,0.8341691054984219,0.45597820256373933,0.9786082500151336
1.0,0.99609375,0.0,1.0,1.0,0.7915702273958504,3.1846979912279836,0.0,0.0,0.0,0.0,0.0,0.0,85.299560546875,71.94361114501953,10.51141357421875,25.841402053833008,210.0083465576172,14.125197410583496,0.4243316650390625,0.05029296875,0.0062408447265625,0.002227783203125,0.0097808837890625,0.0547027587890625,0.1822967529296875,0.2701263427734375,1.3083528209362913,0.8294902055411004,0.4820239574090167,0.9704943031367923
1.0,0.99609375,0.0,1.0,1.0,0.7915702273958504,3.1846979912279836,0.0,0.0,0.0,0.0,0.0,0.0,77.46328735351562,74.3262939453125,10.29815673828125,23.24287223815918,206.935546875,13.700568199157715,0.5035247802734375,0.0417327880859375,0.002685546875,0.0010223388671875,0.003875732421875,0.026885986328125,0.1313018798828125,0.288970947265625,0.7015328008273052,0.8634053545309776,0.4263374642591332,0.9821040750088179
1.0,0.99609375,0.0,1.0,1.0,0.7915702273958504,3.1846979912279836,0.0,0.0,0.0,0.0,0.0,0.0,80.01638793945312,75.22574615478516,11.32147216796875,23.1646671295166,202.1294403076172,17.79905128479004,0.499542236328125,0.0285186767578125,0.001434326171875,0.000640869140625,0.0027923583984375,0.023712158203125,0.14349365234375,0.29986572265625,1.7437662752853962,0.832426438629174,0.40154656517252973,0.9688981109565816
1.0,0.99609375,0.0,1.0,1.0,0.7915702273958504,3.1846979912279836,0.0,0.0,0.0,0.0,0.0,0.0,100.7119140625,63.668331146240234,11.81109619140625,26.365591049194336,209.38681030273438,20.018678665161133,0.2978668212890625,0.02716064453125,0.0024261474609375,0.0013275146484375,0.0200347900390625,0.17236328125,0.2926483154296875,0.1861724853515625,1.4202783724338126,0.8387347353562256,0.47556697074521515,0.9803189173997187
1.0,0.99609375,0.0,1.0,1.0,0.7915702273958504,3.1846979912279836,0.0,0.0,0.0,0.0,0.0,0.0,111.54585266113281,52.345088958740234,10.775466918945312,20.802188873291016,209.77838134765625,17.53153419494629,0.192535400390625,0.01580810546875,0.0015411376953125,0.001434326171875,0.0306243896484375,0.312164306640625,0.3331298828125,0.112762451171875,1.6742244248705846,0.8036460631143417,0.4412873642774199,0.9694875999466742
1.0,0.99609375,0.0,1.0,1.0,0.7915702273958504,3.1846979912279836,0.0,0.0,0.0,0.0,0.0,0.0,115.50723266601562,58.182884216308594,10.539077758789062,21.064584732055664,207.92799377441406,14.896403312683105,0.2093353271484375,0.0198974609375,0.002197265625,0.00103759765625,0.01190185546875,0.146575927734375,0.391204833984375,0.2178497314453125,0.7879064556738236,0.837836685647267,0.3749874629610158,0.9812188473811462
1.0,0.99609375,0.0,1.0,1.0,0.7915702273958504,3.1846979912279836,0.0,0.0,0.0,0.0,0.0,0.0,117.33509826660156,39.54145431518555,8.735702514648438,19.537914276123047,212.27784729003906,13.760346412658691,0.1019134521484375,0.0124969482421875,0.001800537109375,0.001617431640625,0.0554046630859375,0.4955596923828125,0.279510498046875,0.05169677734375,0.6490763017633298,0.8665307450918054,0.4284008372525989,0.9815518540285721
1.0,0.99609375,0.0,1.0,1.0,0.7915702273958504,3.1846979912279836,0.0,0.0,0.0,0.0,0.0,0.0,93.84335327148438,70.01068878173828,11.608917236328125,25.486555099487305,212.7186737060547,17.525636672973633,0.3725433349609375,0.0355987548828125,0.0044403076171875,0.0017547607421875,0.0113067626953125,0.0791168212890625,0.22174072265625,0.27349853515625,1.1760519780911167,0.8193666623683679,0.3903374667737265,0.9805028796801625
1.0,0.99609375,0.0,1.0,1.0,0.7915702273958504,3.1846979912279836,0.0,0.0,0.0,0.0,0.0,0.0,77.52133178710938,73.1589584350586,11.397323608398438,23.537927627563477,210.0062713623047,13.692194938659668,0.49737548828125,0.04595947265625,0.002838134765625,0.001251220703125,0.00396728515625,0.0323944091796875,0.1451416015625,0.2710723876953125,0.8487976057057871,0.8327826820716753,0.4867549647360433,0.9787393090849172
1.0,0.99609375,0.0,1.0,1.0,0.7915702273958504,3.1846979912279836,0.0,0.0,0.0,0.0,0.0,0.0,90.06024169921875,73.59552001953125,13.112533569335938,25.878948211669922,205.33375549316406,19.30406379699707,0.4273834228515625,0.0284423828125,0.001953125,0.0008087158203125,0.0030364990234375,0.0339202880859375,0.1966705322265625,0.3077850341796875,1.4693546909812338,0.8166404012107908,0.4328498358354095,0.978268040907286
1.0,0.99609375,0.0,1.0,1.0,0.7915702273958504,3.1846979912279836,0.0,0.0,0.0,0.0,0.0,0.0,104.70466613769531,59.071746826171875,10.416549682617188,23.511947631835938,214.91470336914062,15.943102836608887,0.2456512451171875,0.0296173095703125,0.00433349609375,0.0023193359375,0.0275421142578125,0.2307586669921875,0.3065185546875,0.15325927734375,1.211919825978669,0.8355555982787184,0.5520260918166693,0.9753242341223206
1.0,0.99609375,0.0,1.0,1.0,0.7915702273958504,3.1846979912279836,0.0,0.0,0.0,0.0,0.0,0.0,90.80844116210938,68.31809997558594,10.962265014648438,24.750469207763672,210.06942749023438,15.99514389038086,0.3692779541015625,0.0444793701171875,0.00689697265625,0.0028533935546875,0.0167236328125,0.104217529296875,0.2364654541015625,0.219085693359375,1.326400548230303,0.8304870385762662,0.47280304550696484,0.974665550786155
1.0,0.99609375,0.0,1.0,1.0,0.7915702273958504,3.1846979912279836,0.0,0.0,0.0,0.0,0.0,0.0,89.53912353515625,65.07608032226562,10.114913940429688,22.927980422973633,210.5649871826172,15.339088439941406,0.329833984375,0.0679168701171875,0.0101776123046875,0.00567626953125,0.0353546142578125,0.15869140625,0.221588134765625,0.1707611083984375,1.5014444767451316,0.821042607388834,0.4796368109213839,0.9672569844809685
1.0,0.99609375,0.0,1.0,1.0,0.7915702273958504,3.1846979912279836,0.0,0.0,0.0,0.0,0.0,0.0,87.4744873046875,69.4512710571289,10.684707641601562,23.660741806030273,205.26197814941406,17.354698181152344,0.3852386474609375,0.0544891357421875,0.0099639892578125,0.004913330078125,0.0211944580078125,0.0883941650390625,0.2004852294921875,0.235321044921875,1.097515890921409,0.8269221623613544,0.49954463227154045,0.980102107382052
1.0,0.99609375,0.0,1.0,1.0,0.7915702273958504,3.1846979912279836,0.0,0.0,0.0,0.0,0.0,0.0,99.35009765625,67.86984252929688,10.805023193359375,24.13287925720215,208.06239318847656,15.556812286376953,0.3300933837890625,0.02923583984375,0.0042877197265625,0.002288818359375,0.0115814208984375,0.0943603515625,0.276336669921875,0.2518157958984375,1.2930630402804506,0.8224860805271651,0.4766645079157925,0.9739588813430188
1.0,0.99609375,0.0,1.0,1.0,0.7915702273958504,3.1846979912279836,0.0,0.0,0.0,0.0,0.0,0.0,86.08091735839844,67.43223571777344,12.960922241210938,29.405946731567383,208.3762969970703,20.8680362701416,0.3924102783203125,0.0491485595703125,0.004669189453125,0.0028533935546875,0.021392822265625,0.1274871826171875,0.2143402099609375,0.1876983642578125,1.887634962034443,0.824307618556158,0.42563809857268275,0.9773490213914504
1.0,0.99609375,0.0,1.0,1.0,0.7915702273958504,3.1846979912279836,0.0,0.0,0.0,0.0,0.0,0.0,85.09486389160156,69.54891204833984,14.335540771484375,29.580434799194336,206.1050262451172,19.408273696899414,0.425140380859375,0.0386810302734375,0.0040740966796875,0.0019073486328125,0.012969970703125,0.0898284912109375,0.2138214111328125,0.2135772705078125,2.1000526215901503,0.7956551070392752,0.43798536934263954,0.9717393312804896
1.0,0.99609375,0.0,1.0,1.0,0.7915702273958504,3.1846979912279836,0.0,0.0,0.0,0.0,0.0,0.0,108.782470703125,57.858768463134766,10.088272094726562,22.665145874023438,207.59140014648438,18.044092178344727,0.2297821044921875,0.0162353515625,0.0024871826171875,0.0013275146484375,0.026275634765625,0.235015869140625,0.3328704833984375,0.156005859375,1.319199554982331,0.8439741596908905,0.4841753576745063,0.9774562090199114
1.0,0.99609375,0.0,1.0,1.0,0.7915702273958504,3.1846979912279836,0.0,0.0,0.0,0.0,0.0,0.0,110.04818725585938,61.91804504394531,9.618789672851562,22.078596115112305,206.62283325195312,13.953715324401855,0.2486724853515625,0.019287109375,0.0019683837890625,0.001129150390625,0.012847900390625,0.1431121826171875,0.3525238037109375,0.220458984375,0.825355705503122,0.8341691054984219,0.45597820256373933,0.9786082500151336
1.0,0.99609375,0.0,1.0,1.0,0.7915702273958504,3.1846979912279836,0.0,0.0,0.0,0.0,0.0,0.0,85.299560546875,71.94361114501953,10.51141357421875,25.841402053833008,210.0083465576172,14.125197410583496,0.4243316650390625,0.05029296875,0.0062408447265625,0.002227783203125,0.0097808837890625,0.0547027587890625,0.1822967529296875,0.2701263427734375,1.3083528209362913,0.8294902055411004,0.4820239574090167,0.9704943031367923
1.0,0.99609375,0.0,1.0,1.0,0.7915702273958504,3.1846979912279836,0.0,0.0,0.0,0.0,0.0,0.0,77.46328735351562,74.3262939453125,10.29815673828125,23.24287223815918,206.935546875,13.700568199157715,0.5035247802734375,0.0417327880859375,0.002685546875,0.0010223388671875,0.003875732421875,0.026885986328125,0.1313018798828125,0.288970947265625,0.7015328008273052,0.8634053545309776,0.4263374642591332,0.9821040750088179
1.0,0.99609375,0.0,1.0,1.0,0.7915702273958504,3.1846979912279836,0.0,0.0,0.0,0.0,0.0,0.0,80.01638793945312,75.22574615478516,11.32147216796875,23.1646671295166,202.1294403076172,17.79905128479004,0.499542236328125,0.0285186767578125,0.001434326171875,0.000640869140625,0.0027923583984375,0.023712158203125,0.14349365234375,0.29986572265625,1.7437662752853962,0.832426438629174,0.40154656517252973,0.9688981109565816
1.0,0.99609375,0.0,1.0,1.0,0.7915702273958504,3.1846979912279836,0.0,0.0,0.0,0.0,0.0,0.0,111.54585266113281,52.345088958740234,10.775466918945312,20.802188873291016,209.77838134765625,17.53153419494629,0.192535400390625,0.01580810546875,0.0015411376953125,0.001434326171875,0.0306243896484375,0.312164306640625,0.3331298828125,0.112762451171875,1.6742244248705846,0.8036460631143417,0.4412873642774199,0.9694875999466742
1.0,0.99609375,0.0,1.0,1.0,0.7915702273958504,3.1846979912279836,0.0,0.0,0.0,0.0,0.0,0.0,96.72547912597656,71.75263214111328,12.242935180664062,27.230371475219727,202.05661010742188,16.720434188842773,0.37786865234375,0.0186004638671875,0.00244140625,0.0009918212890625,0.0056304931640625,0.0533905029296875,0.2427978515625,0.29827880859375,1.615411615209375,0.8340138236693687,0.5521956115083715,0.972066525997277
1.0,0.99609375,0.0,1.0,1.0,0.7915702273958504,3.1846979912279836,0.0,0.0,0.0,0.0,0.0,0.0,120.54457092285156,43.74455261230469,8.644607543945312,19.71411895751953,208.7349395751953,13.170526504516602,0.1148834228515625,0.011749267578125,0.0016937255859375,0.000946044921875,0.03448486328125,0.3694000244140625,0.3692779541015625,0.097564697265625,0.7397989853358118,0.8586292635726429,0.5476926952693342,0.977547713029322
1.0,0.99609375,0.0,1.0,1.0,0.7915702273958504,3.1846979912279836,0.0,0.0,0.0,0.0,0.0,0.0,115.50723266601562,58.182884216308594,10.539077758789062,21.064584732055664,207.92799377441406,14.896403312683105,0.2093353271484375,0.0198974609375,0.002197265625,0.00103759765625,0.01190185546875,0.146575927734375,0.391204833984375,0.2178497314453125,0.7879064556738236,0.837836685647267,0.3749874629610158,0.9812188473811462
1.0,0.99609375,0.0,1.0,1.0,0.7915702273958504,3.1846979912279836,0.0,0.0,0.0,0.0,0.0,0.0,93.84335327148438,70.01068878173828,11.608917236328125,25.486555099487305,212.7186737060547,17.525636672973633,0.3725433349609375,0.0355987548828125,0.0044403076171875,0.0017547607421875,0.0113067626953125,0.0791168212890625,0.22174072265625,0.27349853515625,1.1760519780911167,0.8193666623683679,0.3903374667737265,0.9805028796801625
1.0,0.99609375,0.0,1.0,1.0,0.7915702273958504,3.1846979912279836,0.0,0.0,0.0,0.0,0.0,0.0,77.52133178710938,73.1589584350586,11.397323608398438,23.537927627563477,210.0062713623047,13.692194938659668,0.49737548828125,0.04595947265625,0.002838134765625,0.001251220703125,0.00396728515625,0.0323944091796875,0.1451416015625,0.2710723876953125,0.8487976057057871,0.8327826820716753,0.4867549647360433,0.9787393090849172
1.0,0.99609375,0.0,1.0,1.0,0.7915702273958504,3.1846979912279836,0.0,0.0,0.0,0.0,0.0,0.0,90.06024169921875,73.59552001953125,13.112533569335938,25.878948211669922,205.33375549316406,19.30406379699707,0.4273834228515625,0.0284423828125,0.001953125,0.0008087158203125,0.0030364990234375,0.0339202880859375,0.1966705322265625,0.3077850341796875,1.4693546909812338,0.8166404012107908,0.4328498358354095,0.978268040907286
1.0,0.99609375,0.0,1.0,1.0,0.7915702273958504,3.1846979912279836,0.0,0.0,0.0,0.0,0.0,0.0,111.41954040527344,58.79237747192383,13.684066772460938,28.54932975769043,201.64158630371094,19.690868377685547,0.2372894287109375,0.0079498291015625,0.00140380859375,0.0008544921875,0.0140380859375,0.1818695068359375,0.3873748779296875,0.169219970703125,1.6542693000154651,0.8114147445887487,0.3600303878605522,0.9775260706548121
1.0,0.99609375,0.0,1.0,1.0,0.7915702273958504,3.1846979912279836,0.0,0.0,0.0,0.0,0.0,0.0,104.63595581054688,62.05831527709961,8.61248779296875,18.39602279663086,213.16490173339844,15.381856918334961,0.2645111083984375,0.0285797119140625,0.0034637451171875,0.0019989013671875,0.0210418701171875,0.1759490966796875,0.31048583984375,0.1939697265625,1.024193105249442,0.8451841268988163,0.5476059420292427,0.9760661772457675
1.0,0.99609375,0.0,1.0,1.0,0.7915702273958504,3.1846979912279836,0.0,0.0,0.0,0.0,0.0,0.0,114.68962097167969,50.354496002197266,11.296554565429688,22.369606018066406,209.5586395263672,15.802559852600098,0.17333984375,0.0132293701171875,0.00177001953125,0.0010986328125,0.030303955078125,0.2958221435546875,0.3789520263671875,0.1054840087890625,1.4098134815237267,0.8075125232136613,0.4973898979405318,0.9706749488636183
1.0,0.99609375,0.0,1.0,1.0,0.7915702273958504,3.1846979912279836,0.0,0.0,0.0,0.0,0.0,0.0,97.62580871582031,70.26315307617188,11.592086791992188,26.182743072509766,208.05958557128906,19.445987701416016,0.3575897216796875,0.0291748046875,0.002716064453125,0.00115966796875,0.0065765380859375,0.065399169921875,0.2539520263671875,0.2834320068359375,1.8436338501021026,0.8325522753830985,0.42004201405205754,0.9735530366455243
1.0,0.99609375,0.0,1.0,1.0,0.7915702273958504,3.1846979912279836,0.0,0.0,0.0,0.0,0.0,0.0,85.97752380371094,73.70500183105469,11.888427734375,23.23149299621582,207.19801330566406,16.03901481628418,0.448333740234375,0.03521728515625,0.00299072265625,0.0008544921875,0.005279541015625,0.035369873046875,0.1704254150390625,0.3015289306640625,1.519512186390195,0.8199921120442564,0.47404319169134124,0.9702629562478284
1.0,0.99609375,0.0,1.0,1.0,0.7915702273958504,3.1846979912279836,0.0,0.0,0.0,0.0,0.0,0.0,62.445831298828125,71.73191833496094,13.414382934570312,26.13222885131836,203.0844268798828,17.763446807861328,0.613494873046875,0.036865234375,0.0023345947265625,0.0006561279296875,0.0023651123046875,0.0165557861328125,0.0936126708984375,0.2341156005859375,1.762051423284885,0.8030926411490704,0.4266537751133987,0.9714667213692187
1.0,0.99609375,0.0,1.0,1.0,0.7915702273958504,3.1846979912279836,0.0,0.0,0.0,0.0,0.0,0.0,104.28651428222656,65.71572875976562,10.559707641601562,22.697587966918945,204.818359375,15.261245727539062,0.296295166015625,0.02410888671875,0.0038909912109375,0.00164794921875,0.0127105712890625,0.10760498046875,0.3036041259765625,0.2501373291015625,1.0681443127446943,0.8281177053048623,0.4949937743117764,0.9767638241111519
1.0,0.99609375,0.0,1.0,1.0,0.7915702273958504,3.1846979912279836,0.0,0.0,0.0,0.0,0.0,0.0,73.29838562011719,72.56121826171875,17.317230224609375,31.289813995361328,223.35671997070312,18.181554794311523,0.565643310546875,0.0197906494140625,0.00030517578125,0.000152587890625,0.0023345947265625,0.0247039794921875,0.0841217041015625,0.302947998046875,2.2089150200424736,0.81096021402777,0.40603316696250513,0.9705942799373566
1.0,0.99609375,0.0,1.0,1.0,0.7915702273958504,3.1846979912279836,0.0,0.0,0.0,0.0,0.0,0.0,98.23686218261719,70.08060455322266,11.247604370117188,23.87424087524414,227.21340942382812,17.1237850189209,0.3777313232421875,0.008758544921875,0.000244140625,0.0001220703125,0.003021240234375,0.06060791015625,0.2357025146484375,0.313812255859375,1.4989591894263772,0.8413445086628034,0.4598509587385604,0.9748331984895491
1.0,0.99609375,0.0,1.0,1.0,0.7915702273958504,3.1846979912279836,0.0,0.0,0.0,0.0,0.0,0.0,125.0177001953125,57.10057830810547,11.626708984375,24.637298583984375,220.69261169433594,17.952438354492188,0.19482421875,0.0020751953125,0.0001220703125,7.62939453125e-05,0.0008697509765625,0.06756591796875,0.3939361572265625,0.3405303955078125,1.141571488997949,0.8419104869895189,0.4724236833842549,0.9819076923109398
1.0,0.99609375,0.0,1.0,1.0,0.7915702273958504,3.1846979912279836,0.0,0.0,0.0,0.0,0.0,0.0,127.63371276855469,63.91968536376953,13.1207275390625,26.921098709106445,216.23995971679688,17.814016342163086,0.2249908447265625,0.00054931640625,6.103515625e-05,3.0517578125e-05,0.00018310546875,0.009063720703125,0.2697906494140625,0.495330810546875,1.2900413552811085,0.835595911718085,0.39736722686253223,0.9805226132573286
1.0,0.99609375,0.0,1.0,1.0,0.7915702273958504,3.1846979912279836,0.0,0.0,0.0,0.0,0.0,0.0,97.90286254882812,77.60356903076172,14.081466674804688,24.892963409423828,220.33392333984375,18.307254791259766,0.433746337890625,0.005767822265625,1.52587890625e-05,0.0,0.0002593994140625,0.00445556640625,0.0784149169921875,0.4773406982421875,1.5972941751975778,0.8238899963063431,0.39768083742041294,0.9756210673050816
1.0,0.99609375,0.0,1.0,1.0,0.7915702273958504,3.1846979912279836,0.0,0.0,0.0,0.0,0.0,0.0,57.029693603515625,73.88059997558594,17.192794799804688,27.050241470336914,214.7421112060547,18.990381240844727,0.6989288330078125,0.0035858154296875,0.0,0.0,1.52587890625e-05,0.0006103515625,0.014251708984375,0.2826080322265625,1.9350740747391109,0.7912566968165868,0.33405896781012745,0.9729877712823252
1.0,0.99609375,0.0,1.0,1.0,0.7915702273958504,3.1846979912279836,0.0,0.0,0.0,0.0,0.0,0.0,84.37319946289062,74.279296875,15.537307739257812,28.0526180267334,224.32798767089844,19.78539276123047,0.5001983642578125,0.01336669921875,0.0002593994140625,0.0001373291015625,0.00115966796875,0.0150604248046875,0.10986328125,0.359954833984375,1.4989642594728438,0.8022296866664776,0.3941313429371353,0.9810079405665688
1.0,0.99609375,0.0,1.0,1.0,0.7915702273958504,3.1846979912279836,0.0,0.0,0.0,0.0,0.0,0.0,120.34329223632812,55.23472213745117,12.538421630859375,27.77151870727539,225.21478271484375,14.247632026672363,0.19891357421875,0.0016021728515625,1.52587890625e-05,1.52587890625e-05,0.001556396484375,0.070281982421875,0.5194244384765625,0.20819091796875,1.5716216997729504,0.8381144770950124,0.43061757377205045,0.9688227036702141
1.0,0.99609375,0.0,1.0,1.0,0.7915702273958504,3.1846979912279836,0.0,0.0,0.0,0.0,0.0,0.0,113.92622375488281,63.81830978393555,8.534011840820312,17.51088523864746,225.01991271972656,12.852887153625488,0.2618865966796875,0.0054931640625,1.52587890625e-05,4.57763671875e-05,0.0013275146484375,0.057159423828125,0.372833251953125,0.301239013671875,1.0307363361957211,0.851224721787623,0.4835107987717002,0.967986859929965
1.0,0.99609375,0.0,1.0,1.0,0.7915702273958504,3.1846979912279836,0.0,0.0,0.0,0.0,0.0,0.0,61.14466857910156,74.49903869628906,12.385223388671875,24.212486267089844,224.52072143554688,13.33011531829834,0.663665771484375,0.008209228515625,1.52587890625e-05,0.0,0.000244140625,0.001617431640625,0.03399658203125,0.2922515869140625,0.8285218207008463,0.8412937305487538,0.42621467225257137,0.9798353086869032
1.0,0.99609375,0.0,1.0,1.0,0.7915702273958504,3.1846979912279836,0.0,0.0,0.0,0.0,0.0,0.0,30.22808837890625,52.821449279785156,13.365524291992188,22.91722297668457,223.550048828125,14.064140319824219,0.85809326171875,0.0152587890625,1.52587890625e-05,0.0,0.0,0.0007171630859375,0.0067138671875,0.11920166015625,1.9128263150574014,0.8255824550958908,0.47199717232588617,0.9552938123758974
1.0,0.99609375,0.0,1.0,1.0,0.7915702273958504,3.1846979912279836,0.0,0.0,0.0,0.0,0.0,0.0,42.103302001953125,65.92278289794922,12.581985473632812,21.356990814208984,220.81434631347656,14.367813110351562,0.786224365234375,0.00421142578125,6.103515625e-05,3.0517578125e-05,3.0517578125e-05,0.00091552734375,0.0151214599609375,0.1934051513671875,0.9472848513603841,0.8429555276395526,0.41889952998611546,0.9771317488446766
1.0,0.99609375,0.0,1.0,1.0,0.7915702273958504,3.1846979912279836,0.0,0.0,0.0,0.0,0.0,0.0,86.74072265625,80.44036865234375,13.600479125976562,25.85270118713379,216.25839233398438,14.735445976257324,0.5063323974609375,0.00042724609375,0.0,0.0,1.52587890625e-05,0.0013427734375,0.085205078125,0.40667724609375,1.747011812076008,0.8271568949443,0.4020104501257998,0.9644585581744385
1.0,0.99609375,0.0,1.0,1.0,0.7915702273958504,3.1846979912279836,0.0,0.0,0.0,0.0,0.0,0.0,127.79486083984375,62.11384582519531,10.568191528320312,22.21393585205078,216.26904296875,13.513470649719238,0.2129364013671875,0.001434326171875,9.1552734375e-05,3.0517578125e-05,0.0004425048828125,0.0139923095703125,0.2907867431640625,0.48028564453125,1.1466510319651775,0.8282080085701594,0.3901806535742012,0.9711234520209961
1.0,0.99609375,0.0,1.0,1.0,0.7915702273958504,3.1846979912279836,0.0,0.0,0.0,0.0,0.0,0.0,131.05979919433594,48.25459289550781,7.6200103759765625,16.187543869018555,218.50875854492188,13.312263488769531,0.1316375732421875,0.003021240234375,9.1552734375e-05,3.0517578125e-05,0.0015716552734375,0.0544891357421875,0.5186309814453125,0.29052734375,0.9242744602138839,0.8558234102210002,0.4230630377661577,0.9720318748053135
1.0,0.99609375,0.0,1.0,1.0,0.7915702273958504,3.1846979912279836,0.0,0.0,0.0,0.0,0.0,0.0,108.68629455566406,72.0796127319336,9.491302490234375,21.226728439331055,223.17074584960938,12.349382400512695,0.343719482421875,0.0117034912109375,6.103515625e-05,6.103515625e-05,0.000244140625,0.00946044921875,0.119171142578125,0.5155792236328125,0.7766907770712494,0.8436040918043618,0.5305433169282101,0.9771415310264358
1.0,0.99609375,0.0,1.0,1.0,0.7915702273958504,3.1846979912279836,0.0,0.0,0.0,0.0,0.0,0.0,99.43244934082031,74.95831298828125,12.171112060546875,25.53470802307129,220.44993591308594,19.667776107788086,0.406890869140625,0.0194091796875,0.0003662109375,0.0001068115234375,0.000823974609375,0.005889892578125,0.05377197265625,0.5127410888671875,1.5346322147771092,0.8318792164097977,0.5270073577451901,0.9788937181237342
1.0,0.99609375,0.0,1.0,1.0,0.7915702273958504,3.1846979912279836,0.0,0.0,0.0,0.0,0.0,0.0,101.61820983886719,69.74332427978516,13.000823974609375,24.43773651123047,221.83888244628906,21.470205307006836,0.364532470703125,0.0166473388671875,0.0007171630859375,0.00030517578125,0.0038299560546875,0.0615692138671875,0.148651123046875,0.40374755859375,1.321910518394284,0.8163778832693538,0.4644878118620781,0.9844325792127468
1.0,0.99609375,0.0,1.0,1.0,0.7915702273958504,3.1846979912279836,0.0,0.0,0.0,0.0,0.0,0.0,106.64596557617188,66.95539093017578,11.026153564453125,22.17340087890625,223.69004821777344,15.71204662322998,0.3189697265625,0.01153564453125,0.0005950927734375,0.0003814697265625,0.004180908203125,0.0752105712890625,0.224700927734375,0.3644256591796875,0.8476054664858244,0.84022835547755,0.440207461042354,0.982930919380993
1.0,0.99609375,0.0,1.0,1.0,0.7915702273958504,3.1846979912279836,0.0,0.0,0.0,0.0,0.0,0.0,125.02418518066406,46.895729064941406,7.7355499267578125,17.413944244384766,222.0089569091797,12.885099411010742,0.130462646484375,0.009002685546875,9.1552734375e-05,7.62939453125e-05,0.005157470703125,0.196533203125,0.4551849365234375,0.2034912109375,0.8351658055898176,0.8627503657047937,0.4637961702555937,0.9734162381202743
1.0,0.99609375,0.0,1.0,1.0,0.7915702273958504,3.1846979912279836,0.0,0.0,0.0,0.0,0.0,0.0,102.04328918457031,69.36087799072266,12.976211547851562,24.34950065612793,219.4323272705078,21.4832820892334,0.358184814453125,0.01434326171875,0.0003814697265625,0.000244140625,0.003570556640625,0.061279296875,0.1809539794921875,0.38104248046875,1.1841481233387199,0.8428732824658328,0.4672872738998374,0.985828630639728
1.0,0.99609375,0.0,1.0,1.0,0.7915702273958504,3.1846979912279836,0.0,0.0,0.0,0.0,0.0,0.0,111.00146484375,67.21797180175781,11.18182373046875,22.334699630737305,221.03282165527344,15.629830360412598,0.3046722412109375,0.009490966796875,0.000274658203125,1.52587890625e-05,0.00225830078125,0.0425872802734375,0.2252197265625,0.4154815673828125,0.7972266104438844,0.8507954832262843,0.4763894559983336,0.9837613408129642
1.0,0.99609375,0.0,1.0,1.0,0.7915702273958504,3.1846979912279836,0.0,0.0,0.0,0.0,0.0,0.0,126.82136535644531,44.96221923828125,8.006942749023438,17.599702835083008,219.32286071777344,12.878933906555176,0.1172943115234375,0.0083770751953125,7.62939453125e-05,1.52587890625e-05,0.0036468505859375,0.210205078125,0.4638671875,0.1965179443359375,0.8341341348657918,0.8552208631519553,0.43685903720085384,0.97328424270855
1.0,0.99609375,0.0,1.0,1.0,0.7915702273958504,3.1846979912279836,0.0,0.0,0.0,0.0,0.0,0.0,132.11656188964844,47.050968170166016,7.968292236328125,16.31170082092285,216.09495544433594,13.451569557189941,0.1236419677734375,0.003173828125,6.103515625e-05,7.62939453125e-05,0.0013427734375,0.05474853515625,0.547576904296875,0.269378662109375,0.9215416950065134,0.846882240762949,0.41234171386061047,0.9724063328080718
1.0,0.99609375,0.0,1.0,1.0,0.7915702273958504,3.1846979912279836,0.0,0.0,0.0,0.0,0.0,0.0,109.34049987792969,72.90335845947266,9.740371704101562,21.398588180541992,220.80215454101562,12.458245277404785,0.3444366455078125,0.008544921875,9.1552734375e-05,0.0001068115234375,0.0004730224609375,0.0070037841796875,0.1083984375,0.53094482421875,0.7210331015310352,0.8627478749776007,0.5036269378948804,0.9788755339089792
1.0,0.99609375,0.0,1.0,1.0,0.7915702273958504,3.1846979912279836,0.0,0.0,0.0,0.0,0.0,0.0,67.74652099609375,75.87860107421875,16.514434814453125,30.68543243408203,220.93832397460938,20.300329208374023,0.625946044921875,0.0097198486328125,0.000152587890625,4.57763671875e-05,0.0001983642578125,0.0016021728515625,0.023406982421875,0.33892822265625,2.090454979166091,0.8146599661335436,0.414052749049199,0.9752792356128577
1.0,0.99609375,0.0,1.0,1.0,0.7915702273958504,3.1846979912279836,0.0,0.0,0.0,0.0,0.0,0.0,82.35244750976562,78.23532104492188,11.588531494140625,23.48375701904297,216.11036682128906,16.349956512451172,0.5263671875,0.0081024169921875,0.0001373291015625,1.52587890625e-05,0.0002288818359375,0.0037689208984375,0.0549468994140625,0.40643310546875,1.510339249253781,0.8423578010842868,0.45078215995059695,0.9714357686020134
1.0,0.99609375,0.0,1.0,1.0,0.7915702273958504,3.1846979912279836,0.0,0.0,0.0,0.0,0.0,0.0,106.65185546875,65.24189758300781,9.657669067382812,22.979961395263672,227.9130401611328,13.511406898498535,0.2960968017578125,0.0129241943359375,0.0005645751953125,0.0002899169921875,0.008880615234375,0.1500701904296875,0.1865997314453125,0.344573974609375,0.8436637142036738,0.8608363363544567,0.4871976422280685,0.9793525897592796
1.0,0.99609375,0.0,1.0,1.0,0.7915702273958504,3.1846979912279836,0.0,0.0,0.0,0.0,0.0,0.0,107.20596313476562,68.54912567138672,11.172454833984375,25.622377395629883,226.25242614746094,15.89798355102539,0.3224334716796875,0.012054443359375,0.0001983642578125,3.0517578125e-05,0.003387451171875,0.0626983642578125,0.1926727294921875,0.406524658203125,1.1809296166344239,0.8462520320167222,0.47958236471439586,0.9786582461425565
1.0,0.99609375,0.0,1.0,1.0,0.7915702273958504,3.1846979912279836,0.0,0.0,0.0,0.0,0.0,0.0,90.52210998535156,76.7889633178711,11.7288818359375,24.09629249572754,222.50027465820312,18.069337844848633,0.467376708984375,0.0186004638671875,0.0001373291015625,3.0517578125e-05,0.000457763671875,0.004119873046875,0.0451507568359375,0.4641265869140625,2.1163414246758983,0.808807194311539,0.43373315971715476,0.966301095677248
1.0,0.99609375,0.0,1.0,1.0,0.7915702273958504,3.1846979912279836,0.0,0.0,0.0,0.0,0.0,0.0,53.168060302734375,67.6093521118164,11.270370483398438,23.982189178466797,222.14610290527344,15.563032150268555,0.6992034912109375,0.0364532470703125,0.0002593994140625,4.57763671875e-05,0.0001983642578125,0.00103759765625,0.0121002197265625,0.250701904296875,1.413501694591972,0.8396237825194315,0.5248462066645087,0.9713596896458542
1.0,0.99609375,0.0,1.0,1.0,0.7915702273958504,3.1846979912279836,0.0,0.0,0.0,0.0,0.0,0.0,74.90077209472656,75.90569305419922,10.954010009765625,24.63865852355957,223.6533966064453,17.7857723236084,0.5616912841796875,0.0255126953125,0.000244140625,4.57763671875e-05,0.000946044921875,0.0050506591796875,0.028717041015625,0.3777923583984375,1.7895772158158678,0.823468523318299,0.4934179563456904,0.9712285656849158
1.0,0.99609375,0.0,1.0,1.0,0.7915702273958504,3.1846979912279836,0.0,0.0,0.0,0.0,0.0,0.0,45.463226318359375,65.14837646484375,14.60833740234375,26.863697052001953,221.046630859375,16.17482566833496,0.763153076171875,0.015350341796875,6.103515625e-05,3.0517578125e-05,0.000152587890625,0.0010833740234375,0.0140533447265625,0.20611572265625,1.9511042005286097,0.8332132946778037,0.5405012295256069,0.9659579539538911
1.0,0.99609375,0.0,1.0,1.0,0.7915702273958504,3.1846979912279836,0.0,0.0,0.0,0.0,0.0,0.0,38.315460205078125,58.31178283691406,12.64837646484375,25.12529754638672,223.553955078125,17.48604965209961,0.79681396484375,0.0343780517578125,1.52587890625e-05,0.0,9.1552734375e-05,0.00091552734375,0.0071563720703125,0.1606292724609375,1.4646049851975413,0.8111134200141887,0.446904160253392,0.9759494276925427
1.0,0.99609375,0.0,1.0,1.0,0.7915702273958504,3.1846979912279836,0.0,0.0,0.0,0.0,0.0,0.0,100.7119140625,63.668331146240234,11.81109619140625,26.365591049194336,209.38681030273438,20.018678665161133,0.2978668212890625,0.02716064453125,0.0024261474609375,0.0013275146484375,0.0200347900390625,0.17236328125,0.2926483154296875,0.1861724853515625,1.4202783724338126,0.8387347353562256,0.47556697074521515,0.9803189173997187
1.0,0.99609375,0.0,1.0,1.0,0.7915702273958504,3.1846979912279836,0.0,0.0,0.0,0.0,0.0,0.0,95.89239501953125,73.02088928222656,11.818374633789062,25.803478240966797,205.30886840820312,18.914186477661133,0.390777587890625,0.022613525390625,0.0018310546875,0.0003814697265625,0.0040435791015625,0.0369415283203125,0.2180023193359375,0.325408935546875,1.8438222213068574,0.8208409736548445,0.42820859775897313,0.9721153960108311
1.0,0.99609375,0.0,1.0,1.0,0.7915702273958504,3.1846979912279836,0.0,0.0,0.0,0.0,0.0,0.0,114.42588806152344,52.428443908691406,18.373016357421875,32.94573211669922,193.32777404785156,22.286935806274414,0.19842529296875,0.0109100341796875,0.00048828125,0.0003204345703125,0.0105438232421875,0.250030517578125,0.435333251953125,0.0939483642578125,1.6532834215343852,0.7970486888809406,0.29029415690106,0.9823162825213942
1.0,0.99609375,0.0,1.0,1.0,0.7915702273958504,3.1846979912279836,0.0,0.0,0.0,0.0,0.0,0.0,95.23297119140625,69.97238159179688,11.581192016601562,26.19137954711914,200.86526489257812,19.291439056396484,0.363494873046875,0.0331268310546875,0.00469970703125,0.00189208984375,0.0119476318359375,0.0771484375,0.23651123046875,0.27117919921875,1.6276529443525027,0.8202476534078793,0.4262526009433332,0.9761266462302709
1.0,0.99609375,0.0,1.0,1.0,0.7915702273958504,3.1846979912279836,0.0,0.0,0.0,0.0,0.0,0.0,108.782470703125,57.858768463134766,10.088272094726562,22.665145874023438,207.59140014648438,18.044092178344727,0.2297821044921875,0.0162353515625,0.0024871826171875,0.0013275146484375,0.026275634765625,0.235015869140625,0.3328704833984375,0.156005859375,1.319199554982331,0.8439741596908905,0.4841753576745063,0.9774562090199114
1.0,0.99609375,0.0,1.0,1.0,0.7915702273958504,3.1846979912279836,0.0,0.0,0.0,0.0,0.0,0.0,118.28019714355469,61.64031982421875,12.423324584960938,25.44572639465332,197.02972412109375,17.427213668823242,0.2312164306640625,0.0077667236328125,0.000946044921875,0.000457763671875,0.0053863525390625,0.075286865234375,0.38446044921875,0.2944793701171875,1.0173727558727412,0.8446886765559114,0.37477244509346974,0.9822923841304423
1.0,0.99609375,0.0,1.0,1.0,0.7915702273958504,3.1846979912279836,0.0,0.0,0.0,0.0,0.0,0.0,85.09486389160156,69.54891204833984,14.335540771484375,29.580434799194336,206.1050262451172,19.408273696899414,0.425140380859375,0.0386810302734375,0.0040740966796875,0.0019073486328125,0.012969970703125,0.0898284912109375,0.2138214111328125,0.2135772705078125,2.1000526215901503,0.7956551070392752,0.43798536934263954,0.9717393312804896
1.0,0.99609375,0.0,1.0,1.0,0.7915702273958504,3.1846979912279836,0.0,0.0,0.0,0.0,0.0,0.0,110.04818725585938,61.91804504394531,9.618789672851562,22.078596115112305,206.62283325195312,13.953715324401855,0.2486724853515625,0.019287109375,0.0019683837890625,0.001129150390625,0.012847900390625,0.1431121826171875,0.3525238037109375,0.220458984375,0.825355705503122,0.8341691054984219,0.45597820256373933,0.9786082500151336
1.0,0.99609375,0.0,1.0,1.0,0.7915702273958504,3.1846979912279836,0.0,0.0,0.0,0.0,0.0,0.0,85.299560546875,71.94361114501953,10.51141357421875,25.841402053833008,210.0083465576172,14.125197410583496,0.4243316650390625,0.05029296875,0.0062408447265625,0.002227783203125,0.0097808837890625,0.0547027587890625,0.1822967529296875,0.2701263427734375,1.3083528209362913,0.8294902055411004,0.4820239574090167,0.9704943031367923
1.0,0.99609375,0.0,1.0,1.0,0.7915702273958504,3.1846979912279836,0.0,0.0,0.0,0.0,0.0,0.0,77.46328735351562,74.3262939453125,10.29815673828125,23.24287223815918,206.935546875,13.700568199157715,0.5035247802734375,0.0417327880859375,0.002685546875,0.0010223388671875,0.003875732421875,0.026885986328125,0.1313018798828125,0.288970947265625,0.7015328008273052,0.8634053545309776,0.4263374642591332,0.9821040750088179
1.0,0.99609375,0.0,1.0,1.0,0.7915702273958504,3.1846979912279836,0.0,0.0,0.0,0.0,0.0,0.0,80.01638793945312,75.22574615478516,11.32147216796875,23.1646671295166,202.1294403076172,17.79905128479004,0.499542236328125,0.0285186767578125,0.001434326171875,0.000640869140625,0.0027923583984375,0.023712158203125,0.14349365234375,0.29986572265625,1.7437662752853962,0.832426438629174,0.40154656517252973,0.9688981109565816
1.0,0.99609375,0.0,1.0,1.0,0.7915702273958504,3.1846979912279836,0.0,0.0,0.0,0.0,0.0,0.0,100.7119140625,63.668331146240234,11.81109619140625,26.365591049194336,209.38681030273438,20.018678665161133,0.2978668212890625,0.02716064453125,0.0024261474609375,0.0013275146484375,0.0200347900390625,0.17236328125,0.2926483154296875,0.1861724853515625,1.4202783724338126,0.8387347353562256,0.47556697074521515,0.9803189173997187
1.0,0.99609375,0.0,1.0,1.0,0.7915702273958504,3.1846979912279836,0.0,0.0,0.0,0.0,0.0,0.0,111.54585266113281,52.345088958740234,10.775466918945312,20.802188873291016,209.77838134765625,17.53153419494629,0.192535400390625,0.01580810546875,0.0015411376953125,0.001434326171875,0.0306243896484375,0.312164306640625,0.3331298828125,0.112762451171875,1.6742244248705846,0.8036460631143417,0.4412873642774199,0.9694875999466742
1.0,0.99609375,0.0,1.0,1.0,0.7915702273958504,3.1846979912279836,0.0,0.0,0.0,0.0,0.0,0.0,115.50723266601562,58.182884216308594,10.539077758789062,21.064584732055664,207.92799377441406,14.896403312683105,0.2093353271484375,0.0198974609375,0.002197265625,0.00103759765625,0.01190185546875,0.146575927734375,0.391204833984375,0.2178497314453125,0.7879064556738236,0.837836685647267,0.3749874629610158,0.9812188473811462
1.0,0.99609375,0.0,1.0,1.0,0.7915702273958504,3.1846979912279836,0.0,0.0,0.0,0.0,0.0,0.0,117.33509826660156,39.54145431518555,8.735702514648438,19.537914276123047,212.27784729003906,13.760346412658691,0.1019134521484375,0.0124969482421875,0.001800537109375,0.001617431640625,0.0554046630859375,0.4955596923828125,0.279510498046875,0.05169677734375,0.6490763017633298,0.8665307450918054,0.4284008372525989,0.9815518540285721
1.0,0.99609375,0.0,1.0,1.0,0.7915702273958504,3.1846979912279836,0.0,0.0,0.0,0.0,0.0,0.0,93.84335327148438,70.01068878173828,11.608917236328125,25.486555099487305,212.7186737060547,17.525636672973633,0.3725433349609375,0.0355987548828125,0.0044403076171875,0.0017547607421875,0.0113067626953125,0.0791168212890625,0.22174072265625,0.27349853515625,1.1760519780911167,0.8193666623683679,0.3903374667737265,0.9805028796801625
1.0,0.99609375,0.0,1.0,1.0,0.7915702273958504,3.1846979912279836,0.0,0.0,0.0,0.0,0.0,0.0,77.52133178710938,73.1589584350586,11.397323608398438,23.537927627563477,210.0062713623047,13.692194938659668,0.49737548828125,0.04595947265625,0.002838134765625,0.001251220703125,0.00396728515625,0.0323944091796875,0.1451416015625,0.2710723876953125,0.8487976057057871,0.8327826820716753,0.4867549647360433,0.9787393090849172
1.0,0.99609375,0.0,1.0,1.0,0.7915702273958504,3.1846979912279836,0.0,0.0,0.0,0.0,0.0,0.0,90.06024169921875,73.59552001953125,13.112533569335938,25.878948211669922,205.33375549316406,19.30406379699707,0.4273834228515625,0.0284423828125,0.001953125,0.0008087158203125,0.0030364990234375,0.0339202880859375,0.1966705322265625,0.3077850341796875,1.4693546909812338,0.8166404012107908,0.4328498358354095,0.978268040907286
1.0,0.99609375,0.0,1.0,1.0,0.7915702273958504,3.1846979912279836,0.0,0.0,0.0,0.0,0.0,0.0,104.70466613769531,59.071746826171875,10.416549682617188,23.511947631835938,214.91470336914062,15.943102836608887,0.2456512451171875,0.0296173095703125,0.00433349609375,0.0023193359375,0.0275421142578125,0.2307586669921875,0.3065185546875,0.15325927734375,1.211919825978669,0.8355555982787184,0.5520260918166693,0.9753242341223206
1.0,0.99609375,0.0,1.0,1.0,0.7915702273958504,3.1846979912279836,0.0,0.0,0.0,0.0,0.0,0.0,90.80844116210938,68.31809997558594,10.962265014648438,24.750469207763672,210.06942749023438,15.99514389038086,0.3692779541015625,0.0444793701171875,0.00689697265625,0.0028533935546875,0.0167236328125,0.104217529296875,0.2364654541015625,0.219085693359375,1.326400548230303,0.8304870385762662,0.47280304550696484,0.974665550786155
1.0,0.99609375,0.0,1.0,1.0,0.7915702273958504,3.1846979912279836,0.0,0.0,0.0,0.0,0.0,0.0,89.53912353515625,65.07608032226562,10.114913940429688,22.927980422973633,210.5649871826172,15.339088439941406,0.329833984375,0.0679168701171875,0.0101776123046875,0.00567626953125,0.0353546142578125,0.15869140625,0.221588134765625,0.1707611083984375,1.5014444767451316,0.821042607388834,0.4796368109213839,0.9672569844809685
1.0,0.99609375,0.0,1.0,1.0,0.7915702273958504,3.1846979912279836,0.0,0.0,0.0,0.0,0.0,0.0,87.4744873046875,69.4512710571289,10.684707641601562,23.660741806030273,205.26197814941406,17.354698181152344,0.3852386474609375,0.0544891357421875,0.0099639892578125,0.004913330078125,0.0211944580078125,0.0883941650390625,0.2004852294921875,0.235321044921875,1.097515890921409,0.8269221623613544,0.49954463227154045,0.980102107382052
1.0,0.99609375,0.0,1.0,1.0,0.7915702273958504,3.1846979912279836,0.0,0.0,0.0,0.0,0.0,0.0,99.35009765625,67.86984252929688,10.805023193359375,24.13287925720215,208.06239318847656,15.556812286376953,0.3300933837890625,0.02923583984375,0.0042877197265625,0.002288818359375,0.0115814208984375,0.0943603515625,0.276336669921875,0.2518157958984375,1.2930630402804506,0.8224860805271651,0.4766645079157925,0.9739588813430188
1.0,0.99609375,0.0,1.0,1.0,0.7915702273958504,3.1846979912279836,0.0,0.0,0.0,0.0,0.0,0.0,86.08091735839844,67.43223571777344,12.960922241210938,29.405946731567383,208.3762969970703,20.8680362701416,0.3924102783203125,0.0491485595703125,0.004669189453125,0.0028533935546875,0.021392822265625,0.1274871826171875,0.2143402099609375,0.1876983642578125,1.887634962034443,0.824307618556158,0.42563809857268275,0.9773490213914504
1.0,0.99609375,0.0,1.0,1.0,0.7915702273958504,3.1846979912279836,0.0,0.0,0.0,0.0,0.0,0.0,85.09486389160156,69.54891204833984,14.335540771484375,29.580434799194336,206.1050262451172,19.408273696899414,0.425140380859375,0.0386810302734375,0.0040740966796875,0.0019073486328125,0.012969970703125,0.0898284912109375,0.2138214111328125,0.2135772705078125,2.1000526215901503,0.7956551070392752,0.43798536934263954,0.9717393312804896
1.0,0.99609375,0.0,1.0,1.0,0.7915702273958504,3.1846979912279836,0.0,0.0,0.0,0.0,0.0,0.0,108.782470703125,57.858768463134766,10.088272094726562,22.665145874023438,207.59140014648438,18.044092178344727,0.2297821044921875,0.0162353515625,0.0024871826171875,0.0013275146484375,0.026275634765625,0.235015869140625,0.3328704833984375,0.156005859375,1.319199554982331,0.8439741596908905,0.4841753576745063,0.9774562090199114
1.0,0.99609375,0.0,1.0,1.0,0.7915702273958504,3.1846979912279836,0.0,0.0,0.0,0.0,0.0,0.0,110.04818725585938,61.91804504394531,9.618789672851562,22.078596115112305,206.62283325195312,13.953715324401855,0.2486724853515625,0.019287109375,0.0019683837890625,0.001129150390625,0.012847900390625,0.1431121826171875,0.3525238037109375,0.220458984375,0.825355705503122,0.8341691054984219,0.45597820256373933,0.9786082500151336
1.0,0.99609375,0.0,1.0,1.0,0.7915702273958504,3.1846979912279836,0.0,0.0,0.0,0.0,0.0,0.0,85.299560546875,71.94361114501953,10.51141357421875,25.841402053833008,210.0083465576172,14.125197410583496,0.4243316650390625,0.05029296875,0.0062408447265625,0.002227783203125,0.0097808837890625,0.0547027587890625,0.1822967529296875,0.2701263427734375,1.3083528209362913,0.8294902055411004,0.4820239574090167,0.9704943031367923
1.0,0.99609375,0.0,1.0,1.0,0.7915702273958504,3.1846979912279836,0.0,0.0,0.0,0.0,0.0,0.0,77.46328735351562,74.3262939453125,10.29815673828125,23.24287223815918,206.935546875,13.700568199157715,0.5035247802734375,0.0417327880859375,0.002685546875,0.0010223388671875,0.003875732421875,0.026885986328125,0.1313018798828125,0.288970947265625,0.7015328008273052,0.8634053545309776,0.4263374642591332,0.9821040750088179
1.0,0.99609375,0.0,1.0,1.0,0.7915702273958504,3.1846979912279836,0.0,0.0,0.0,0.0,0.0,0.0,80.01638793945312,75.22574615478516,11.32147216796875,23.1646671295166,202.1294403076172,17.79905128479004,0.499542236328125,0.0285186767578125,0.001434326171875,0.000640869140625,0.0027923583984375,0.023712158203125,0.14349365234375,0.29986572265625,1.7437662752853962,0.832426438629174,0.40154656517252973,0.9688981109565816
1.0,0.99609375,0.0,1.0,1.0,0.7915702273958504,3.1846979912279836,0.0,0.0,0.0,0.0,0.0,0.0,111.54585266113281,52.345088958740234,10.775466918945312,20.802188873291016,209.77838134765625,17.53153419494629,0.192535400390625,0.01580810546875,0.0015411376953125,0.001434326171875,0.0306243896484375,0.312164306640625,0.3331298828125,0.112762451171875,1.6742244248705846,0.8036460631143417,0.4412873642774199,0.9694875999466742
1.0,0.99609375,0.0,1.0,1.0,0.7915702273958504,3.1846979912279836,0.0,0.0,0.0,0.0,0.0,0.0,96.72547912597656,71.75263214111328,12.242935180664062,27.230371475219727,202.05661010742188,16.720434188842773,0.37786865234375,0.0186004638671875,0.00244140625,0.0009918212890625,0.0056304931640625,0.0533905029296875,0.2427978515625,0.29827880859375,1.615411615209375,0.8340138236693687,0.5521956115083715,0.972066525997277
1.0,0.99609375,0.0,1.0,1.0,0.7915702273958504,3.1846979912279836,0.0,0.0,0.0,0.0,0.0,0.0,120.54457092285156,43.74455261230469,8.644607543945312,19.71411895751953,208.7349395751953,13.170526504516602,0.1148834228515625,0.011749267578125,0.0016937255859375,0.000946044921875,0.03448486328125,0.3694000244140625,0.3692779541015625,0.097564697265625,0.7397989853358118,0.8586292635726429,0.5476926952693342,0.977547713029322
1.0,0.99609375,0.0,1.0,1.0,0.7915702273958504,3.1846979912279836,0.0,0.0,0.0,0.0,0.0,0.0,115.50723266601562,58.182884216308594,10.539077758789062,21.064584732055664,207.92799377441406,14.896403312683105,0.2093353271484375,0.0198974609375,0.002197265625,0.00103759765625,0.01190185546875,0.146575927734375,0.391204833984375,0.2178497314453125,0.7879064556738236,0.837836685647267,0.3749874629610158,0.9812188473811462
1.0,0.99609375,0.0,1.0,1.0,0.7915702273958504,3.1846979912279836,0.0,0.0,0.0,0.0,0.0,0.0,93.84335327148438,70.01068878173828,11.608917236328125,25.486555099487305,212.7186737060547,17.525636672973633,0.3725433349609375,0.0355987548828125,0.0044403076171875,0.0017547607421875,0.0113067626953125,0.0791168212890625,0.22174072265625,0.27349853515625,1.1760519780911167,0.8193666623683679,0.3903374667737265,0.9805028796801625
1.0,0.99609375,0.0,1.0,1.0,0.7915702273958504,3.1846979912279836,0.0,0.0,0.0,0.0,0.0,0.0,77.52133178710938,73.1589584350586,11.397323608398438,23.537927627563477,210.0062713623047,13.692194938659668,0.49737548828125,0.04595947265625,0.002838134765625,0.001251220703125,0.00396728515625,0.0323944091796875,0.1451416015625,0.2710723876953125,0.8487976057057871,0.8327826820716753,0.4867549647360433,0.9787393090849172
1.0,0.99609375,0.0,1.0,1.0,0.7915702273958504,3.1846979912279836,0.0,0.0,0.0,0.0,0.0,0.0,90.06024169921875,73.59552001953125,13.112533569335938,25.878948211669922,205.33375549316406,19.30406379699707,0.4273834228515625,0.0284423828125,0.001953125,0.0008087158203125,0.0030364990234375,0.0339202880859375,0.1966705322265625,0.3077850341796875,1.4693546909812338,0.8166404012107908,0.4328498358354095,0.978268040907286
1.0,0.99609375,0.0,1.0,1.0,0.7915702273958504,3.1846979912279836,0.0,0.0,0.0,0.0,0.0,0.0,111.41954040527344,58.79237747192383,13.684066772460938,28.54932975769043,201.64158630371094,19.690868377685547,0.2372894287109375,0.0079498291015625,0.00140380859375,0.0008544921875,0.0140380859375,0.1818695068359375,0.3873748779296875,0.169219970703125,1.6542693000154651,0.8114147445887487,0.3600303878605522,0.9775260706548121
1.0,0.99609375,0.0,1.0,1.0,0.7915702273958504,3.1846979912279836,0.0,0.0,0.0,0.0,0.0,0.0,104.63595581054688,62.05831527709961,8.61248779296875,18.39602279663086,213.16490173339844,15.381856918334961,0.2645111083984375,0.0285797119140625,0.0034637451171875,0.0019989013671875,0.0210418701171875,0.1759490966796875,0.31048583984375,0.1939697265625,1.024193105249442,0.8451841268988163,0.5476059420292427,0.9760661772457675
1.0,0.99609375,0.0,1.0,1.0,0.7915702273958504,3.1846979912279836,0.0,0.0,0.0,0.0,0.0,0.0,114.68962097167969,50.354496002197266,11.296554565429688,22.369606018066406,209.5586395263672,15.802559852600098,0.17333984375,0.0132293701171875,0.00177001953125,0.0010986328125,0.030303955078125,0.2958221435546875,0.3789520263671875,0.1054840087890625,1.4098134815237267,0.8075125232136613,0.4973898979405318,0.9706749488636183
1.0,0.99609375,0.0,1.0,1.0,0.7915702273958504,3.1846979912279836,0.0,0.0,0.0,0.0,0.0,0.0,97.62580871582031,70.26315307617188,11.592086791992188,26.182743072509766,208.05958557128906,19.445987701416016,0.3575897216796875,0.0291748046875,0.002716064453125,0.00115966796875,0.0065765380859375,0.065399169921875,0.2539520263671875,0.2834320068359375,1.8436338501021026,0.8325522753830985,0.42004201405205754,0.9735530366455243
1.0,0.99609375,0.0,1.0,1.0,0.7915702273958504,3.1846979912279836,0.0,0.0,0.0,0.0,0.0,0.0,85.97752380371094,73.70500183105469,11.888427734375,23.23149299621582,207.19801330566406,16.03901481628418,0.448333740234375,0.03521728515625,0.00299072265625,0.0008544921875,0.005279541015625,0.035369873046875,0.1704254150390625,0.3015289306640625,1.519512186390195,0.8199921120442564,0.47404319169134124,0.9702629562478284
1.0,0.99609375,0.0,1.0,1.0,0.7915702273958504,3.1846979912279836,0.0,0.0,0.0,0.0,0.0,0.0,62.445831298828125,71.73191833496094,13.414382934570312,26.13222885131836,203.0844268798828,17.763446807861328,0.613494873046875,0.036865234375,0.0023345947265625,0.0006561279296875,0.0023651123046875,0.0165557861328125,0.0936126708984375,0.2341156005859375,1.762051423284885,0.8030926411490704,0.4266537751133987,0.9714667213692187
1.0,0.99609375,0.0,1.0,1.0,0.7915702273958504,3.1846979912279836,0.0,0.0,0.0,0.0,0.0,0.0,104.28651428222656,65.71572875976562,10.559707641601562,22.697587966918945,204.818359375,15.261245727539062,0.296295166015625,0.02410888671875,0.0038909912109375,0.00164794921875,0.0127105712890625,0.10760498046875,0.3036041259765625,0.2501373291015625,1.0681443127446943,0.8281177053048623,0.4949937743117764,0.9767638241111519
1.0,0.99609375,0.0,1.0,1.0,0.7915702273958504,3.1846979912279836,0.0,0.0,0.0,0.0,0.0,0.0,73.29838562011719,72.56121826171875,17.317230224609375,31.289813995361328,223.35671997070312,18.181554794311523,0.565643310546875,0.0197906494140625,0.00030517578125,0.000152587890625,0.0023345947265625,0.0247039794921875,0.0841217041015625,0.302947998046875,2.2089150200424736,0.81096021402777,0.40603316696250513,0.9705942799373566
1.0,0.99609375,0.0,1.0,1.0,0.7915702273958504,3.1846979912279836,0.0,0.0,0.0,0.0,0.0,0.0,98.23686218261719,70.08060455322266,11.247604370117188,23.87424087524414,227.21340942382812,17.1237850189209,0.3777313232421875,0.008758544921875,0.000244140625,0.0001220703125,0.003021240234375,0.06060791015625,0.2357025146484375,0.313812255859375,1.4989591894263772,0.8413445086628034,0.4598509587385604,0.9748331984895491
1.0,0.99609375,0.0,1.0,1.0,0.7915702273958504,3.1846979912279836,0.0,0.0,0.0,0.0,0.0,0.0,125.0177001953125,57.10057830810547,11.626708984375,24.637298583984375,220.69261169433594,17.952438354492188,0.19482421875,0.0020751953125,0.0001220703125,7.62939453125e-05,0.0008697509765625,0.06756591796875,0.3939361572265625,0.3405303955078125,1.141571488997949,0.8419104869895189,0.4724236833842549,0.9819076923109398
1.0,0.99609375,0.0,1.0,1.0,0.7915702273958504,3.1846979912279836,0.0,0.0,0.0,0.0,0.0,0.0,127.63371276855469,63.91968536376953,13.1207275390625,26.921098709106445,216.23995971679688,17.814016342163086,0.2249908447265625,0.00054931640625,6.103515625e-05,3.0517578125e-05,0.00018310546875,0.009063720703125,0.2697906494140625,0.495330810546875,1.2900413552811085,0.835595911718085,0.39736722686253223,0.9805226132573286
1.0,0.99609375,0.0,1.0,1.0,0.7915702273958504,3.1846979912279836,0.0,0.0,0.0,0.0,0.0,0.0,97.90286254882812,77.60356903076172,14.081466674804688,24.892963409423828,220.33392333984375,18.307254791259766,0.433746337890625,0.005767822265625,1.52587890625e-05,0.0,0.0002593994140625,0.00445556640625,0.0784149169921875,0.4773406982421875,1.5972941751975778,0.8238899963063431,0.39768083742041294,0.9756210673050816
1.0,0.99609375,0.0,1.0,1.0,0.7915702273958504,3.1846979912279836,0.0,0.0,0.0,0.0,0.0,0.0,57.029693603515625,73.88059997558594,17.192794799804688,27.050241470336914,214.7421112060547,18.990381240844727,0.6989288330078125,0.0035858154296875,0.0,0.0,1.52587890625e-05,0.0006103515625,0.014251708984375,0.2826080322265625,1.9350740747391109,0.7912566968165868,0.33405896781012745,0.9729877712823252
1.0,0.99609375,0.0,1.0,1.0,0.7915702273958504,3.1846979912279836,0.0,0.0,0.0,0.0,0.0,0.0,84.37319946289062,74.279296875,15.537307739257812,28.0526180267334,224.32798767089844,19.78539276123047,0.5001983642578125,0.01336669921875,0.0002593994140625,0.0001373291015625,0.00115966796875,0.0150604248046875,0.10986328125,0.359954833984375,1.4989642594728438,0.8022296866664776,0.3941313429371353,0.9810079405665688
1.0,0.99609375,0.0,1.0,1.0,0.7915702273958504,3.1846979912279836,0.0,0.0,0.0,0.0,0.0,0.0,120.34329223632812,55.23472213745117,12.538421630859375,27.77151870727539,225.21478271484375,14.247632026672363,0.19891357421875,0.0016021728515625,1.52587890625e-05,1.52587890625e-05,0.001556396484375,0.070281982421875,0.5194244384765625,0.20819091796875,1.5716216997729504,0.8381144770950124,0.43061757377205045,0.9688227036702141
1.0,0.99609375,0.0,1.0,1.0,0.7915702273958504,3.1846979912279836,0.0,0.0,0.0,0.0,0.0,0.0,113.92622375488281,63.81830978393555,8.534011840820312,17.51088523864746,225.01991271972656,12.852887153625488,0.2618865966796875,0.0054931640625,1.52587890625e-05,4.57763671875e-05,0.0013275146484375,0.057159423828125,0.372833251953125,0.301239013671875,1.0307363361957211,0.851224721787623,0.4835107987717002,0.967986859929965
1.0,0.99609375,0.0,1.0,1.0,0.7915702273958504,3.1846979912279836,0.0,0.0,0.0,0.0,0.0,0.0,61.14466857910156,74.49903869628906,12.385223388671875,24.212486267089844,224.52072143554688,13.33011531829834,0.663665771484375,0.008209228515625,1.52587890625e-05,0.0,0.000244140625,0.001617431640625,0.03399658203125,0.2922515869140625,0.8285218207008463,0.8412937305487538,0.42621467225257137,0.9798353086869032
1.0,0.99609375,0.0,1.0,1.0,0.7915702273958504,3.1846979912279836,0.0,0.0,0.0,0.0,0.0,0.0,30.22808837890625,52.821449279785156,13.365524291992188,22.91722297668457,223.550048828125,14.064140319824219,0.85809326171875,0.0152587890625,1.52587890625e-05,0.0,0.0,0.0007171630859375,0.0067138671875,0.11920166015625,1.9128263150574014,0.8255824550958908,0.47199717232588617,0.9552938123758974
1.0,0.99609375,0.0,1.0,1.0,0.7915702273958504,3.1846979912279836,0.0,0.0,0.0,0.0,0.0,0.0,42.103302001953125,65.92278289794922,12.581985473632812,21.356990814208984,220.81434631347656,14.367813110351562,0.786224365234375,0.00421142578125,6.103515625e-05,3.0517578125e-05,3.0517578125e-05,0.00091552734375,0.0151214599609375,0.1934051513671875,0.9472848513603841,0.8429555276395526,0.41889952998611546,0.9771317488446766
1.0,0.99609375,0.0,1.0,1.0,0.7915702273958504,3.1846979912279836,0.0,0.0,0.0,0.0,0.0,0.0,86.74072265625,80.44036865234375,13.600479125976562,25.85270118713379,216.25839233398438,14.735445976257324,0.5063323974609375,0.00042724609375,0.0,0.0,1.52587890625e-05,0.0013427734375,0.085205078125,0.40667724609375,1.747011812076008,0.8271568949443,0.4020104501257998,0.9644585581744385
1.0,0.99609375,0.0,1.0,1.0,0.7915702273958504,3.1846979912279836,0.0,0.0,0.0,0.0,0.0,0.0,127.79486083984375,62.11384582519531,10.568191528320312,22.21393585205078,216.26904296875,13.513470649719238,0.2129364013671875,0.001434326171875,9.1552734375e-05,3.0517578125e-05,0.0004425048828125,0.0139923095703125,0.2907867431640625,0.48028564453125,1.1466510319651775,0.8282080085701594,0.3901806535742012,0.9711234520209961
1.0,0.99609375,0.0,1.0,1.0,0.7915702273958504,3.1846979912279836,0.0,0.0,0.0,0.0,0.0,0.0,131.05979919433594,48.25459289550781,7.6200103759765625,16.187543869018555,218.50875854492188,13.312263488769531,0.1316375732421875,0.003021240234375,9.1552734375e-05,3.0517578125e-05,0.0015716552734375,0.0544891357421875,0.5186309814453125,0.29052734375,0.9242744602138839,0.8558234102210002,0.4230630377661577,0.9720318748053135
1.0,0.99609375,0.0,1.0,1.0,0.7915702273958504,3.1846979912279836,0.0,0.0,0.0,0.0,0.0,0.0,108.68629455566406,72.0796127319336,9.491302490234375,21.226728439331055,223.17074584960938,12.349382400512695,0.343719482421875,0.0117034912109375,6.103515625e-05,6.103515625e-05,0.000244140625,0.00946044921875,0.119171142578125,0.5155792236328125,0.7766907770712494,0.8436040918043618,0.5305433169282101,0.9771415310264358
1.0,0.99609375,0.0,1.0,1.0,0.7915702273958504,3.1846979912279836,0.0,0.0,0.0,0.0,0.0,0.0,99.43244934082031,74.95831298828125,12.171112060546875,25.53470802307129,220.44993591308594,19.667776107788086,0.406890869140625,0.0194091796875,0.0003662109375,0.0001068115234375,0.000823974609375,0.005889892578125,0.05377197265625,0.5127410888671875,1.5346322147771092,0.8318792164097977,0.5270073577451901,0.9788937181237342
1.0,0.99609375,0.0,1.0,1.0,0.7915702273958504,3.1846979912279836,0.0,0.0,0.0,0.0,0.0,0.0,101.61820983886719,69.74332427978516,13.000823974609375,24.43773651123047,221.83888244628906,21.470205307006836,0.364532470703125,0.0166473388671875,0.0007171630859375,0.00030517578125,0.0038299560546875,0.0615692138671875,0.148651123046875,0.40374755859375,1.321910518394284,0.8163778832693538,0.4644878118620781,0.9844325792127468
1.0,0.99609375,0.0,1.0,1.0,0.7915702273958504,3.1846979912279836,0.0,0.0,0.0,0.0,0.0,0.0,106.64596557617188,66.95539093017578,11.026153564453125,22.17340087890625,223.69004821777344,15.71204662322998,0.3189697265625,0.01153564453125,0.0005950927734375,0.0003814697265625,0.004180908203125,0.0752105712890625,0.224700927734375,0.3644256591796875,0.8476054664858244,0.84022835547755,0.440207461042354,0.982930919380993
1.0,0.99609375,0.0,1.0,1.0,0.7915702273958504,3.1846979912279836,0.0,0.0,0.0,0.0,0.0,0.0,125.02418518066406,46.895729064941406,7.7355499267578125,17.413944244384766,222.0089569091797,12.885099411010742,0.130462646484375,0.009002685546875,9.1552734375e-05,7.62939453125e-05,0.005157470703125,0.196533203125,0.4551849365234375,0.2034912109375,0.8351658055898176,0.8627503657047937,0.4637961702555937,0.9734162381202743
1.0,0.99609375,0.0,1.0,1.0,0.7915702273958504,3.1846979912279836,0.0,0.0,0.0,0.0,0.0,0.0,102.04328918457031,69.36087799072266,12.976211547851562,24.34950065612793,219.4323272705078,21.4832820892334,0.358184814453125,0.01434326171875,0.0003814697265625,0.000244140625,0.003570556640625,0.061279296875,0.1809539794921875,0.38104248046875,1.1841481233387199,0.8428732824658328,0.4672872738998374,0.985828630639728
1.0,0.99609375,0.0,1.0,1.0,0.7915702273958504,3.1846979912279836,0.0,0.0,0.0,0.0,0.0,0.0,111.00146484375,67.21797180175781,11.18182373046875,22.334699630737305,221.03282165527344,15.629830360412598,0.3046722412109375,0.009490966796875,0.000274658203125,1.52587890625e-05,0.00225830078125,0.0425872802734375,0.2252197265625,0.4154815673828125,0.7972266104438844,0.8507954832262843,0.4763894559983336,0.9837613408129642
1.0,0.99609375,0.0,1.0,1.0,0.7915702273958504,3.1846979912279836,0.0,0.0,0.0,0.0,0.0,0.0,126.82136535644531,44.96221923828125,8.006942749023438,17.599702835083008,219.32286071777344,12.878933906555176,0.1172943115234375,0.0083770751953125,7.62939453125e-05,1.52587890625e-05,0.0036468505859375,0.210205078125,0.4638671875,0.1965179443359375,0.8341341348657918,0.8552208631519553,0.43685903720085384,0.97328424270855
1.0,0.99609375,0.0,1.0,1.0,0.7915702273958504,3.1846979912279836,0.0,0.0,0.0,0.0,0.0,0.0,132.11656188964844,47.050968170166016,7.968292236328125,16.31170082092285,216.09495544433594,13.451569557189941,0.1236419677734375,0.003173828125,6.103515625e-05,7.62939453125e-05,0.0013427734375,0.05474853515625,0.547576904296875,0.269378662109375,0.9215416950065134,0.846882240762949,0.41234171386061047,0.9724063328080718
1.0,0.99609375,0.0,1.0,1.0,0.7915702273958504,3.1846979912279836,0.0,0.0,0.0,0.0,0.0,0.0,109.34049987792969,72.90335845947266,9.740371704101562,21.398588180541992,220.80215454101562,12.458245277404785,0.3444366455078125,0.008544921875,9.1552734375e-05,0.0001068115234375,0.0004730224609375,0.0070037841796875,0.1083984375,0.53094482421875,0.7210331015310352,0.8627478749776007,0.5036269378948804,0.9788755339089792
1.0,0.99609375,0.0,1.0,1.0,0.7915702273958504,3.1846979912279836,0.0,0.0,0.0,0.0,0.0,0.0,67.74652099609375,75.87860107421875,16.514434814453125,30.68543243408203,220.93832397460938,20.300329208374023,0.625946044921875,0.0097198486328125,0.000152587890625,4.57763671875e-05,0.0001983642578125,0.0016021728515625,0.023406982421875,0.33892822265625,2.090454979166091,0.8146599661335436,0.414052749049199,0.9752792356128577
1.0,0.99609375,0.0,1.0,1.0,0.7915702273958504,3.1846979912279836,0.0,0.0,0.0,0.0,0.0,0.0,82.35244750976562,78.23532104492188,11.588531494140625,23.48375701904297,216.11036682128906,16.349956512451172,0.5263671875,0.0081024169921875,0.0001373291015625,1.52587890625e-05,0.0002288818359375,0.0037689208984375,0.0549468994140625,0.40643310546875,1.510339249253781,0.8423578010842868,0.45078215995059695,0.9714357686020134
1.0,0.99609375,0.0,1.0,1.0,0.7915702273958504,3.1846979912279836,0.0,0.0,0.0,0.0,0.0,0.0,106.65185546875,65.24189758300781,9.657669067382812,22.979961395263672,227.9130401611328,13.511406898498535,0.2960968017578125,0.0129241943359375,0.0005645751953125,0.0002899169921875,0.008880615234375,0.1500701904296875,0.1865997314453125,0.344573974609375,0.8436637142036738,0.8608363363544567,0.4871976422280685,0.9793525897592796
1.0,0.99609375,0.0,1.0,1.0,0.7915702273958504,3.1846979912279836,0.0,0.0,0.0,0.0,0.0,0.0,107.20596313476562,68.54912567138672,11.172454833984375,25.622377395629883,226.25242614746094,15.89798355102539,0.3224334716796875,0.012054443359375,0.0001983642578125,3.0517578125e-05,0.003387451171875,0.0626983642578125,0.1926727294921875,0.406524658203125,1.1809296166344239,0.8462520320167222,0.47958236471439586,0.9786582461425565
1.0,0.99609375,0.0,1.0,1.0,0.7915702273958504,3.1846979912279836,0.0,0.0,0.0,0.0,0.0,0.0,90.52210998535156,76.7889633178711,11.7288818359375,24.09629249572754,222.50027465820312,18.069337844848633,0.467376708984375,0.0186004638671875,0.0001373291015625,3.0517578125e-05,0.000457763671875,0.004119873046875,0.0451507568359375,0.4641265869140625,2.1163414246758983,0.808807194311539,0.43373315971715476,0.966301095677248
1.0,0.99609375,0.0,1.0,1.0,0.7915702273958504,3.1846979912279836,0.0,0.0,0.0,0.0,0.0,0.0,53.168060302734375,67.6093521118164,11.270370483398438,23.982189178466797,222.14610290527344,15.563032150268555,0.6992034912109375,0.0364532470703125,0.0002593994140625,4.57763671875e-05,0.0001983642578125,0.00103759765625,0.0121002197265625,0.250701904296875,1.413501694591972,0.8396237825194315,0.5248462066645087,0.9713596896458542
1.0,0.99609375,0.0,1.0,1.0,0.7915702273958504,3.1846979912279836,0.0,0.0,0.0,0.0,0.0,0.0,74.90077209472656,75.90569305419922,10.954010009765625,24.63865852355957,223.6533966064453,17.7857723236084,0.5616912841796875,0.0255126953125,0.000244140625,4.57763671875e-05,0.000946044921875,0.0050506591796875,0.028717041015625,0.3777923583984375,1.7895772158158678,0.823468523318299,0.4934179563456904,0.9712285656849158
1.0,0.99609375,0.0,1.0,1.0,0.7915702273958504,3.1846979912279836,0.0,0.0,0.0,0.0,0.0,0.0,45.463226318359375,65.14837646484375,14.60833740234375,26.863697052001953,221.046630859375,16.17482566833496,0.763153076171875,0.015350341796875,6.103515625e-05,3.0517578125e-05,0.000152587890625,0.0010833740234375,0.0140533447265625,0.20611572265625,1.9511042005286097,0.8332132946778037,0.5405012295256069,0.9659579539538911
1.0,0.99609375,0.0,1.0,1.0,0.7915702273958504,3.1846979912279836,0.0,0.0,0.0,0.0,0.0,0.0,38.315460205078125,58.31178283691406,12.64837646484375,25.12529754638672,223.553955078125,17.48604965209961,0.79681396484375,0.0343780517578125,1.52587890625e-05,0.0,9.1552734375e-05,0.00091552734375,0.0071563720703125,0.1606292724609375,1.4646049851975413,0.8111134200141887,0.446904160253392,0.9759494276925427
1.0,0.99609375,0.0,1.0,1.0,0.7915702273958504,3.1846979912279836,0.0,0.0,0.0,0.0,0.0,0.0,57.226837158203125,60.1270751953125,53.134063720703125,66.81904602050781,208.45703125,12.619925498962402,0.6417388916015625,0.0149078369140625,0.0019683837890625,0.0013580322265625,0.019378662109375,0.1258087158203125,0.1165924072265625,0.0782470703125,1.835280092151939,0.7777978692977492,0.27594009409862835,0.9811576989017672
1.0,0.99609375,0.0,1.0,1.0,0.7915702273958504,3.1846979912279836,0.0,0.0,0.0,0.0,0.0,0.0,91.25216674804688,59.496280670166016,21.545852661132812,43.583763122558594,213.57809448242188,8.671154022216797,0.3364410400390625,0.01617431640625,0.003173828125,0.002288818359375,0.0483551025390625,0.2993011474609375,0.2034912109375,0.0907745361328125,1.1543855343893752,0.8303404709206592,0.4271808096929399,0.9736024406670579
1.0,0.99609375,0.0,1.0,1.0,0.7915702273958504,3.1846979912279836,0.0,0.0,0.0,0.0,0.0,0.0,89.697998046875,63.21884536743164,21.875946044921875,47.946136474609375,211.53402709960938,8.921303749084473,0.3638458251953125,0.0225067138671875,0.0038604736328125,0.00274658203125,0.03411865234375,0.216552734375,0.2286376953125,0.1277313232421875,1.0648773528138429,0.8374618751865767,0.5655617159929683,0.9793768551999298
1.0,0.99609375,0.0,1.0,1.0,0.7915702273958504,3.1846979912279836,0.0,0.0,0.0,0.0,0.0,0.0,101.49464416503906,52.71992492675781,18.116119384765625,34.535491943359375,209.98744201660156,6.638856410980225,0.2517242431640625,0.0064239501953125,0.0011749267578125,0.001220703125,0.04302978515625,0.4164886474609375,0.22528076171875,0.054656982421875,0.6128778334140031,0.8637376362121196,0.43077949372150837,0.9745670876656622
1.0,0.99609375,0.0,1.0,1.0,0.7915702273958504,3.1846979912279836,0.0,0.0,0.0,0.0,0.0,0.0,102.61672973632812,60.31391906738281,14.008285522460938,29.917999267578125,205.26644897460938,5.173151016235352,0.28533935546875,0.0107879638671875,0.00189208984375,0.001129150390625,0.0197906494140625,0.225006103515625,0.3245697021484375,0.1314849853515625,0.5878098307621105,0.8623533393413385,0.3664583891604899,0.9564489971624184
1.0,0.99609375,0.0,1.0,1.0,0.7915702273958504,3.1846979912279836,0.0,0.0,0.0,0.0,0.0,0.0,72.71928405761719,69.75505828857422,20.62188720703125,41.85208511352539,206.28042602539062,5.956910133361816,0.5315704345703125,0.0301361083984375,0.00335693359375,0.001678466796875,0.008819580078125,0.05615234375,0.1774444580078125,0.1908416748046875,0.5859790673725473,0.8471615519019488,0.42245430536527284,0.9795027513901605
1.0,0.99609375,0.0,1.0,1.0,0.7915702273958504,3.1846979912279836,0.0,0.0,0.0,0.0,0.0,0.0,77.72512817382812,67.03752899169922,20.207672119140625,43.33644485473633,209.41232299804688,7.269312381744385,0.4604339599609375,0.0375518798828125,0.007904052734375,0.004302978515625,0.02667236328125,0.1176300048828125,0.1835479736328125,0.161956787109375,0.7141214460788639,0.8575552006526168,0.501546773194932,0.9805584331014636
1.0,0.99609375,0.0,1.0,1.0,0.7915702273958504,3.1846979912279836,0.0,0.0,0.0,0.0,0.0,0.0,56.57710266113281,66.26538848876953,19.5885009765625,42.15077590942383,208.1228790283203,8.302197456359863,0.6265869140625,0.0591583251953125,0.0054473876953125,0.002471923828125,0.00762939453125,0.030517578125,0.0919647216796875,0.1762237548828125,0.8422018906978667,0.840230039447207,0.49611880244351403,0.9790240555766511
1.0,0.99609375,0.0,1.0,1.0,0.7915702273958504,3.1846979912279836,0.0,0.0,0.0,0.0,0.0,0.0,58.05747985839844,68.02732849121094,23.622085571289062,45.07160949707031,204.25131225585938,7.631160259246826,0.6472015380859375,0.03350830078125,0.0026702880859375,0.0009613037109375,0.00433349609375,0.02105712890625,0.0977325439453125,0.192535400390625,0.7037636895909953,0.844615832920365,0.39084695165712824,0.9818421336880359
1.0,0.99609375,0.0,1.0,1.0,0.7915702273958504,3.1846979912279836,0.0,0.0,0.0,0.0,0.0,0.0,89.38754272460938,70.53762817382812,16.168685913085938,29.023527145385742,201.1676483154297,5.414391040802002,0.4352569580078125,0.0116119384765625,0.0013275146484375,0.000518798828125,0.0060882568359375,0.059417724609375,0.2524871826171875,0.2332916259765625,0.7557713542399418,0.8767264278387821,0.3700138099593706,0.9446163660337661
1.0,0.99609375,0.0,1.0,1.0,0.7915702273958504,3.1846979912279836,0.0,0.0,0.0,0.0,0.0,0.0,106.0645751953125,42.96547317504883,13.55615234375,27.92420768737793,214.38250732421875,3.894461154937744,0.1634521484375,0.011810302734375,0.00238037109375,0.002227783203125,0.1005859375,0.5514984130859375,0.1431121826171875,0.024932861328125,0.39615475021800994,0.8647109028561621,0.6032104571337096,0.9618792148838589
1.0,0.99609375,0.0,1.0,1.0,0.7915702273958504,3.1846979912279836,0.0,0.0,0.0,0.0,0.0,0.0,101.38494873046875,52.713104248046875,19.547561645507812,41.75193405151367,210.64012145996094,7.409367561340332,0.2420501708984375,0.0093841552734375,0.0025787353515625,0.0020904541015625,0.0591583251953125,0.401123046875,0.2231292724609375,0.06048583984375,0.9272881966174134,0.8293709801575633,0.44129055682320384,0.9745450787348966
1.0,0.99609375,0.0,1.0,1.0,0.7915702273958504,3.1846979912279836,0.0,0.0,0.0,0.0,0.0,0.0,94.68109130859375,52.80348205566406,23.867919921875,43.07588195800781,209.87110900878906,9.202624320983887,0.29095458984375,0.006805419921875,0.001007080078125,0.0005340576171875,0.057525634765625,0.461212158203125,0.142486572265625,0.0394744873046875,1.166352523359521,0.8402161389664228,0.3979653941818364,0.9719702444373406
1.0,0.99609375,0.0,1.0,1.0,0.7915702273958504,3.1846979912279836,0.0,0.0,0.0,0.0,0.0,0.0,110.86769104003906,38.359283447265625,16.05419921875,33.1588134765625,207.72531127929688,6.149138450622559,0.13116455078125,0.00244140625,0.0003814697265625,0.0002593994140625,0.06280517578125,0.6801605224609375,0.1093902587890625,0.013397216796875,0.715544426543364,0.8591410271245434,0.4149425219767514,0.9665691018595216
1.0,0.99609375,0.0,1.0,1.0,0.7915702273958504,3.1846979912279836,0.0,0.0,0.0,0.0,0.0,0.0,118.259765625,37.468257904052734,16.689788818359375,37.9010009765625,198.79168701171875,8.693276405334473,0.10687255859375,0.000335693359375,0.0001220703125,0.0001068115234375,0.023101806640625,0.620208740234375,0.22760009765625,0.0216522216796875,1.1122422760584412,0.8458732148575541,0.40837844153781866,0.9689817195228985
1.0,0.99609375,0.0,1.0,1.0,0.7915702273958504,3.1846979912279836,0.0,0.0,0.0,0.0,0.0,0.0,98.70701599121094,59.13175964355469,14.728042602539062,28.627206802368164,209.48114013671875,3.325705051422119,0.2784423828125,0.0400238037109375,0.0035400390625,0.0019989013671875,0.0326080322265625,0.2331695556640625,0.304718017578125,0.105499267578125,0.327677480702822,0.8658831572689762,0.4637586893963367,0.9595247445720781
1.0,0.99609375,0.0,1.0,1.0,0.7915702273958504,3.1846979912279836,0.0,0.0,0.0,0.0,0.0,0.0,100.802978515625,55.31894302368164,12.14532470703125,28.9813289642334,210.83224487304688,4.789450645446777,0.2465362548828125,0.017608642578125,0.0051422119140625,0.0051116943359375,0.065582275390625,0.32098388671875,0.2530975341796875,0.0859375,0.5240793273839687,0.8589618686302589,0.6003897105967333,0.9631637324071185
1.0,0.99609375,0.0,1.0,1.0,0.7915702273958504,3.1846979912279836,0.0,0.0,0.0,0.0,0.0,0.0,103.07868957519531,60.6195182800293,12.262710571289062,30.930917739868164,203.12255859375,5.066431045532227,0.2646484375,0.019134521484375,0.0063934326171875,0.0046844482421875,0.037933349609375,0.202728271484375,0.299652099609375,0.164825439453125,0.4951631282549568,0.8977054898077781,0.5717574949996953,0.9728114410621154
1.0,0.99609375,0.0,1.0,1.0,0.7915702273958504,3.1846979912279836,0.0,0.0,0.0,0.0,0.0,0.0,109.990234375,55.53974151611328,12.502227783203125,28.585630416870117,201.71783447265625,4.036046981811523,0.218017578125,0.0127716064453125,0.00286865234375,0.002105712890625,0.0301971435546875,0.2416534423828125,0.359100341796875,0.1332855224609375,0.42120874433771227,0.8654591143777104,0.4780496954316125,0.9650070732717502
1.0,0.99609375,0.0,1.0,1.0,0.7915702273958504,3.1846979912279836,0.0,0.0,0.0,0.0,0.0,0.0,117.17108154296875,49.05013656616211,13.393951416015625,24.93658447265625,190.83273315429688,4.337335109710693,0.1741790771484375,0.002532958984375,0.000244140625,0.00030517578125,0.0120086669921875,0.286865234375,0.449432373046875,0.074432373046875,0.326248136420657,0.8819541270298044,0.40357570660328246,0.9628390757077153
1.0,0.99609375,0.0,1.0,1.0,0.7915702273958504,3.1846979912279836,0.0,0.0,0.0,0.0,0.0,0.0,110.03871154785156,45.950767517089844,9.340927124023438,22.427135467529297,217.71804809570312,2.9801440238952637,0.1563568115234375,0.0135955810546875,0.0037078857421875,0.0031280517578125,0.0731048583984375,0.4421234130859375,0.250946044921875,0.057037353515625,0.3473559095348069,0.8972162001452078,0.6200118517229656,0.9487676608598795
1.0,0.99609375,0.0,1.0,1.0,0.7915702273958504,3.1846979912279836,0.0,0.0,0.0,0.0,0.0,0.0,105.81672668457031,54.92902755737305,13.24560546875,33.3812141418457,214.4300079345703,6.148215293884277,0.22613525390625,0.0131378173828125,0.0035552978515625,0.0024871826171875,0.0438690185546875,0.3096923828125,0.29791259765625,0.10321044921875,0.9302683239991882,0.8494234471694453,0.5111100123399666,0.9621428965188492
1.0,0.99609375,0.0,1.0,1.0,0.7915702273958504,3.1846979912279836,0.0,0.0,0.0,0.0,0.0,0.0,116.86051940917969,39.818115234375,10.86614990234375,26.862022399902344,211.7297821044922,4.63037109375,0.11383056640625,0.0041656494140625,0.0015411376953125,0.0011444091796875,0.0485992431640625,0.5100555419921875,0.2801666259765625,0.040496826171875,0.5619014389922978,0.876814873279841,0.4963344943472772,0.9595012326683834
1.0,0.99609375,0.0,1.0,1.0,0.7915702273958504,3.1846979912279836,0.0,0.0,0.0,0.0,0.0,0.0,100.89944458007812,58.642433166503906,16.413955688476562,33.15074157714844,205.08566284179688,5.985388278961182,0.2857666015625,0.0110931396484375,0.0016937255859375,0.0012054443359375,0.0267333984375,0.2715606689453125,0.29974365234375,0.102203369140625,0.6829781232014323,0.8508312981126936,0.3398104805564478,0.9613583791025471
1.0,0.99609375,0.0,1.0,1.0,0.7915702273958504,3.1846979912279836,0.0,0.0,0.0,0.0,0.0,0.0,124.3970947265625,43.500877380371094,9.861007690429688,27.40916633605957,207.5987091064453,6.130148887634277,0.1110687255859375,0.003143310546875,0.0010223388671875,0.0011444091796875,0.02264404296875,0.2821197509765625,0.472137451171875,0.106719970703125,0.9503105187837304,0.8578609026342914,0.529577517275311,0.9515109547448044
1.0,0.99609375,0.0,1.0,1.0,0.7915702273958504,3.1846979912279836,0.0,0.0,0.0,0.0,0.0,0.0,87.00514221191406,69.80685424804688,8.111831665039062,17.91004753112793,212.03465270996094,3.1928720474243164,0.393096923828125,0.0601959228515625,0.0073699951171875,0.0030517578125,0.0123291015625,0.0737152099609375,0.2146148681640625,0.235626220703125,0.29252707820301316,0.889795564666036,0.5247478043121243,0.938960629009663
1.0,0.99609375,0.0,1.0,1.0,0.7915702273958504,3.1846979912279836,0.0,0.0,0.0,0.0,0.0,0.0,98.62861633300781,61.70383834838867,8.01788330078125,21.42245101928711,214.64366149902344,3.4990527629852295,0.283203125,0.0307464599609375,0.007720947265625,0.0045623779296875,0.04022216796875,0.205169677734375,0.2761688232421875,0.1522064208984375,0.3616136214627935,0.900137343310365,0.7468651191600386,0.9517408223731367
1.0,0.99609375,0.0,1.0,1.0,0.7915702273958504,3.1846979912279836,0.0,0.0,0.0,0.0,0.0,0.0,95.8084716796875,68.40149688720703,9.835098266601562,28.449806213378906,210.94017028808594,4.3672895431518555,0.3368682861328125,0.041259765625,0.007568359375,0.0039215087890625,0.01708984375,0.100128173828125,0.2408447265625,0.2523193359375,0.6717066286445554,0.8616653863159127,0.5521242428965724,0.955534703684281
1.0,0.99609375,0.0,1.0,1.0,0.7915702273958504,3.1846979912279836,0.0,0.0,0.0,0.0,0.0,0.0,105.90541076660156,66.72063446044922,9.727096557617188,25.209003448486328,207.97030639648438,3.4647936820983887,0.2950286865234375,0.0218963623046875,0.003173828125,0.001373291015625,0.010345458984375,0.08514404296875,0.3045806884765625,0.2784576416015625,0.40363234454831715,0.8875042159590909,0.5330965933308744,0.9555535680834443
1.0,0.99609375,0.0,1.0,1.0,0.7915702273958504,3.1846979912279836,0.0,0.0,0.0,0.0,0.0,0.0,120.80560302734375,53.82383728027344,9.701934814453125,20.596668243408203,203.0009307861328,3.8207814693450928,0.179473876953125,0.0054168701171875,0.0012054443359375,0.0007476806640625,0.01068115234375,0.1466827392578125,0.46881103515625,0.186981201171875,0.3568297331708954,0.88996099021734,0.490648897342728,0.9504860607379932
1.0,0.99609375,0.0,1.0,1.0,0.7915702273958504,3.1846979912279836,0.0,0.0,0.0,0.0,0.0,0.0,89.69584655761719,63.736392974853516,18.302322387695312,32.94381332397461,228.4933319091797,8.977706909179688,0.3931427001953125,0.0057830810546875,0.0001068115234375,6.103515625e-05,0.0137939453125,0.2459564208984375,0.1578216552734375,0.1833343505859375,1.0091831760821681,0.8766491122601043,0.42042523720861735,0.9688412190881707
1.0,0.99609375,0.0,1.0,1.0,0.7915702273958504,3.1846979912279836,0.0,0.0,0.0,0.0,0.0,0.0,78.52313232421875,69.4137954711914,17.916290283203125,30.435575485229492,230.76898193359375,4.599254608154297,0.5176544189453125,0.015777587890625,0.0002288818359375,0.000152587890625,0.00384521484375,0.062255859375,0.154693603515625,0.245391845703125,0.4580423255005537,0.8774397469521578,0.43775117465615965,0.9701529298879756
1.0,0.99609375,0.0,1.0,1.0,0.7915702273958504,3.1846979912279836,0.0,0.0,0.0,0.0,0.0,0.0,103.84126281738281,56.715599060058594,11.801437377929688,22.603918075561523,229.53903198242188,3.6938259601593018,0.2725067138671875,0.0043182373046875,9.1552734375e-05,3.0517578125e-05,0.0074310302734375,0.2698822021484375,0.334320068359375,0.111419677734375,0.30747957866513653,0.8991018431386657,0.46908561863068154,0.9639276148348237
1.0,0.99609375,0.0,1.0,1.0,0.7915702273958504,3.1846979912279836,0.0,0.0,0.0,0.0,0.0,0.0,116.54084777832031,55.88102340698242,16.89776611328125,35.54391860961914,217.33534240722656,18.314353942871094,0.218719482421875,0.00201416015625,0.0,0.0,0.0012969970703125,0.092742919921875,0.5223846435546875,0.162841796875,2.3182315723940725,0.8203039838290633,0.36848050653604103,0.971197683545664
1.0,0.99609375,0.0,1.0,1.0,0.7915702273958504,3.1846979912279836,0.0,0.0,0.0,0.0,0.0,0.0,74.12251281738281,66.74456787109375,25.280105590820312,47.281517028808594,209.18063354492188,7.379033088684082,0.5006866455078125,0.03277587890625,0.004852294921875,0.0031280517578125,0.018524169921875,0.104156494140625,0.189849853515625,0.146026611328125,0.9836056122396245,0.8268784036786826,0.4118621724262567,0.9757969602060752
1.0,0.99609375,0.0,1.0,1.0,0.7915702273958504,3.1846979912279836,0.0,0.0,0.0,0.0,0.0,0.0,77.63897705078125,74.42422485351562,18.67669677734375,32.99478530883789,222.0073699951172,11.855975151062012,0.5546722412109375,0.0074615478515625,0.000274658203125,4.57763671875e-05,0.0004119873046875,0.0089874267578125,0.091796875,0.3363494873046875,1.7784005461984749,0.8506312988892349,0.3829435774747517,0.9565466279112185
1.0,0.99609375,0.0,1.0,1.0,0.7915702273958504,3.1846979912279836,0.0,0.0,0.0,0.0,0.0,0.0,85.11930847167969,74.19615173339844,36.09669494628906,65.6785659790039,214.31874084472656,25.459270477294922,0.4823455810546875,0.0021209716796875,0.0002288818359375,7.62939453125e-05,0.0019683837890625,0.0517120361328125,0.1280517578125,0.33349609375,4.567089214474957,0.7934822508720075,0.36580448902425,0.9791549522367251
1.0,0.99609375,0.0,1.0,1.0,0.7915702273958504,3.1846979912279836,0.0,0.0,0.0,0.0,0.0,0.0,60.91217041015625,73.13421630859375,39.1741943359375,71.48356628417969,211.2257537841797,27.219608306884766,0.6618804931640625,0.006591796875,0.00018310546875,0.0001068115234375,0.0004119873046875,0.0043182373046875,0.0340118408203125,0.2924957275390625,4.315991363512561,0.8008582820683146,0.3915965166827966,0.9823317305574808
1.0,0.99609375,0.0,1.0,1.0,0.7915702273958504,3.1846979912279836,0.0,0.0,0.0,0.0,0.0,0.0,56.35102844238281,70.89569854736328,19.018264770507812,37.68781661987305,223.72210693359375,3.9267101287841797,0.69866943359375,0.0049896240234375,0.0001068115234375,0.0,3.0517578125e-05,0.0025787353515625,0.0341033935546875,0.259521484375,0.3501872970677096,0.8925346558992504,0.5347250419374799,0.9805574261520769
1.0,0.99609375,0.0,1.0,1.0,0.7915702273958504,3.1846979912279836,0.0,0.0,0.0,0.0,0.0,0.0,118.08177185058594,62.04512023925781,11.227066040039062,21.596567153930664,221.87168884277344,2.775444984436035,0.2509918212890625,0.0008544921875,1.52587890625e-05,1.52587890625e-05,0.000701904296875,0.023590087890625,0.3970947265625,0.3267364501953125,0.4005837615232976,0.8889645886002997,0.5229873927020912,0.9318289109480611
1.0,0.99609375,0.0,1.0,1.0,0.7915702273958504,3.1846979912279836,0.0,0.0,0.0,0.0,0.0,0.0,106.63821411132812,59.65294647216797,14.577285766601562,28.17487335205078,234.6002655029297,7.487232208251953,0.27777099609375,0.00372314453125,0.000213623046875,9.1552734375e-05,0.0071258544921875,0.192901611328125,0.3160552978515625,0.202117919921875,0.5378503381144426,0.8521167422756795,0.5357221292744632,0.979493539147782
1.0,0.99609375,0.0,1.0,1.0,0.7915702273958504,3.1846979912279836,0.0,0.0,0.0,0.0,0.0,0.0,88.63645935058594,67.60652160644531,13.34442138671875,24.13091468811035,236.00160217285156,3.6398510932922363,0.4305572509765625,0.0072479248046875,0.000152587890625,9.1552734375e-05,0.00390625,0.10650634765625,0.236785888671875,0.214752197265625,0.5468689210360863,0.8606980983585559,0.44162484694196363,0.9462794607107233
1.0,0.99609375,0.0,1.0,1.0,0.7915702273958504,3.1846979912279836,0.0,0.0,0.0,0.0,0.0,0.0,110.03279113769531,54.774208068847656,9.945785522460938,19.14026641845703,234.112060546875,3.140126943588257,0.2342681884765625,0.002899169921875,0.000152587890625,4.57763671875e-05,0.003936767578125,0.2520294189453125,0.387542724609375,0.1191253662109375,0.3268486536346076,0.8927922201352996,0.5311188189040154,0.9457522845464423
1.0,0.99609375,0.0,1.0,1.0,0.7915702273958504,3.1846979912279836,0.0,0.0,0.0,0.0,0.0,0.0,117.49996948242188,56.973323822021484,15.130630493164062,30.611745834350586,224.43399047851562,19.183807373046875,0.221405029296875,0.000518798828125,1.52587890625e-05,1.52587890625e-05,0.0009918212890625,0.0700836181640625,0.5431060791015625,0.1638641357421875,0.9656747062040328,0.8703479869535398,0.44131181087413857,0.9881159575690337
1.0,0.99609375,0.0,1.0,1.0,0.7915702273958504,3.1846979912279836,0.0,0.0,0.0,0.0,0.0,0.0,100.50234985351562,71.53443908691406,14.696426391601562,27.122346878051758,231.46266174316406,6.721241474151611,0.3901214599609375,0.00457763671875,0.0001220703125,7.62939453125e-05,0.0009307861328125,0.020355224609375,0.1934661865234375,0.390350341796875,0.36376441220009803,0.8805864702339159,0.52156669091122,0.982504278330544
1.0,0.99609375,0.0,1.0,1.0,0.7915702273958504,3.1846979912279836,0.0,0.0,0.0,0.0,0.0,0.0,74.97567749023438,64.660888671875,17.388641357421875,35.56849670410156,209.22073364257812,6.447060585021973,0.469482421875,0.036895751953125,0.0073089599609375,0.0048065185546875,0.0346832275390625,0.149871826171875,0.17437744140625,0.1225738525390625,1.0653380466426448,0.8495962374840824,0.444076408818764,0.9561000284283685
1.0,0.99609375,0.0,1.0,1.0,0.7915702273958504,3.1846979912279836,0.0,0.0,0.0,0.0,0.0,0.0,100.94758605957031,69.87068176269531,28.991561889648438,57.78639602661133,224.55862426757812,22.341129302978516,0.3637542724609375,0.0030975341796875,0.0002899169921875,6.103515625e-05,0.0028839111328125,0.0493621826171875,0.2491455078125,0.3314056396484375,4.65554996167591,0.7960932435434236,0.5196014661244824,0.9730025371467961
1.0,0.99609375,0.0,1.0,1.0,0.7915702273958504,3.1846979912279836,0.0,0.0,0.0,0.0,0.0,0.0,79.552978515625,76.08280181884766,29.57965087890625,59.21341323852539,219.27655029296875,27.92407989501953,0.5276947021484375,0.0034027099609375,0.0001373291015625,4.57763671875e-05,0.0003814697265625,0.0115966796875,0.1221160888671875,0.334625244140625,3.977337062414701,0.8229403678995623,0.5323042875499382,0.9831338467271405
1.0,0.99609375,0.0,1.0,1.0,0.7915702273958504,3.1846979912279836,0.0,0.0,0.0,0.0,0.0,0.0,68.51582336425781,75.17255401611328,15.309829711914062,31.889863967895508,231.20648193359375,3.628340482711792,0.6168060302734375,0.0048675537109375,3.0517578125e-05,0.0,0.0001068115234375,0.002777099609375,0.060638427734375,0.3147735595703125,0.46238529631664044,0.8988687511682699,0.6826884687408603,0.9670911670509454
1.0,0.99609375,0.0,1.0,1.0,0.7915702273958504,3.1846979912279836,0.0,0.0,0.0,0.0,0.0,0.0,118.06410217285156,65.32476806640625,9.537155151367188,16.522960662841797,229.2653045654297,2.6568706035614014,0.2673492431640625,0.0003814697265625,3.0517578125e-05,0.0,0.000213623046875,0.0164337158203125,0.366851806640625,0.3487396240234375,0.32407474472511755,0.9152119908795656,0.5206465005430067,0.9173289426397817
1.0,0.99609375,0.0,1.0,1.0,0.7915702273958504,3.1846979912279836,0.0,0.0,0.0,0.0,0.0,0.0,61.24726867675781,66.1698226928711,22.898788452148438,46.677391052246094,201.4035186767578,9.625773429870605,0.5888214111328125,0.050201416015625,0.0059356689453125,0.0033416748046875,0.013916015625,0.0600433349609375,0.1214599609375,0.156280517578125,0.9253279924099477,0.8288989459134991,0.41747811229369647,0.9814004721143188
1.0,0.99609375,0.0,1.0,1.0,0.7915702273958504,3.1846979912279836,0.0,0.0,0.0,0.0,0.0,0.0,64.37748718261719,67.48299407958984,21.781524658203125,38.990264892578125,200.65353393554688,7.114070892333984,0.589202880859375,0.0341339111328125,0.00299072265625,0.0013885498046875,0.00897216796875,0.0531005859375,0.1476287841796875,0.1625823974609375,0.5013011864356982,0.8601915314385902,0.34820933575453084,0.9818952258647136
1.0,0.99609375,0.0,1.0,1.0,0.7915702273958504,3.1846979912279836,0.0,0.0,0.0,0.0,0.0,0.0,88.51020812988281,66.20036315917969,24.276351928710938,40.61172103881836,192.99041748046875,6.79378080368042,0.421661376953125,0.0094146728515625,0.0009307861328125,0.00054931640625,0.0096893310546875,0.124755859375,0.2883453369140625,0.1446533203125,0.7298629125602821,0.856706687493769,0.29070249726066055,0.9685607501939036
1.0,0.99609375,0.0,1.0,1.0,0.7915702273958504,3.1846979912279836,0.0,0.0,0.0,0.0,0.0,0.0,66.871826171875,63.21284866333008,35.966552734375,53.14258575439453,211.9186553955078,9.295159339904785,0.5610198974609375,0.0164794921875,0.00189208984375,0.0010833740234375,0.0208282470703125,0.1586761474609375,0.141876220703125,0.09814453125,1.389652821282072,0.8302256539517365,0.36258388483702836,0.975245299900515
1.0,0.99609375,0.0,1.0,1.0,0.7915702273958504,3.1846979912279836,0.0,0.0,0.0,0.0,0.0,0.0,57.226837158203125,60.1270751953125,53.134063720703125,66.81904602050781,208.45703125,12.619925498962402,0.6417388916015625,0.0149078369140625,0.0019683837890625,0.0013580322265625,0.019378662109375,0.1258087158203125,0.1165924072265625,0.0782470703125,1.835280092151939,0.7777978692977492,0.27594009409862835,0.9811576989017672
1.0,0.99609375,0.0,1.0,1.0,0.7915702273958504,3.1846979912279836,0.0,0.0,0.0,0.0,0.0,0.0,91.25216674804688,59.496280670166016,21.545852661132812,43.583763122558594,213.57809448242188,8.671154022216797,0.3364410400390625,0.01617431640625,0.003173828125,0.002288818359375,0.0483551025390625,0.2993011474609375,0.2034912109375,0.0907745361328125,1.1543855343893752,0.8303404709206592,0.4271808096929399,0.9736024406670579
1.0,0.99609375,0.0,1.0,1.0,0.7915702273958504,3.1846979912279836,0.0,0.0,0.0,0.0,0.0,0.0,89.697998046875,63.21884536743164,21.875946044921875,47.946136474609375,211.53402709960938,8.921303749084473,0.3638458251953125,0.0225067138671875,0.0038604736328125,0.00274658203125,0.03411865234375,0.216552734375,0.2286376953125,0.1277313232421875,1.0648773528138429,0.8374618751865767,0.5655617159929683,0.9793768551999298
1.0,0.99609375,0.0,1.0,1.0,0.7915702273958504,3.1846979912279836,0.0,0.0,0.0,0.0,0.0,0.0,101.49464416503906,52.71992492675781,18.116119384765625,34.535491943359375,209.98744201660156,6.638856410980225,0.2517242431640625,0.0064239501953125,0.0011749267578125,0.001220703125,0.04302978515625,0.4164886474609375,0.22528076171875,0.054656982421875,0.6128778334140031,0.8637376362121196,0.43077949372150837,0.9745670876656622
1.0,0.99609375,0.0,1.0,1.0,0.7915702273958504,3.1846979912279836,0.0,0.0,0.0,0.0,0.0,0.0,102.61672973632812,60.31391906738281,14.008285522460938,29.917999267578125,205.26644897460938,5.173151016235352,0.28533935546875,0.0107879638671875,0.00189208984375,0.001129150390625,0.0197906494140625,0.225006103515625,0.3245697021484375,0.1314849853515625,0.5878098307621105,0.8623533393413385,0.3664583891604899,0.9564489971624184
1.0,0.99609375,0.0,1.0,1.0,0.7915702273958504,3.1846979912279836,0.0,0.0,0.0,0.0,0.0,0.0,72.71928405761719,69.75505828857422,20.62188720703125,41.85208511352539,206.28042602539062,5.956910133361816,0.5315704345703125,0.0301361083984375,0.00335693359375,0.001678466796875,0.008819580078125,0.05615234375,0.1774444580078125,0.1908416748046875,0.5859790673725473,0.8471615519019488,0.42245430536527284,0.9795027513901605
1.0,0.99609375,0.0,1.0,1.0,0.7915702273958504,3.1846979912279836,0.0,0.0,0.0,0.0,0.0,0.0,77.72512817382812,67.03752899169922,20.207672119140625,43.33644485473633,209.41232299804688,7.269312381744385,0.4604339599609375,0.0375518798828125,0.007904052734375,0.004302978515625,0.02667236328125,0.1176300048828125,0.1835479736328125,0.161956787109375,0.7141214460788639,0.8575552006526168,0.501546773194932,0.9805584331014636
1.0,0.99609375,0.0,1.0,1.0,0.7915702273958504,3.1846979912279836,0.0,0.0,0.0,0.0,0.0,0.0,56.57710266113281,66.26538848876953,19.5885009765625,42.15077590942383,208.1228790283203,8.302197456359863,0.6265869140625,0.0591583251953125,0.0054473876953125,0.002471923828125,0.00762939453125,0.030517578125,0.0919647216796875,0.1762237548828125,0.8422018906978667,0.840230039447207,0.49611880244351403,0.9790240555766511
1.0,0.99609375,0.0,1.0,1.0,0.7915702273958504,3.1846979912279836,0.0,0.0,0.0,0.0,0.0,0.0,58.05747985839844,68.02732849121094,23.622085571289062,45.07160949707031,204.25131225585938,7.631160259246826,0.6472015380859375,0.03350830078125,0.0026702880859375,0.0009613037109375,0.00433349609375,0.02105712890625,0.0977325439453125,0.192535400390625,0.7037636895909953,0.844615832920365,0.39084695165712824,0.9818421336880359
1.0,0.99609375,0.0,1.0,1.0,0.7915702273958504,3.1846979912279836,0.0,0.0,0.0,0.0,0.0,0.0,89.38754272460938,70.53762817382812,16.168685913085938,29.023527145385742,201.1676483154297,5.414391040802002,0.4352569580078125,0.0116119384765625,0.0013275146484375,0.000518798828125,0.0060882568359375,0.059417724609375,0.2524871826171875,0.2332916259765625,0.7557713542399418,0.8767264278387821,0.3700138099593706,0.9446163660337661
1.0,0.99609375,0.0,1.0,1.0,0.7915702273958504,3.1846979912279836,0.0,0.0,0.0,0.0,0.0,0.0,106.0645751953125,42.96547317504883,13.55615234375,27.92420768737793,214.38250732421875,3.894461154937744,0.1634521484375,0.011810302734375,0.00238037109375,0.002227783203125,0.1005859375,0.5514984130859375,0.1431121826171875,0.024932861328125,0.39615475021800994,0.8647109028561621,0.6032104571337096,0.9618792148838589
1.0,0.99609375,0.0,1.0,1.0,0.7915702273958504,3.1846979912279836,0.0,0.0,0.0,0.0,0.0,0.0,101.38494873046875,52.713104248046875,19.547561645507812,41.75193405151367,210.64012145996094,7.409367561340332,0.2420501708984375,0.0093841552734375,0.0025787353515625,0.0020904541015625,0.0591583251953125,0.401123046875,0.2231292724609375,0.06048583984375,0.9272881966174134,0.8293709801575633,0.44129055682320384,0.9745450787348966
1.0,0.99609375,0.0,1.0,1.0,0.7915702273958504,3.1846979912279836,0.0,0.0,0.0,0.0,0.0,0.0,94.68109130859375,52.80348205566406,23.867919921875,43.07588195800781,209.87110900878906,9.202624320983887,0.29095458984375,0.006805419921875,0.001007080078125,0.0005340576171875,0.057525634765625,0.461212158203125,0.142486572265625,0.0394744873046875,1.166352523359521,0.8402161389664228,0.3979653941818364,0.9719702444373406
1.0,0.99609375,0.0,1.0,1.0,0.7915702273958504,3.1846979912279836,0.0,0.0,0.0,0.0,0.0,0.0,110.86769104003906,38.359283447265625,16.05419921875,33.1588134765625,207.72531127929688,6.149138450622559,0.13116455078125,0.00244140625,0.0003814697265625,0.0002593994140625,0.06280517578125,0.6801605224609375,0.1093902587890625,0.013397216796875,0.715544426543364,0.8591410271245434,0.4149425219767514,0.9665691018595216
1.0,0.99609375,0.0,1.0,1.0,0.7915702273958504,3.1846979912279836,0.0,0.0,0.0,0.0,0.0,0.0,118.259765625,37.468257904052734,16.689788818359375,37.9010009765625,198.79168701171875,8.693276405334473,0.10687255859375,0.000335693359375,0.0001220703125,0.0001068115234375,0.023101806640625,0.620208740234375,0.22760009765625,0.0216522216796875,1.1122422760584412,0.8458732148575541,0.40837844153781866,0.9689817195228985
1.0,0.99609375,0.0,1.0,1.0,0.7915702273958504,3.1846979912279836,0.0,0.0,0.0,0.0,0.0,0.0,98.70701599121094,59.13175964355469,14.728042602539062,28.627206802368164,209.48114013671875,3.325705051422119,0.2784423828125,0.0400238037109375,0.0035400390625,0.0019989013671875,0.0326080322265625,0.2331695556640625,0.304718017578125,0.105499267578125,0.327677480702822,0.8658831572689762,0.4637586893963367,0.9595247445720781
1.0,0.99609375,0.0,1.0,1.0,0.7915702273958504,3.1846979912279836,0.0,0.0,0.0,0.0,0.0,0.0,100.802978515625,55.31894302368164,12.14532470703125,28.9813289642334,210.83224487304688,4.789450645446777,0.2465362548828125,0.017608642578125,0.0051422119140625,0.0051116943359375,0.065582275390625,0.32098388671875,0.2530975341796875,0.0859375,0.5240793273839687,0.8589618686302589,0.6003897105967333,0.9631637324071185
1.0,0.99609375,0.0,1.0,1.0,0.7915702273958504,3.1846979912279836,0.0,0.0,0.0,0.0,0.0,0.0,103.07868957519531,60.6195182800293,12.262710571289062,30.930917739868164,203.12255859375,5.066431045532227,0.2646484375,0.019134521484375,0.0063934326171875,0.0046844482421875,0.037933349609375,0.202728271484375,0.299652099609375,0.164825439453125,0.4951631282549568,0.8977054898077781,0.5717574949996953,0.9728114410621154
1.0,0.99609375,0.0,1.0,1.0,0.7915702273958504,3.1846979912279836,0.0,0.0,0.0,0.0,0.0,0.0,109.990234375,55.53974151611328,12.502227783203125,28.585630416870117,201.71783447265625,4.036046981811523,0.218017578125,0.0127716064453125,0.00286865234375,0.002105712890625,0.0301971435546875,0.2416534423828125,0.359100341796875,0.1332855224609375,0.42120874433771227,0.8654591143777104,0.4780496954316125,0.9650070732717502
1.0,0.99609375,0.0,1.0,1.0,0.7915702273958504,3.1846979912279836,0.0,0.0,0.0,0.0,0.0,0.0,117.17108154296875,49.05013656616211,13.393951416015625,24.93658447265625,190.83273315429688,4.337335109710693,0.1741790771484375,0.002532958984375,0.000244140625,0.00030517578125,0.0120086669921875,0.286865234375,0.449432373046875,0.074432373046875,0.326248136420657,0.8819541270298044,0.40357570660328246,0.9628390757077153
1.0,0.99609375,0.0,1.0,1.0,0.7915702273958504,3.1846979912279836,0.0,0.0,0.0,0.0,0.0,0.0,110.03871154785156,45.950767517089844,9.340927124023438,22.427135467529297,217.71804809570312,2.9801440238952637,0.1563568115234375,0.0135955810546875,0.0037078857421875,0.0031280517578125,0.0731048583984375,0.4421234130859375,0.250946044921875,0.057037353515625,0.3473559095348069,0.8972162001452078,0.6200118517229656,0.9487676608598795
1.0,0.99609375,0.0,1.0,1.0,0.7915702273958504,3.1846979912279836,0.0,0.0,0.0,0.0,0.0,0.0,105.81672668457031,54.92902755737305,13.24560546875,33.3812141418457,214.4300079345703,6.148215293884277,0.22613525390625,0.0131378173828125,0.0035552978515625,0.0024871826171875,0.0438690185546875,0.3096923828125,0.29791259765625,0.10321044921875,0.9302683239991882,0.8494234471694453,0.5111100123399666,0.9621428965188492
1.0,0.99609375,0.0,1.0,1.0,0.7915702273958504,3.1846979912279836,0.0,0.0,0.0,0.0,0.0,0.0,116.86051940917969,39.818115234375,10.86614990234375,26.862022399902344,211.7297821044922,4.63037109375,0.11383056640625,0.0041656494140625,0.0015411376953125,0.0011444091796875,0.0485992431640625,0.5100555419921875,0.2801666259765625,0.040496826171875,0.5619014389922978,0.876814873279841,0.4963344943472772,0.9595012326683834
1.0,0.99609375,0.0,1.0,1.0,0.7915702273958504,3.1846979912279836,0.0,0.0,0.0,0.0,0.0,0.0,100.89944458007812,58.642433166503906,16.413955688476562,33.15074157714844,205.08566284179688,5.985388278961182,0.2857666015625,0.0110931396484375,0.0016937255859375,0.0012054443359375,0.0267333984375,0.2715606689453125,0.29974365234375,0.102203369140625,0.6829781232014323,0.8508312981126936,0.3398104805564478,0.9613583791025471
1.0,0.99609375,0.0,1.0,1.0,0.7915702273958504,3.1846979912279836,0.0,0.0,0.0,0.0,0.0,0.0,124.3970947265625,43.500877380371094,9.861007690429688,27.40916633605957,207.5987091064453,6.130148887634277,0.1110687255859375,0.003143310546875,0.0010223388671875,0.0011444091796875,0.02264404296875,0.2821197509765625,0.472137451171875,0.106719970703125,0.9503105187837304,0.8578609026342914,0.529577517275311,0.9515109547448044
1.0,0.99609375,0.0,1.0,1.0,0.7915702273958504,3.1846979912279836,0.0,0.0,0.0,0.0,0.0,0.0,87.00514221191406,69.80685424804688,8.111831665039062,17.91004753112793,212.03465270996094,3.1928720474243164,0.393096923828125,0.0601959228515625,0.0073699951171875,0.0030517578125,0.0123291015625,0.0737152099609375,0.2146148681640625,0.235626220703125,0.29252707820301316,0.889795564666036,0.5247478043121243,0.938960629009663
1.0,0.99609375,0.0,1.0,1.0,0.7915702273958504,3.1846979912279836,0.0,0.0,0.0,0.0,0.0,0.0,98.62861633300781,61.70383834838867,8.01788330078125,21.42245101928711,214.64366149902344,3.4990527629852295,0.283203125,0.0307464599609375,0.007720947265625,0.0045623779296875,0.04022216796875,0.205169677734375,0.2761688232421875,0.1522064208984375,0.3616136214627935,0.900137343310365,0.7468651191600386,0.9517408223731367
1.0,0.99609375,0.0,1.0,1.0,0.7915702273958504,3.1846979912279836,0.0,0.0,0.0,0.0,0.0,0.0,95.8084716796875,68.40149688720703,9.835098266601562,28.449806213378906,210.94017028808594,4.3672895431518555,0.3368682861328125,0.041259765625,0.007568359375,0.0039215087890625,0.01708984375,0.100128173828125,0.2408447265625,0.2523193359375,0.6717066286445554,0.8616653863159127,0.5521242428965724,0.955534703684281
1.0,0.99609375,0.0,1.0,1.0,0.7915702273958504,3.1846979912279836,0.0,0.0,0.0,0.0,0.0,0.0,105.90541076660156,66.72063446044922,9.727096557617188,25.209003448486328,207.97030639648438,3.4647936820983887,0.2950286865234375,0.0218963623046875,0.003173828125,0.001373291015625,0.010345458984375,0.08514404296875,0.3045806884765625,0.2784576416015625,0.40363234454831715,0.8875042159590909,0.5330965933308744,0.9555535680834443
1.0,0.99609375,0.0,1.0,1.0,0.7915702273958504,3.1846979912279836,0.0,0.0,0.0,0.0,0.0,0.0,120.80560302734375,53.82383728027344,9.701934814453125,20.596668243408203,203.0009307861328,3.8207814693450928,0.179473876953125,0.0054168701171875,0.0012054443359375,0.0007476806640625,0.01068115234375,0.1466827392578125,0.46881103515625,0.186981201171875,0.3568297331708954,0.88996099021734,0.490648897342728,0.9504860607379932
1.0,0.99609375,0.0,1.0,1.0,0.7915702273958504,3.1846979912279836,0.0,0.0,0.0,0.0,0.0,0.0,89.69584655761719,63.736392974853516,18.302322387695312,32.94381332397461,228.4933319091797,8.977706909179688,0.3931427001953125,0.0057830810546875,0.0001068115234375,6.103515625e-05,0.0137939453125,0.2459564208984375,0.1578216552734375,0.1833343505859375,1.0091831760821681,0.8766491122601043,0.42042523720861735,0.9688412190881707
1.0,0.99609375,0.0,1.0,1.0,0.7915702273958504,3.1846979912279836,0.0,0.0,0.0,0.0,0.0,0.0,78.52313232421875,69.4137954711914,17.916290283203125,30.435575485229492,230.76898193359375,4.599254608154297,0.5176544189453125,0.015777587890625,0.0002288818359375,0.000152587890625,0.00384521484375,0.062255859375,0.154693603515625,0.245391845703125,0.4580423255005537,0.8774397469521578,0.43775117465615965,0.9701529298879756
1.0,0.99609375,0.0,1.0,1.0,0.7915702273958504,3.1846979912279836,0.0,0.0,0.0,0.0,0.0,0.0,103.84126281738281,56.715599060058594,11.801437377929688,22.603918075561523,229.53903198242188,3.6938259601593018,0.2725067138671875,0.0043182373046875,9.1552734375e-05,3.0517578125e-05,0.0074310302734375,0.2698822021484375,0.334320068359375,0.111419677734375,0.30747957866513653,0.8991018431386657,0.46908561863068154,0.9639276148348237
1.0,0.99609375,0.0,1.0,1.0,0.7915702273958504,3.1846979912279836,0.0,0.0,0.0,0.0,0.0,0.0,116.54084777832031,55.88102340698242,16.89776611328125,35.54391860961914,217.33534240722656,18.314353942871094,0.218719482421875,0.00201416015625,0.0,0.0,0.0012969970703125,0.092742919921875,0.5223846435546875,0.162841796875,2.3182315723940725,0.8203039838290633,0.36848050653604103,0.971197683545664
1.0,0.99609375,0.0,1.0,1.0,0.7915702273958504,3.1846979912279836,0.0,0.0,0.0,0.0,0.0,0.0,74.12251281738281,66.74456787109375,25.280105590820312,47.281517028808594,209.18063354492188,7.379033088684082,0.5006866455078125,0.03277587890625,0.004852294921875,0.0031280517578125,0.018524169921875,0.104156494140625,0.189849853515625,0.146026611328125,0.9836056122396245,0.8268784036786826,0.4118621724262567,0.9757969602060752
1.0,0.99609375,0.0,1.0,1.0,0.7915702273958504,3.1846979912279836,0.0,0.0,0.0,0.0,0.0,0.0,77.63897705078125,74.42422485351562,18.67669677734375,32.99478530883789,222.0073699951172,11.855975151062012,0.5546722412109375,0.0074615478515625,0.000274658203125,4.57763671875e-05,0.0004119873046875,0.0089874267578125,0.091796875,0.3363494873046875,1.7784005461984749,0.8506312988892349,0.3829435774747517,0.9565466279112185
1.0,0.99609375,0.0,1.0,1.0,0.7915702273958504,3.1846979912279836,0.0,0.0,0.0,0.0,0.0,0.0,85.11930847167969,74.19615173339844,36.09669494628906,65.6785659790039,214.31874084472656,25.459270477294922,0.4823455810546875,0.0021209716796875,0.0002288818359375,7.62939453125e-05,0.0019683837890625,0.0517120361328125,0.1280517578125,0.33349609375,4.567089214474957,0.7934822508720075,0.36580448902425,0.9791549522367251
1.0,0.99609375,0.0,1.0,1.0,0.7915702273958504,3.1846979912279836,0.0,0.0,0.0,0.0,0.0,0.0,60.91217041015625,73.13421630859375,39.1741943359375,71.48356628417969,211.2257537841797,27.219608306884766,0.6618804931640625,0.006591796875,0.00018310546875,0.0001068115234375,0.0004119873046875,0.0043182373046875,0.0340118408203125,0.2924957275390625,4.315991363512561,0.8008582820683146,0.3915965166827966,0.9823317305574808
1.0,0.99609375,0.0,1.0,1.0,0.7915702273958504,3.1846979912279836,0.0,0.0,0.0,0.0,0.0,0.0,56.35102844238281,70.89569854736328,19.018264770507812,37.68781661987305,223.72210693359375,3.9267101287841797,0.69866943359375,0.0049896240234375,0.0001068115234375,0.0,3.0517578125e-05,0.0025787353515625,0.0341033935546875,0.259521484375,0.3501872970677096,0.8925346558992504,0.5347250419374799,0.9805574261520769
1.0,0.99609375,0.0,1.0,1.0,0.7915702273958504,3.1846979912279836,0.0,0.0,0.0,0.0,0.0,0.0,118.08177185058594,62.04512023925781,11.227066040039062,21.596567153930664,221.87168884277344,2.775444984436035,0.2509918212890625,0.0008544921875,1.52587890625e-05,1.52587890625e-05,0.000701904296875,0.023590087890625,0.3970947265625,0.3267364501953125,0.4005837615232976,0.8889645886002997,0.5229873927020912,0.9318289109480611
1.0,0.99609375,0.0,1.0,1.0,0.7915702273958504,3.1846979912279836,0.0,0.0,0.0,0.0,0.0,0.0,106.63821411132812,59.65294647216797,14.577285766601562,28.17487335205078,234.6002655029297,7.487232208251953,0.27777099609375,0.00372314453125,0.000213623046875,9.1552734375e-05,0.0071258544921875,0.192901611328125,0.3160552978515625,0.202117919921875,0.5378503381144426,0.8521167422756795,0.5357221292744632,0.979493539147782
1.0,0.99609375,0.0,1.0,1.0,0.7915702273958504,3.1846979912279836,0.0,0.0,0.0,0.0,0.0,0.0,88.63645935058594,67.60652160644531,13.34442138671875,24.13091468811035,236.00160217285156,3.6398510932922363,0.4305572509765625,0.0072479248046875,0.000152587890625,9.1552734375e-05,0.00390625,0.10650634765625,0.236785888671875,0.214752197265625,0.5468689210360863,0.8606980983585559,0.44162484694196363,0.9462794607107233
1.0,0.99609375,0.0,1.0,1.0,0.7915702273958504,3.1846979912279836,0.0,0.0,0.0,0.0,0.0,0.0,110.03279113769531,54.774208068847656,9.945785522460938,19.14026641845703,234.112060546875,3.140126943588257,0.2342681884765625,0.002899169921875,0.000152587890625,4.57763671875e-05,0.003936767578125,0.2520294189453125,0.387542724609375,0.1191253662109375,0.3268486536346076,0.8927922201352996,0.5311188189040154,0.9457522845464423
1.0,0.99609375,0.0,1.0,1.0,0.7915702273958504,3.1846979912279836,0.0,0.0,0.0,0.0,0.0,0.0,117.49996948242188,56.973323822021484,15.130630493164062,30.611745834350586,224.43399047851562,19.183807373046875,0.221405029296875,0.000518798828125,1.52587890625e-05,1.52587890625e-05,0.0009918212890625,0.0700836181640625,0.5431060791015625,0.1638641357421875,0.9656747062040328,0.8703479869535398,0.44131181087413857,0.9881159575690337
1.0,0.99609375,0.0,1.0,1.0,0.7915702273958504,3.1846979912279836,0.0,0.0,0.0,0.0,0.0,0.0,100.50234985351562,71.53443908691406,14.696426391601562,27.122346878051758,231.46266174316406,6.721241474151611,0.3901214599609375,0.00457763671875,0.0001220703125,7.62939453125e-05,0.0009307861328125,0.020355224609375,0.1934661865234375,0.390350341796875,0.36376441220009803,0.8805864702339159,0.52156669091122,0.982504278330544
1.0,0.99609375,0.0,1.0,1.0,0.7915702273958504,3.1846979912279836,0.0,0.0,0.0,0.0,0.0,0.0,74.97567749023438,64.660888671875,17.388641357421875,35.56849670410156,209.22073364257812,6.447060585021973,0.469482421875,0.036895751953125,0.0073089599609375,0.0048065185546875,0.0346832275390625,0.149871826171875,0.17437744140625,0.1225738525390625,1.0653380466426448,0.8495962374840824,0.444076408818764,0.9561000284283685
1.0,0.99609375,0.0,1.0,1.0,0.7915702273958504,3.1846979912279836,0.0,0.0,0.0,0.0,0.0,0.0,100.94758605957031,69.87068176269531,28.991561889648438,57.78639602661133,224.55862426757812,22.341129302978516,0.3637542724609375,0.0030975341796875,0.0002899169921875,6.103515625e-05,0.0028839111328125,0.0493621826171875,0.2491455078125,0.3314056396484375,4.65554996167591,0.7960932435434236,0.5196014661244824,0.9730025371467961
1.0,0.99609375,0.0,1.0,1.0,0.7915702273958504,3.1846979912279836,0.0,0.0,0.0,0.0,0.0,0.0,79.552978515625,76.08280181884766,29.57965087890625,59.21341323852539,219.27655029296875,27.92407989501953,0.5276947021484375,0.0034027099609375,0.0001373291015625,4.57763671875e-05,0.0003814697265625,0.0115966796875,0.1221160888671875,0.334625244140625,3.977337062414701,0.8229403678995623,0.5323042875499382,0.9831338467271405
1.0,0.99609375,0.0,1.0,1.0,0.7915702273958504,3.1846979912279836,0.0,0.0,0.0,0.0,0.0,0.0,68.51582336425781,75.17255401611328,15.309829711914062,31.889863967895508,231.20648193359375,3.628340482711792,0.6168060302734375,0.0048675537109375,3.0517578125e-05,0.0,0.0001068115234375,0.002777099609375,0.060638427734375,0.3147735595703125,0.46238529631664044,0.8988687511682699,0.6826884687408603,0.9670911670509454
1.0,0.99609375,0.0,1.0,1.0,0.7915702273958504,3.1846979912279836,0.0,0.0,0.0,0.0,0.0,0.0,118.06410217285156,65.32476806640625,9.537155151367188,16.522960662841797,229.2653045654297,2.6568706035614014,0.2673492431640625,0.0003814697265625,3.0517578125e-05,0.0,0.000213623046875,0.0164337158203125,0.366851806640625,0.3487396240234375,0.32407474472511755,0.9152119908795656,0.5206465005430067,0.9173289426397817
1.0,0.99609375,0.0,1.0,1.0,0.7915702273958504,3.1846979912279836,0.0,0.0,0.0,0.0,0.0,0.0,61.24726867675781,66.1698226928711,22.898788452148438,46.677391052246094,201.4035186767578,9.625773429870605,0.5888214111328125,0.050201416015625,0.0059356689453125,0.0033416748046875,0.013916015625,0.0600433349609375,0.1214599609375,0.156280517578125,0.9253279924099477,0.8288989459134991,0.41747811229369647,0.9814004721143188
1.0,0.99609375,0.0,1.0,1.0,0.7915702273958504,3.1846979912279836,0.0,0.0,0.0,0.0,0.0,0.0,64.37748718261719,67.48299407958984,21.781524658203125,38.990264892578125,200.65353393554688,7.114070892333984,0.589202880859375,0.0341339111328125,0.00299072265625,0.0013885498046875,0.00897216796875,0.0531005859375,0.1476287841796875,0.1625823974609375,0.5013011864356982,0.8601915314385902,0.34820933575453084,0.9818952258647136
1.0,0.99609375,0.0,1.0,1.0,0.7915702273958504,3.1846979912279836,0.0,0.0,0.0,0.0,0.0,0.0,88.51020812988281,66.20036315917969,24.276351928710938,40.61172103881836,192.99041748046875,6.79378080368042,0.421661376953125,0.0094146728515625,0.0009307861328125,0.00054931640625,0.0096893310546875,0.124755859375,0.2883453369140625,0.1446533203125,0.7298629125602821,0.856706687493769,0.29070249726066055,0.9685607501939036
1.0,0.99609375,0.0,1.0,1.0,0.7915702273958504,3.1846979912279836,0.0,0.0,0.0,0.0,0.0,0.0,66.871826171875,63.21284866333008,35.966552734375,53.14258575439453,211.9186553955078,9.295159339904785,0.5610198974609375,0.0164794921875,0.00189208984375,0.0010833740234375,0.0208282470703125,0.1586761474609375,0.141876220703125,0.09814453125,1.389652821282072,0.8302256539517365,0.36258388483702836,0.975245299900515
1.0,0.99609375,0.0,1.0,1.0,0.7915702273958504,3.1846979912279836,0.0,0.0,0.0,0.0,0.0,0.0,110.36630249023438,32.36361312866211,10.480667114257812,29.433706283569336,240.76620483398438,26.236120223999023,0.0941619873046875,0.0021820068359375,3.0517578125e-05,0.0,0.1262359619140625,0.7341766357421875,0.0213470458984375,0.0218658447265625,2.1759657527055847,0.9261566731335598,0.8049440650154548,0.9822797785210091
1.0,0.99609375,0.0,1.0,1.0,0.7915702273958504,3.1846979912279836,0.0,0.0,0.0,0.0,0.0,0.0,108.84446716308594,57.97494125366211,13.032028198242188,32.066429138183594,209.00555419921875,24.730335235595703,0.22674560546875,0.0146942138671875,0.0035858154296875,0.002685546875,0.03192138671875,0.208587646484375,0.3413543701171875,0.1704254150390625,2.8709406012059153,0.8178679848541488,0.41276919430084036,0.97504649428064
1.0,0.99609375,0.0,1.0,1.0,0.7915702273958504,3.1846979912279836,0.0,0.0,0.0,0.0,0.0,0.0,100.23245239257812,65.29898834228516,9.882904052734375,25.976791381835938,207.4943389892578,29.11724281311035,0.2943572998046875,0.03466796875,0.006195068359375,0.0034637451171875,0.0237579345703125,0.1370391845703125,0.273773193359375,0.22674560546875,2.6443587524687047,0.8367554609556866,0.45163585899597414,0.9807297296669579
1.0,0.99609375,0.0,1.0,1.0,0.7915702273958504,3.1846979912279836,0.0,0.0,0.0,0.0,0.0,0.0,102.80183410644531,41.12665939331055,14.624359130859375,32.37339782714844,232.9777374267578,33.829017639160156,0.1709442138671875,0.001312255859375,1.52587890625e-05,0.0,0.05474853515625,0.7187652587890625,0.0382537841796875,0.015960693359375,2.348190312078561,0.8703572742719354,0.6451680195526601,0.988326015565789
1.0,0.99609375,0.0,1.0,1.0,0.7915702273958504,3.1846979912279836,0.0,0.0,0.0,0.0,0.0,0.0,102.15188598632812,44.70442581176758,13.408187866210938,29.89126968383789,238.1696319580078,23.81380271911621,0.1908416748046875,0.0012664794921875,1.52587890625e-05,0.000152587890625,0.0133056640625,0.720245361328125,0.0242919921875,0.0498809814453125,2.1161062092848053,0.8718661283759943,0.6557338157643731,0.981700036820172
1.0,0.99609375,0.0,1.0,1.0,0.7915702273958504,3.1846979912279836,0.0,0.0,0.0,0.0,0.0,0.0,100.50566101074219,63.52878952026367,11.878738403320312,26.6441650390625,203.42857360839844,24.500438690185547,0.287261962890625,0.03173828125,0.0067291259765625,0.0047149658203125,0.0284576416015625,0.1486663818359375,0.2955169677734375,0.1969146728515625,2.707438954345608,0.8134452221376511,0.44181356712357933,0.9745689764355764
1.0,0.99609375,0.0,1.0,1.0,0.7915702273958504,3.1846979912279836,0.0,0.0,0.0,0.0,0.0,0.0,108.22825622558594,33.328285217285156,10.098342895507812,22.96506118774414,241.0376434326172,22.230857849121094,0.1107330322265625,0.00103759765625,1.52587890625e-05,0.0,0.159423828125,0.68670654296875,0.0337982177734375,0.0082855224609375,1.6715425132580124,0.9161777666794102,0.7816467783637598,0.9810391512290637
1.0,0.99609375,0.0,1.0,1.0,0.7915702273958504,3.1846979912279836,0.0,0.0,0.0,0.0,0.0,0.0,103.29681396484375,32.33720016479492,11.221649169921875,26.037866592407227,239.58346557617188,26.562061309814453,0.112945556640625,0.0009002685546875,6.103515625e-05,7.62939453125e-05,0.5128173828125,0.3516998291015625,0.0171356201171875,0.004364013671875,2.0295052023174387,0.8816388407516187,0.5904893270302178,0.9841788443102504
1.0,0.99609375,0.0,1.0,1.0,0.7915702273958504,3.1846979912279836,0.0,0.0,0.0,0.0,0.0,0.0,102.4949951171875,37.194740295410156,12.873184204101562,31.2247257232666,238.59182739257812,26.90777587890625,0.14111328125,0.0024871826171875,9.1552734375e-05,0.0003509521484375,0.3297882080078125,0.4892578125,0.02386474609375,0.0130462646484375,2.231650581025243,0.8991350034465305,0.740019202051708,0.9834064685802135
1.0,0.99609375,0.0,1.0,1.0,0.7915702273958504,3.1846979912279836,0.0,0.0,0.0,0.0,0.0,0.0,113.31797790527344,60.94466781616211,13.5506591796875,31.226795196533203,199.93704223632812,28.382883071899414,0.2361297607421875,0.00848388671875,0.001617431640625,0.0011138916015625,0.0124359130859375,0.1102752685546875,0.388153076171875,0.241790771484375,2.5400737567934377,0.8205827209607598,0.4960508775899559,0.982151171666274
1.0,0.99609375,0.0,1.0,1.0,0.7915702273958504,3.1846979912279836,0.0,0.0,0.0,0.0,0.0,0.0,97.25299072265625,46.60884475708008,17.274093627929688,37.45032501220703,234.56675720214844,31.0883846282959,0.2178497314453125,0.002227783203125,0.000244140625,0.000213623046875,0.0781402587890625,0.648284912109375,0.020172119140625,0.032867431640625,2.868137234597372,0.866233327361849,0.6718000848888784,0.9852094638595619
1.0,0.99609375,0.0,1.0,1.0,0.7915702273958504,3.1846979912279836,0.0,0.0,0.0,0.0,0.0,0.0,92.69664001464844,70.43389129638672,15.31280517578125,37.248592376708984,204.9886932373047,26.27105140686035,0.378387451171875,0.02899169921875,0.0052642822265625,0.0035858154296875,0.016876220703125,0.077484130859375,0.211761474609375,0.27764892578125,2.9742981283967316,0.7986720712340633,0.4713063566072326,0.978764926875625
1.0,0.99609375,0.0,1.0,1.0,0.7915702273958504,3.1846979912279836,0.0,0.0,0.0,0.0,0.0,0.0,93.3509521484375,70.15515899658203,14.639739990234375,35.88532257080078,200.6946258544922,28.065319061279297,0.3673248291015625,0.0318756103515625,0.006683349609375,0.004425048828125,0.01861572265625,0.08306884765625,0.2094879150390625,0.2785186767578125,3.3295092878944454,0.7897557926448101,0.36644935489012953,0.9778779106149914
1.0,0.99609375,0.0,1.0,1.0,0.7915702273958504,3.1846979912279836,0.0,0.0,0.0,0.0,0.0,0.0,105.00985717773438,39.739501953125,14.430496215820312,32.8245849609375,237.1602783203125,29.029823303222656,0.1529388427734375,0.00189208984375,1.52587890625e-05,0.0001068115234375,0.0819244384765625,0.7086029052734375,0.02587890625,0.0286407470703125,2.9613022991312787,0.8754164219431664,0.6297762776959124,0.9810291505589432
1.0,0.99609375,0.0,1.0,1.0,0.7915702273958504,3.1846979912279836,0.0,0.0,0.0,0.0,0.0,0.0,103.58784484863281,37.875675201416016,12.722366333007812,28.187808990478516,239.35276794433594,24.535009384155273,0.151123046875,0.0012664794921875,6.103515625e-05,4.57763671875e-05,0.197021484375,0.6071319580078125,0.0280914306640625,0.0152587890625,2.339727117468011,0.8855715389486692,0.6729717242744406,0.9783308748639528
1.0,0.99609375,0.0,1.0,1.0,0.7915702273958504,3.1846979912279836,0.0,0.0,0.0,0.0,0.0,0.0,86.31065368652344,73.14141082763672,16.189971923828125,36.242088317871094,197.86083984375,31.79494285583496,0.4363861083984375,0.0382232666015625,0.003509521484375,0.0013580322265625,0.006103515625,0.0402679443359375,0.172454833984375,0.30169677734375,4.607221197679946,0.7810679694634611,0.4176541011171921,0.9748190491577315
1.0,0.99609375,0.0,1.0,1.0,0.7915702273958504,3.1846979912279836,0.0,0.0,0.0,0.0,0.0,0.0,98.17247009277344,69.97534942626953,18.6961669921875,40.38249206542969,198.43190002441406,33.40504837036133,0.351806640625,0.02191162109375,0.0035247802734375,0.0014801025390625,0.0090789794921875,0.0703277587890625,0.2520599365234375,0.2898101806640625,3.285787442222638,0.8176875306095032,0.41911516677102106,0.9840256567898257
1.0,0.99609375,0.0,1.0,1.0,0.7915702273958504,3.1846979912279836,0.0,0.0,0.0,0.0,0.0,0.0,98.23138427734375,70.59040069580078,16.32635498046875,35.92965316772461,201.24061584472656,28.230329513549805,0.3625640869140625,0.0190277099609375,0.0019073486328125,0.00091552734375,0.0063629150390625,0.057159423828125,0.25030517578125,0.3017578125,3.0495715998207786,0.7987531728258188,0.42259747014681526,0.9800180859382959
1.0,0.99609375,0.0,1.0,1.0,0.7915702273958504,3.1846979912279836,0.0,0.0,0.0,0.0,0.0,0.0,105.32023620605469,39.09466552734375,12.541885375976562,29.396387100219727,239.42095947265625,23.208065032958984,0.1495361328125,0.0002593994140625,1.52587890625e-05,0.0,0.0529022216796875,0.7430419921875,0.0344085693359375,0.01983642578125,1.7210695597754906,0.9031136141404772,0.7517205189655713,0.98428813152603
1.0,0.99609375,0.0,1.0,1.0,0.7915702273958504,3.1846979912279836,0.0,0.0,0.0,0.0,0.0,0.0,108.68119812011719,33.060428619384766,8.817916870117188,22.026968002319336,243.9353790283203,20.86033058166504,0.104034423828125,0.0066680908203125,9.1552734375e-05,6.103515625e-05,0.0665435791015625,0.7971649169921875,0.0153350830078125,0.010101318359375,1.5198443159089625,0.918165601634549,0.7213145041579372,0.9812762998166157
1.0,0.99609375,0.0,1.0,1.0,0.7915702273958504,3.1846979912279836,0.0,0.0,0.0,0.0,0.0,0.0,107.15237426757812,59.51821517944336,9.871170043945312,25.865652084350586,213.2403564453125,20.656400680541992,0.238006591796875,0.017242431640625,0.004974365234375,0.0035247802734375,0.0305633544921875,0.203369140625,0.314910888671875,0.187408447265625,1.7001279685296775,0.8602620590787108,0.655816710563383,0.9790999299264398
1.0,0.99609375,0.0,1.0,1.0,0.7915702273958504,3.1846979912279836,0.0,0.0,0.0,0.0,0.0,0.0,99.48150634765625,67.61257934570312,10.489700317382812,28.015926361083984,208.50112915039062,27.92274284362793,0.313385009765625,0.027557373046875,0.0067291259765625,0.0042572021484375,0.0227813720703125,0.1112060546875,0.2481231689453125,0.265960693359375,2.6133363558998237,0.8446902986448064,0.5338698473256929,0.9810251426445975
1.0,0.99609375,0.0,1.0,1.0,0.7915702273958504,3.1846979912279836,0.0,0.0,0.0,0.0,0.0,0.0,100.32762145996094,67.8243179321289,10.743377685546875,29.068849563598633,206.15391540527344,26.796707153320312,0.3118743896484375,0.026947021484375,0.0067596435546875,0.004119873046875,0.022216796875,0.1072998046875,0.2387847900390625,0.2819976806640625,2.760673095900101,0.8374940365669531,0.5640218122949754,0.9786864314160835
1.0,0.99609375,0.0,1.0,1.0,0.7915702273958504,3.1846979912279836,0.0,0.0,0.0,0.0,0.0,0.0,101.08761596679688,70.99979400634766,10.5439453125,26.791038513183594,204.4596405029297,25.63245391845703,0.33966064453125,0.0262451171875,0.0039215087890625,0.001983642578125,0.0090484619140625,0.0504302978515625,0.2102203369140625,0.358489990234375,1.7468511988313016,0.8441516597062175,0.519970755773886,0.9846058277589506
1.0,0.99609375,0.0,1.0,1.0,0.7915702273958504,3.1846979912279836,0.0,0.0,0.0,0.0,0.0,0.0,83.55487060546875,71.75100708007812,14.851608276367188,30.349714279174805,198.1401824951172,25.05550765991211,0.4459228515625,0.0500335693359375,0.003814697265625,0.001678466796875,0.0079498291015625,0.0441741943359375,0.170440673828125,0.2759857177734375,3.05187526937636,0.7888738577505647,0.35987584252548577,0.9724536029312203
1.0,0.99609375,0.0,1.0,1.0,0.7915702273958504,3.1846979912279836,0.0,0.0,0.0,0.0,0.0,0.0,99.78729248046875,69.28736877441406,12.229949951171875,32.19743347167969,206.75314331054688,25.29335594177246,0.3266143798828125,0.033660888671875,0.0063323974609375,0.0032501220703125,0.014007568359375,0.0701904296875,0.2388153076171875,0.30712890625,3.3562886324236985,0.8188857649306653,0.49672805049070035,0.9727389553443196
1.0,0.99609375,0.0,1.0,1.0,0.7915702273958504,3.1846979912279836,0.0,0.0,0.0,0.0,0.0,0.0,103.20140075683594,66.99537658691406,10.265716552734375,25.449352264404297,204.3450164794922,36.3402214050293,0.2948760986328125,0.0187225341796875,0.005584716796875,0.0038604736328125,0.0184783935546875,0.1136016845703125,0.2700653076171875,0.274810791015625,2.041618346390446,0.831792214648853,0.4673704363023924,0.9900499899153146
1.0,0.99609375,0.0,1.0,1.0,0.7915702273958504,3.1846979912279836,0.0,0.0,0.0,0.0,0.0,0.0,106.95216369628906,66.33964538574219,12.441513061523438,31.49796485900879,208.6214141845703,22.897972106933594,0.2863311767578125,0.0193328857421875,0.002777099609375,0.00177001953125,0.0120391845703125,0.08782958984375,0.286102294921875,0.3038177490234375,2.39826622402712,0.8081323031046432,0.5146442696806084,0.9775855273827723
1.0,0.99609375,0.0,1.0,1.0,0.7915702273958504,3.1846979912279836,0.0,0.0,0.0,0.0,0.0,0.0,106.7442626953125,66.5368881225586,12.44110107421875,31.487821578979492,208.61175537109375,22.897445678710938,0.288818359375,0.01904296875,0.0032958984375,0.0016326904296875,0.0108489990234375,0.086578369140625,0.2833404541015625,0.3064422607421875,2.397120148732931,0.8073249048501603,0.5166429723522072,0.9775935453932378
1.0,0.99609375,0.0,1.0,1.0,0.7915702273958504,3.1846979912279836,0.0,0.0,0.0,0.0,0.0,0.0,108.08322143554688,33.55427551269531,10.386184692382812,26.233354568481445,240.96490478515625,27.316608428955078,0.108612060546875,0.00042724609375,0.0,4.57763671875e-05,0.149566650390625,0.699920654296875,0.0335845947265625,0.007843017578125,1.8828895377896222,0.8985488619927404,0.6184462544763845,0.9860736511316095
1.0,0.99609375,0.0,1.0,1.0,0.7915702273958504,3.1846979912279836,0.0,0.0,0.0,0.0,0.0,0.0,111.84451293945312,67.7655029296875,11.462966918945312,29.924755096435547,201.9459228515625,25.853586196899414,0.278472900390625,0.0135345458984375,0.0017852783203125,0.0008392333984375,0.0049896240234375,0.048828125,0.270660400390625,0.380889892578125,1.583987061568337,0.8680274098140459,0.5260326869145375,0.9869829784560833
1.0,0.99609375,0.0,1.0,1.0,0.7915702273958504,3.1846979912279836,0.0,0.0,0.0,0.0,0.0,0.0,106.91322326660156,35.67591094970703,10.830673217773438,25.062397003173828,236.5449981689453,35.5028076171875,0.1192626953125,0.00274658203125,0.000396728515625,0.000244140625,0.123046875,0.73138427734375,0.0130767822265625,0.0098419189453125,3.0868679404042583,0.8968277825975608,0.8032775054892065,0.9839717558386077
1.0,0.99609375,0.0,1.0,1.0,0.7915702273958504,3.1846979912279836,0.0,0.0,0.0,0.0,0.0,0.0,103.98335266113281,38.436180114746094,14.227874755859375,32.20183181762695,238.0731658935547,28.803813934326172,0.147705078125,0.0005035400390625,0.0,0.0,0.165374755859375,0.6463165283203125,0.026275634765625,0.013824462890625,2.2617827407788984,0.8690843265986306,0.5696502643251338,0.9856123340298801
1.0,0.99609375,0.0,1.0,1.0,0.7915702273958504,3.1846979912279836,0.0,0.0,0.0,0.0,0.0,0.0,102.2750244140625,40.01077651977539,11.777175903320312,27.540422439575195,238.17828369140625,32.04972839355469,0.15826416015625,0.0037689208984375,0.0002899169921875,0.0001220703125,0.108154296875,0.707672119140625,0.01025390625,0.011474609375,2.5550035129131543,0.8756706540730024,0.5477556115948357,0.9854254790771859
1.0,0.99609375,0.0,1.0,1.0,0.7915702273958504,3.1846979912279836,0.0,0.0,0.0,0.0,0.0,0.0,101.54631042480469,39.74677276611328,15.19610595703125,32.35252380371094,236.72073364257812,30.012205123901367,0.1613616943359375,0.001312255859375,9.1552734375e-05,0.0001373291015625,0.2018280029296875,0.606903076171875,0.017730712890625,0.0106353759765625,2.4090363711922027,0.8650437908159473,0.6337522770992259,0.9863348537120261
1.0,0.99609375,0.0,1.0,1.0,0.7915702273958504,3.1846979912279836,0.0,0.0,0.0,0.0,0.0,0.0,94.08634948730469,68.81556701660156,13.968002319335938,29.015233993530273,195.39981079101562,38.05453872680664,0.345733642578125,0.0556640625,0.00592041015625,0.0024261474609375,0.015350341796875,0.0848541259765625,0.22528076171875,0.2647705078125,3.0821973630256387,0.8110978355865288,0.38498820353628627,0.9857702422713521
1.0,0.99609375,0.0,1.0,1.0,0.7915702273958504,3.1846979912279836,0.0,0.0,0.0,0.0,0.0,0.0,102.75137329101562,38.414432525634766,12.176666259765625,29.159950256347656,236.43084716796875,31.66366195678711,0.1468353271484375,0.001953125,3.0517578125e-05,0.0,0.2229766845703125,0.6016845703125,0.0133514404296875,0.0131683349609375,2.0984840178383033,0.8920177279341472,0.7573498125273888,0.9878316956099197
1.0,0.99609375,0.0,1.0,1.0,0.7915702273958504,3.1846979912279836,0.0,0.0,0.0,0.0,0.0,0.0,103.91015625,63.59791564941406,13.994003295898438,33.74087142944336,206.0800323486328,24.26721954345703,0.283294677734375,0.01702880859375,0.0038909912109375,0.0024871826171875,0.019927978515625,0.1441192626953125,0.31640625,0.2128448486328125,2.422027568838157,0.8178693015766705,0.4460941197595798,0.9797033752176127
1.0,0.99609375,0.0,1.0,1.0,0.7915702273958504,3.1846979912279836,0.0,0.0,0.0,0.0,0.0,0.0,105.88493347167969,35.77131271362305,11.801376342773438,25.870832443237305,233.68141174316406,39.308101654052734,0.12750244140625,0.001953125,4.57763671875e-05,0.0,0.1522979736328125,0.69622802734375,0.0167236328125,0.0052490234375,2.616190933742244,0.8828709898567164,0.7013073530450393,0.988582756144863
1.0,0.99609375,0.0,1.0,1.0,0.7915702273958504,3.1846979912279836,0.0,0.0,0.0,0.0,0.0,0.0,104.72750854492188,34.85295867919922,12.807464599609375,29.48969078063965,238.6907958984375,28.700923919677734,0.1244049072265625,0.0007781982421875,0.0001068115234375,0.00018310546875,0.3095703125,0.54217529296875,0.017181396484375,0.0055999755859375,2.2684346164966973,0.881283970913329,0.5548705006646987,0.9847937300449636
1.0,0.99609375,0.0,1.0,1.0,0.7915702273958504,3.1846979912279836,0.0,0.0,0.0,0.0,0.0,0.0,106.20890808105469,35.247467041015625,13.758636474609375,34.19821548461914,237.7119598388672,32.99411392211914,0.119384765625,0.00048828125,0.0001220703125,9.1552734375e-05,0.1891937255859375,0.648681640625,0.037506103515625,0.0045318603515625,2.6912264213051573,0.8849529467575166,0.5698400117285989,0.9870955562751347
1.0,0.99609375,0.0,1.0,1.0,0.7915702273958504,3.1846979912279836,0.0,0.0,0.0,0.0,0.0,0.0,104.60604858398438,44.09058380126953,15.595306396484375,36.253231048583984,237.73065185546875,30.342519760131836,0.17755126953125,0.0008392333984375,0.0,0.0,0.0046234130859375,0.7098846435546875,0.0489654541015625,0.058135986328125,2.620713852268443,0.8785207282375258,0.5126852743385737,0.9850294686136594
1.0,0.99609375,0.0,1.0,1.0,0.7915702273958504,3.1846979912279836,0.0,0.0,0.0,0.0,0.0,0.0,104.0850830078125,40.546775817871094,15.717697143554688,32.34454345703125,237.46841430664062,24.515487670898438,0.17041015625,0.0003814697265625,0.0001373291015625,1.52587890625e-05,0.0467987060546875,0.72064208984375,0.0489501953125,0.012664794921875,1.5703404415369406,0.8749805647767469,0.5960542240221256,0.9872621742644578
1.0,0.99609375,0.0,1.0,1.0,0.7915702273958504,3.1846979912279836,0.0,0.0,0.0,0.0,0.0,0.0,105.97642517089844,36.37354278564453,12.587921142578125,28.967004776000977,241.1604461669922,22.212987899780273,0.1350860595703125,0.0001678466796875,0.0,0.0,0.1212615966796875,0.7016448974609375,0.033294677734375,0.008544921875,1.5121502282289239,0.8913498909004354,0.5313943518538438,0.9855433651358267
1.0,0.99609375,0.0,1.0,1.0,0.7915702273958504,3.1846979912279836,0.0,0.0,0.0,0.0,0.0,0.0,106.77444458007812,38.33606719970703,12.070831298828125,28.9595890045166,239.51043701171875,26.173513412475586,0.139404296875,0.00146484375,0.0,0.0,0.0655975341796875,0.7194366455078125,0.051727294921875,0.022369384765625,2.2618714331841883,0.8764688562344405,0.5805109732052706,0.9824215659111017
1.0,0.99609375,0.0,1.0,1.0,0.7915702273958504,3.1846979912279836,0.0,0.0,0.0,0.0,0.0,0.0,100.75421142578125,41.568763732910156,12.038467407226562,26.917686462402344,238.40695190429688,28.14803123474121,0.1780853271484375,0.0039520263671875,6.103515625e-05,0.0005035400390625,0.141632080078125,0.638641357421875,0.0143585205078125,0.02276611328125,2.6237276480844787,0.8693601654343,0.49031546972178425,0.9812321890450542
1.0,0.99609375,0.0,1.0,1.0,0.7915702273958504,3.1846979912279836,0.0,0.0,0.0,0.0,0.0,0.0,104.49674987792969,63.75799560546875,16.369796752929688,35.47393798828125,205.14346313476562,23.071765899658203,0.29302978515625,0.0137786865234375,0.002044677734375,0.0011138916015625,0.013824462890625,0.125274658203125,0.334197998046875,0.21673583984375,2.8040088731853765,0.8040647860067753,0.41949277956110287,0.975232805892845
1.0,0.99609375,0.0,1.0,1.0,0.7915702273958504,3.1846979912279836,0.0,0.0,0.0,0.0,0.0,0.0,102.26409912109375,45.617435455322266,12.984603881835938,29.92132568359375,240.22848510742188,23.187179565429688,0.1934356689453125,0.000640869140625,0.0,0.0,0.008636474609375,0.705963134765625,0.0377044677734375,0.053619384765625,1.6193007408656395,0.8814141327688636,0.5608716960449228,0.985327768901814
1.0,0.99609375,0.0,1.0,1.0,0.7915702273958504,3.1846979912279836,0.0,0.0,0.0,0.0,0.0,0.0,100.00041198730469,43.120079040527344,14.069000244140625,31.12560272216797,236.21536254882812,31.995939254760742,0.18426513671875,0.00189208984375,3.0517578125e-05,3.0517578125e-05,0.129730224609375,0.6454010009765625,0.0137939453125,0.0248565673828125,2.4122299140853323,0.8578648887234186,0.5917501953041261,0.9873227613666258
1.0,0.99609375,0.0,1.0,1.0,0.7915702273958504,3.1846979912279836,0.0,0.0,0.0,0.0,0.0,0.0,98.82234191894531,47.757728576660156,13.846954345703125,30.364383697509766,237.18551635742188,28.28141212463379,0.220367431640625,0.0014495849609375,3.0517578125e-05,4.57763671875e-05,0.0260009765625,0.676025390625,0.0179443359375,0.058135986328125,3.0169421701334063,0.8690750363326987,0.5234253377539198,0.979882970502327
1.0,0.99609375,0.0,1.0,1.0,0.7915702273958504,3.1846979912279836,0.0,0.0,0.0,0.0,0.0,0.0,89.23106384277344,72.9454116821289,20.110000610351562,42.239994049072266,198.02835083007812,31.05705451965332,0.4305877685546875,0.0216217041015625,0.002197265625,0.00079345703125,0.0068511962890625,0.0431365966796875,0.197113037109375,0.297698974609375,3.454472425099145,0.785532793163682,0.35796642020644376,0.9812815031120794
1.0,0.99609375,0.0,1.0,1.0,0.7915702273958504,3.1846979912279836,0.0,0.0,0.0,0.0,0.0,0.0,98.55787658691406,45.390777587890625,15.220901489257812,32.58137893676758,234.65345764160156,33.22726058959961,0.203857421875,0.0019378662109375,0.0,0.0,0.0946807861328125,0.6513824462890625,0.01513671875,0.0330047607421875,2.5659501667230638,0.8595769734625933,0.7123864993299912,0.9874228326632706
1.0,0.99609375,0.0,1.0,1.0,0.7915702273958504,3.1846979912279836,0.0,0.0,0.0,0.0,0.0,0.0,101.32838439941406,44.79242706298828,12.571456909179688,29.204418182373047,238.407958984375,26.31850242614746,0.1910552978515625,0.0025634765625,0.0,0.0,0.0568389892578125,0.6737213134765625,0.0320587158203125,0.04376220703125,2.189114769499807,0.8974796570085957,0.7365194048276871,0.9833290684364198
1.0,0.99609375,0.0,1.0,1.0,0.7915702273958504,3.1846979912279836,0.0,0.0,0.0,0.0,0.0,0.0,100.53279113769531,42.27586364746094,15.388214111328125,36.13718795776367,236.67259216308594,25.533832550048828,0.1791229248046875,0.002349853515625,3.0517578125e-05,4.57763671875e-05,0.1699371337890625,0.6030426025390625,0.01885986328125,0.026611328125,2.0210267149254015,0.8878110117324556,0.6928935874060279,0.9857927540952183
1.0,0.99609375,0.0,1.0,1.0,0.7915702273958504,3.1846979912279836,0.0,0.0,0.0,0.0,0.0,0.0,105.50860595703125,39.28251647949219,11.8292236328125,29.18439483642578,241.41249084472656,25.24627113342285,0.1452178955078125,0.0016632080078125,0.0001068115234375,0.0001373291015625,0.02435302734375,0.77899169921875,0.03125,0.018280029296875,2.4460436108206998,0.9016201370977943,0.6597697350681198,0.9807086350633829
1.0,0.99609375,0.0,1.0,1.0,0.7915702273958504,3.1846979912279836,0.0,0.0,0.0,0.0,0.0,0.0,108.23114013671875,34.48693084716797,10.127914428710938,24.720977783203125,240.9678497314453,29.609027862548828,0.1165313720703125,0.0010986328125,4.57763671875e-05,7.62939453125e-05,0.0173797607421875,0.8392791748046875,0.0180511474609375,0.007537841796875,2.372886017300032,0.9069892700660286,0.7426318240502059,0.9840010034177125
1.0,0.99609375,0.0,1.0,1.0,0.7915702273958504,3.1846979912279836,0.0,0.0,0.0,0.0,0.0,0.0,108.3372802734375,32.69199752807617,11.102508544921875,28.7425479888916,244.22744750976562,21.718202590942383,0.1019287109375,0.0003814697265625,4.57763671875e-05,9.1552734375e-05,0.1861724853515625,0.680023193359375,0.0198211669921875,0.01153564453125,2.1488164397189156,0.9161739841105281,0.7683235597562881,0.9794382086825134
1.0,0.99609375,0.0,1.0,1.0,0.7915702273958504,3.1846979912279836,0.0,0.0,0.0,0.0,0.0,0.0,108.14035034179688,32.94717025756836,10.332672119140625,26.486732482910156,244.1882781982422,22.549970626831055,0.1058807373046875,0.00091552734375,0.0001373291015625,0.000213623046875,0.107879638671875,0.76611328125,0.0144500732421875,0.0044097900390625,2.0003327476318136,0.9138745252071115,0.7792976690623192,0.9807934285231428
1.0,0.99609375,0.0,1.0,1.0,0.7915702273958504,3.1846979912279836,0.0,0.0,0.0,0.0,0.0,0.0,103.19419860839844,70.63716888427734,17.432235717773438,36.87984848022461,195.477294921875,28.072071075439453,0.3462677001953125,0.009765625,0.00103759765625,0.0003509521484375,0.0027008056640625,0.039886474609375,0.2701873779296875,0.329803466796875,2.9215228801366973,0.7889377955191498,0.34831086860869537,0.9800372551723746
1.0,0.99609375,0.0,1.0,1.0,0.7915702273958504,3.1846979912279836,0.0,0.0,0.0,0.0,0.0,0.0,107.42962646484375,37.28183364868164,14.334152221679688,33.19319534301758,237.61106872558594,25.664955139160156,0.1323394775390625,0.000762939453125,1.52587890625e-05,0.0,0.0920562744140625,0.7053985595703125,0.0518798828125,0.017547607421875,2.2254434073013254,0.8944222047649829,0.6895497631757166,0.9835828267819718
1.0,0.99609375,0.0,1.0,1.0,0.7915702273958504,3.1846979912279836,0.0,0.0,0.0,0.0,0.0,0.0,104.71778869628906,41.81753921508789,11.497589111328125,29.38574981689453,239.7439727783203,26.234256744384766,0.1618499755859375,0.002044677734375,3.0517578125e-05,6.103515625e-05,0.03826904296875,0.728179931640625,0.031982421875,0.0375823974609375,2.1551008556670874,0.9140441839698207,0.7261779231047989,0.9823620979375564
1.0,0.99609375,0.0,1.0,1.0,0.7915702273958504,3.1846979912279836,0.0,0.0,0.0,0.0,0.0,0.0,102.02801513671875,42.962867736816406,13.36224365234375,31.95583152770996,238.51168823242188,23.543256759643555,0.177764892578125,0.001678466796875,7.62939453125e-05,1.52587890625e-05,0.1183624267578125,0.637908935546875,0.0222015380859375,0.0419921875,1.4746082637128755,0.9046306343667012,0.6992391862283636,0.9873937151459645
1.0,0.99609375,0.0,1.0,1.0,0.7915702273958504,3.1846979912279836,0.0,0.0,0.0,0.0,0.0,0.0,107.48133850097656,32.07988357543945,10.837509155273438,26.4362735748291,241.21881103515625,25.270654678344727,0.1015625,0.0005950927734375,0.0001068115234375,0.0001220703125,0.2590484619140625,0.6099853515625,0.0228424072265625,0.0057373046875,2.515269722967629,0.8852494702517126,0.5401967658005948,0.9790665766170327
1.0,0.99609375,0.0,1.0,1.0,0.7915702273958504,3.1846979912279836,0.0,0.0,0.0,0.0,0.0,0.0,108.38816833496094,35.14035415649414,8.763656616210938,21.944805145263672,243.76113891601562,18.940792083740234,0.118194580078125,0.00225830078125,0.0001983642578125,0.00018310546875,0.06097412109375,0.76806640625,0.0316009521484375,0.018524169921875,1.8237462814193397,0.9027892466922247,0.5742197446434162,0.9731978962622199
1.0,0.99609375,0.0,1.0,1.0,0.7915702273958504,3.1846979912279836,0.0,0.0,0.0,0.0,0.0,0.0,107.75283813476562,49.464412689208984,10.0997314453125,26.90155792236328,215.28366088867188,21.959131240844727,0.175384521484375,0.010772705078125,0.0052642822265625,0.0043792724609375,0.0746917724609375,0.3895721435546875,0.2649383544921875,0.0749969482421875,2.312293075680008,0.8599402114323967,0.5400187194550152,0.9752334491488008
1.0,0.99609375,0.0,1.0,1.0,0.7915702273958504,3.1846979912279836,0.0,0.0,0.0,0.0,0.0,0.0,110.36630249023438,32.36361312866211,10.480667114257812,29.433706283569336,240.76620483398438,26.236120223999023,0.0941619873046875,0.0021820068359375,3.0517578125e-05,0.0,0.1262359619140625,0.7341766357421875,0.0213470458984375,0.0218658447265625,2.1759657527055847,0.9261566731335598,0.8049440650154548,0.9822797785210091
1.0,0.99609375,0.0,1.0,1.0,0.7915702273958504,3.1846979912279836,0.0,0.0,0.0,0.0,0.0,0.0,108.84446716308594,57.97494125366211,13.032028198242188,32.066429138183594,209.00555419921875,24.730335235595703,0.22674560546875,0.0146942138671875,0.0035858154296875,0.002685546875,0.03192138671875,0.208587646484375,0.3413543701171875,0.1704254150390625,2.8709406012059153,0.8178679848541488,0.41276919430084036,0.97504649428064
1.0,0.99609375,0.0,1.0,1.0,0.7915702273958504,3.1846979912279836,0.0,0.0,0.0,0.0,0.0,0.0,100.23245239257812,65.29898834228516,9.882904052734375,25.976791381835938,207.4943389892578,29.11724281311035,0.2943572998046875,0.03466796875,0.006195068359375,0.0034637451171875,0.0237579345703125,0.1370391845703125,0.273773193359375,0.22674560546875,2.6443587524687047,0.8367554609556866,0.45163585899597414,0.9807297296669579
1.0,0.99609375,0.0,1.0,1.0,0.7915702273958504,3.1846979912279836,0.0,0.0,0.0,0.0,0.0,0.0,102.80183410644531,41.12665939331055,14.624359130859375,32.37339782714844,232.9777374267578,33.829017639160156,0.1709442138671875,0.001312255859375,1.52587890625e-05,0.0,0.05474853515625,0.7187652587890625,0.0382537841796875,0.015960693359375,2.348190312078561,0.8703572742719354,0.6451680195526601,0.988326015565789
1.0,0.99609375,0.0,1.0,1.0,0.7915702273958504,3.1846979912279836,0.0,0.0,0.0,0.0,0.0,0.0,102.15188598632812,44.70442581176758,13.408187866210938,29.89126968383789,238.1696319580078,23.81380271911621,0.1908416748046875,0.0012664794921875,1.52587890625e-05,0.000152587890625,0.0133056640625,0.720245361328125,0.0242919921875,0.0498809814453125,2.1161062092848053,0.8718661283759943,0.6557338157643731,0.981700036820172
1.0,0.99609375,0.0,1.0,1.0,0.7915702273958504,3.1846979912279836,0.0,0.0,0.0,0.0,0.0,0.0,100.50566101074219,63.52878952026367,11.878738403320312,26.6441650390625,203.42857360839844,24.500438690185547,0.287261962890625,0.03173828125,0.0067291259765625,0.0047149658203125,0.0284576416015625,0.1486663818359375,0.2955169677734375,0.1969146728515625,2.707438954345608,0.8134452221376511,0.44181356712357933,0.9745689764355764
1.0,0.99609375,0.0,1.0,1.0,0.7915702273958504,3.1846979912279836,0.0,0.0,0.0,0.0,0.0,0.0,108.22825622558594,33.328285217285156,10.098342895507812,22.96506118774414,241.0376434326172,22.230857849121094,0.1107330322265625,0.00103759765625,1.52587890625e-05,0.0,0.159423828125,0.68670654296875,0.0337982177734375,0.0082855224609375,1.6715425132580124,0.9161777666794102,0.7816467783637598,0.9810391512290637
1.0,0.99609375,0.0,1.0,1.0,0.7915702273958504,3.1846979912279836,0.0,0.0,0.0,0.0,0.0,0.0,103.29681396484375,32.33720016479492,11.221649169921875,26.037866592407227,239.58346557617188,26.562061309814453,0.112945556640625,0.0009002685546875,6.103515625e-05,7.62939453125e-05,0.5128173828125,0.3516998291015625,0.0171356201171875,0.004364013671875,2.0295052023174387,0.8816388407516187,0.5904893270302178,0.9841788443102504
1.0,0.99609375,0.0,1.0,1.0,0.7915702273958504,3.1846979912279836,0.0,0.0,0.0,0.0,0.0,0.0,102.4949951171875,37.194740295410156,12.873184204101562,31.2247257232666,238.59182739257812,26.90777587890625,0.14111328125,0.0024871826171875,9.1552734375e-05,0.0003509521484375,0.3297882080078125,0.4892578125,0.02386474609375,0.0130462646484375,2.231650581025243,0.8991350034465305,0.740019202051708,0.9834064685802135
1.0,0.99609375,0.0,1.0,1.0,0.7915702273958504,3.1846979912279836,0.0,0.0,0.0,0.0,0.0,0.0,113.31797790527344,60.94466781616211,13.5506591796875,31.226795196533203,199.93704223632812,28.382883071899414,0.2361297607421875,0.00848388671875,0.001617431640625,0.0011138916015625,0.0124359130859375,0.1102752685546875,0.388153076171875,0.241790771484375,2.5400737567934377,0.8205827209607598,0.4960508775899559,0.982151171666274
1.0,0.99609375,0.0,1.0,1.0,0.7915702273958504,3.1846979912279836,0.0,0.0,0.0,0.0,0.0,0.0,97.25299072265625,46.60884475708008,17.274093627929688,37.45032501220703,234.56675720214844,31.0883846282959,0.2178497314453125,0.002227783203125,0.000244140625,0.000213623046875,0.0781402587890625,0.648284912109375,0.020172119140625,0.032867431640625,2.868137234597372,0.866233327361849,0.6718000848888784,0.9852094638595619
1.0,0.99609375,0.0,1.0,1.0,0.7915702273958504,3.1846979912279836,0.0,0.0,0.0,0.0,0.0,0.0,92.69664001464844,70.43389129638672,15.31280517578125,37.248592376708984,204.9886932373047,26.27105140686035,0.378387451171875,0.02899169921875,0.0052642822265625,0.0035858154296875,0.016876220703125,0.077484130859375,0.211761474609375,0.27764892578125,2.9742981283967316,0.7986720712340633,0.4713063566072326,0.978764926875625
1.0,0.99609375,0.0,1.0,1.0,0.7915702273958504,3.1846979912279836,0.0,0.0,0.0,0.0,0.0,0.0,93.3509521484375,70.15515899658203,14.639739990234375,35.88532257080078,200.6946258544922,28.065319061279297,0.3673248291015625,0.0318756103515625,0.006683349609375,0.004425048828125,0.01861572265625,0.08306884765625,0.2094879150390625,0.2785186767578125,3.3295092878944454,0.7897557926448101,0.36644935489012953,0.9778779106149914
1.0,0.99609375,0.0,1.0,1.0,0.7915702273958504,3.1846979912279836,0.0,0.0,0.0,0.0,0.0,0.0,105.00985717773438,39.739501953125,14.430496215820312,32.8245849609375,237.1602783203125,29.029823303222656,0.1529388427734375,0.00189208984375,1.52587890625e-05,0.0001068115234375,0.0819244384765625,0.7086029052734375,0.02587890625,0.0286407470703125,2.9613022991312787,0.8754164219431664,0.6297762776959124,0.9810291505589432
1.0,0.99609375,0.0,1.0,1.0,0.7915702273958504,3.1846979912279836,0.0,0.0,0.0,0.0,0.0,0.0,103.58784484863281,37.875675201416016,12.722366333007812,28.187808990478516,239.35276794433594,24.535009384155273,0.151123046875,0.0012664794921875,6.103515625e-05,4.57763671875e-05,0.197021484375,0.6071319580078125,0.0280914306640625,0.0152587890625,2.339727117468011,0.8855715389486692,0.6729717242744406,0.9783308748639528
1.0,0.99609375,0.0,1.0,1.0,0.7915702273958504,3.1846979912279836,0.0,0.0,0.0,0.0,0.0,0.0,86.31065368652344,73.14141082763672,16.189971923828125,36.242088317871094,197.86083984375,31.79494285583496,0.4363861083984375,0.0382232666015625,0.003509521484375,0.0013580322265625,0.006103515625,0.0402679443359375,0.172454833984375,0.30169677734375,4.607221197679946,0.7810679694634611,0.4176541011171921,0.9748190491577315
1.0,0.99609375,0.0,1.0,1.0,0.7915702273958504,3.1846979912279836,0.0,0.0,0.0,0.0,0.0,0.0,98.17247009277344,69.97534942626953,18.6961669921875,40.38249206542969,198.43190002441406,33.40504837036133,0.351806640625,0.02191162109375,0.0035247802734375,0.0014801025390625,0.0090789794921875,0.0703277587890625,0.2520599365234375,0.2898101806640625,3.285787442222638,0.8176875306095032,0.41911516677102106,0.9840256567898257
1.0,0.99609375,0.0,1.0,1.0,0.7915702273958504,3.1846979912279836,0.0,0.0,0.0,0.0,0.0,0.0,98.23138427734375,70.59040069580078,16.32635498046875,35.92965316772461,201.24061584472656,28.230329513549805,0.3625640869140625,0.0190277099609375,0.0019073486328125,0.00091552734375,0.0063629150390625,0.057159423828125,0.25030517578125,0.3017578125,3.0495715998207786,0.7987531728258188,0.42259747014681526,0.9800180859382959
1.0,0.99609375,0.0,1.0,1.0,0.7915702273958504,3.1846979912279836,0.0,0.0,0.0,0.0,0.0,0.0,105.32023620605469,39.09466552734375,12.541885375976562,29.396387100219727,239.42095947265625,23.208065032958984,0.1495361328125,0.0002593994140625,1.52587890625e-05,0.0,0.0529022216796875,0.7430419921875,0.0344085693359375,0.01983642578125,1.7210695597754906,0.9031136141404772,0.7517205189655713,0.98428813152603
1.0,0.99609375,0.0,1.0,1.0,0.7915702273958504,3.1846979912279836,0.0,0.0,0.0,0.0,0.0,0.0,108.68119812011719,33.060428619384766,8.817916870117188,22.026968002319336,243.9353790283203,20.86033058166504,0.104034423828125,0.0066680908203125,9.1552734375e-05,6.103515625e-05,0.0665435791015625,0.7971649169921875,0.0153350830078125,0.010101318359375,1.5198443159089625,0.918165601634549,0.7213145041579372,0.9812762998166157
1.0,0.99609375,0.0,1.0,1.0,0.7915702273958504,3.1846979912279836,0.0,0.0,0.0,0.0,0.0,0.0,107.15237426757812,59.51821517944336,9.871170043945312,25.865652084350586,213.2403564453125,20.656400680541992,0.238006591796875,0.017242431640625,0.004974365234375,0.0035247802734375,0.0305633544921875,0.203369140625,0.314910888671875,0.187408447265625,1.7001279685296775,0.8602620590787108,0.655816710563383,0.9790999299264398
1.0,0.99609375,0.0,1.0,1.0,0.7915702273958504,3.1846979912279836,0.0,0.0,0.0,0.0,0.0,0.0,99.48150634765625,67.61257934570312,10.489700317382812,28.015926361083984,208.50112915039062,27.92274284362793,0.313385009765625,0.027557373046875,0.0067291259765625,0.0042572021484375,0.0227813720703125,0.1112060546875,0.2481231689453125,0.265960693359375,2.6133363558998237,0.8446902986448064,0.5338698473256929,0.9810251426445975
1.0,0.99609375,0.0,1.0,1.0,0.7915702273958504,3.1846979912279836,0.0,0.0,0.0,0.0,0.0,0.0,100.32762145996094,67.8243179321289,10.743377685546875,29.068849563598633,206.15391540527344,26.796707153320312,0.3118743896484375,0.026947021484375,0.0067596435546875,0.004119873046875,0.022216796875,0.1072998046875,0.2387847900390625,0.2819976806640625,2.760673095900101,0.8374940365669531,0.5640218122949754,0.9786864314160835
1.0,0.99609375,0.0,1.0,1.0,0.7915702273958504,3.1846979912279836,0.0,0.0,0.0,0.0,0.0,0.0,101.08761596679688,70.99979400634766,10.5439453125,26.791038513183594,204.4596405029297,25.63245391845703,0.33966064453125,0.0262451171875,0.0039215087890625,0.001983642578125,0.0090484619140625,0.0504302978515625,0.2102203369140625,0.358489990234375,1.7468511988313016,0.8441516597062175,0.519970755773886,0.9846058277589506
1.0,0.99609375,0.0,1.0,1.0,0.7915702273958504,3.1846979912279836,0.0,0.0,0.0,0.0,0.0,0.0,83.55487060546875,71.75100708007812,14.851608276367188,30.349714279174805,198.1401824951172,25.05550765991211,0.4459228515625,0.0500335693359375,0.003814697265625,0.001678466796875,0.0079498291015625,0.0441741943359375,0.170440673828125,0.2759857177734375,3.05187526937636,0.7888738577505647,0.35987584252548577,0.9724536029312203
1.0,0.99609375,0.0,1.0,1.0,0.7915702273958504,3.1846979912279836,0.0,0.0,0.0,0.0,0.0,0.0,99.78729248046875,69.28736877441406,12.229949951171875,32.19743347167969,206.75314331054688,25.29335594177246,0.3266143798828125,0.033660888671875,0.0063323974609375,0.0032501220703125,0.014007568359375,0.0701904296875,0.2388153076171875,0.30712890625,3.3562886324236985,0.8188857649306653,0.49672805049070035,0.9727389553443196
1.0,0.99609375,0.0,1.0,1.0,0.7915702273958504,3.1846979912279836,0.0,0.0,0.0,0.0,0.0,0.0,103.20140075683594,66.99537658691406,10.265716552734375,25.449352264404297,204.3450164794922,36.3402214050293,0.2948760986328125,0.0187225341796875,0.005584716796875,0.0038604736328125,0.0184783935546875,0.1136016845703125,0.2700653076171875,0.274810791015625,2.041618346390446,0.831792214648853,0.4673704363023924,0.9900499899153146
1.0,0.99609375,0.0,1.0,1.0,0.7915702273958504,3.1846979912279836,0.0,0.0,0.0,0.0,0.0,0.0,106.95216369628906,66.33964538574219,12.441513061523438,31.49796485900879,208.6214141845703,22.897972106933594,0.2863311767578125,0.0193328857421875,0.002777099609375,0.00177001953125,0.0120391845703125,0.08782958984375,0.286102294921875,0.3038177490234375,2.39826622402712,0.8081323031046432,0.5146442696806084,0.9775855273827723
1.0,0.99609375,0.0,1.0,1.0,0.7915702273958504,3.1846979912279836,0.0,0.0,0.0,0.0,0.0,0.0,106.7442626953125,66.5368881225586,12.44110107421875,31.487821578979492,208.61175537109375,22.897445678710938,0.288818359375,0.01904296875,0.0032958984375,0.0016326904296875,0.0108489990234375,0.086578369140625,0.2833404541015625,0.3064422607421875,2.397120148732931,0.8073249048501603,0.5166429723522072,0.9775935453932378
1.0,0.99609375,0.0,1.0,1.0,0.7915702273958504,3.1846979912279836,0.0,0.0,0.0,0.0,0.0,0.0,108.08322143554688,33.55427551269531,10.386184692382812,26.233354568481445,240.96490478515625,27.316608428955078,0.108612060546875,0.00042724609375,0.0,4.57763671875e-05,0.149566650390625,0.699920654296875,0.0335845947265625,0.007843017578125,1.8828895377896222,0.8985488619927404,0.6184462544763845,0.9860736511316095
1.0,0.99609375,0.0,1.0,1.0,0.7915702273958504,3.1846979912279836,0.0,0.0,0.0,0.0,0.0,0.0,111.84451293945312,67.7655029296875,11.462966918945312,29.924755096435547,201.9459228515625,25.853586196899414,0.278472900390625,0.0135345458984375,0.0017852783203125,0.0008392333984375,0.0049896240234375,0.048828125,0.270660400390625,0.380889892578125,1.583987061568337,0.8680274098140459,0.5260326869145375,0.9869829784560833
1.0,0.99609375,0.0,1.0,1.0,0.7915702273958504,3.1846979912279836,0.0,0.0,0.0,0.0,0.0,0.0,106.91322326660156,35.67591094970703,10.830673217773438,25.062397003173828,236.5449981689453,35.5028076171875,0.1192626953125,0.00274658203125,0.000396728515625,0.000244140625,0.123046875,0.73138427734375,0.0130767822265625,0.0098419189453125,3.0868679404042583,0.8968277825975608,0.8032775054892065,0.9839717558386077
1.0,0.99609375,0.0,1.0,1.0,0.7915702273958504,3.1846979912279836,0.0,0.0,0.0,0.0,0.0,0.0,103.98335266113281,38.436180114746094,14.227874755859375,32.20183181762695,238.0731658935547,28.803813934326172,0.147705078125,0.0005035400390625,0.0,0.0,0.165374755859375,0.6463165283203125,0.026275634765625,0.013824462890625,2.2617827407788984,0.8690843265986306,0.5696502643251338,0.9856123340298801
1.0,0.99609375,0.0,1.0,1.0,0.7915702273958504,3.1846979912279836,0.0,0.0,0.0,0.0,0.0,0.0,102.2750244140625,40.01077651977539,11.777175903320312,27.540422439575195,238.17828369140625,32.04972839355469,0.15826416015625,0.0037689208984375,0.0002899169921875,0.0001220703125,0.108154296875,0.707672119140625,0.01025390625,0.011474609375,2.5550035129131543,0.8756706540730024,0.5477556115948357,0.9854254790771859
1.0,0.99609375,0.0,1.0,1.0,0.7915702273958504,3.1846979912279836,0.0,0.0,0.0,0.0,0.0,0.0,101.54631042480469,39.74677276611328,15.19610595703125,32.35252380371094,236.72073364257812,30.012205123901367,0.1613616943359375,0.001312255859375,9.1552734375e-05,0.0001373291015625,0.2018280029296875,0.606903076171875,0.017730712890625,0.0106353759765625,2.4090363711922027,0.8650437908159473,0.6337522770992259,0.9863348537120261
1.0,0.99609375,0.0,1.0,1.0,0.7915702273958504,3.1846979912279836,0.0,0.0,0.0,0.0,0.0,0.0,94.08634948730469,68.81556701660156,13.968002319335938,29.015233993530273,195.39981079101562,38.05453872680664,0.345733642578125,0.0556640625,0.00592041015625,0.0024261474609375,0.015350341796875,0.0848541259765625,0.22528076171875,0.2647705078125,3.0821973630256387,0.8110978355865288,0.38498820353628627,0.9857702422713521
1.0,0.99609375,0.0,1.0,1.0,0.7915702273958504,3.1846979912279836,0.0,0.0,0.0,0.0,0.0,0.0,102.75137329101562,38.414432525634766,12.176666259765625,29.159950256347656,236.43084716796875,31.66366195678711,0.1468353271484375,0.001953125,3.0517578125e-05,0.0,0.2229766845703125,0.6016845703125,0.0133514404296875,0.0131683349609375,2.0984840178383033,0.8920177279341472,0.7573498125273888,0.9878316956099197
1.0,0.99609375,0.0,1.0,1.0,0.7915702273958504,3.1846979912279836,0.0,0.0,0.0,0.0,0.0,0.0,103.91015625,63.59791564941406,13.994003295898438,33.74087142944336,206.0800323486328,24.26721954345703,0.283294677734375,0.01702880859375,0.0038909912109375,0.0024871826171875,0.019927978515625,0.1441192626953125,0.31640625,0.2128448486328125,2.422027568838157,0.8178693015766705,0.4460941197595798,0.9797033752176127
1.0,0.99609375,0.0,1.0,1.0,0.7915702273958504,3.1846979912279836,0.0,0.0,0.0,0.0,0.0,0.0,105.88493347167969,35.77131271362305,11.801376342773438,25.870832443237305,233.68141174316406,39.308101654052734,0.12750244140625,0.001953125,4.57763671875e-05,0.0,0.1522979736328125,0.69622802734375,0.0167236328125,0.0052490234375,2.616190933742244,0.8828709898567164,0.7013073530450393,0.988582756144863
1.0,0.99609375,0.0,1.0,1.0,0.7915702273958504,3.1846979912279836,0.0,0.0,0.0,0.0,0.0,0.0,104.72750854492188,34.85295867919922,12.807464599609375,29.48969078063965,238.6907958984375,28.700923919677734,0.1244049072265625,0.0007781982421875,0.0001068115234375,0.00018310546875,0.3095703125,0.54217529296875,0.017181396484375,0.0055999755859375,2.2684346164966973,0.881283970913329,0.5548705006646987,0.9847937300449636
1.0,0.99609375,0.0,1.0,1.0,0.7915702273958504,3.1846979912279836,0.0,0.0,0.0,0.0,0.0,0.0,106.20890808105469,35.247467041015625,13.758636474609375,34.19821548461914,237.7119598388672,32.99411392211914,0.119384765625,0.00048828125,0.0001220703125,9.1552734375e-05,0.1891937255859375,0.648681640625,0.037506103515625,0.0045318603515625,2.6912264213051573,0.8849529467575166,0.5698400117285989,0.9870955562751347
1.0,0.99609375,0.0,1.0,1.0,0.7915702273958504,3.1846979912279836,0.0,0.0,0.0,0.0,0.0,0.0,104.60604858398438,44.09058380126953,15.595306396484375,36.253231048583984,237.73065185546875,30.342519760131836,0.17755126953125,0.0008392333984375,0.0,0.0,0.0046234130859375,0.7098846435546875,0.0489654541015625,0.058135986328125,2.620713852268443,0.8785207282375258,0.5126852743385737,0.9850294686136594
1.0,0.99609375,0.0,1.0,1.0,0.7915702273958504,3.1846979912279836,0.0,0.0,0.0,0.0,0.0,0.0,104.0850830078125,40.546775817871094,15.717697143554688,32.34454345703125,237.46841430664062,24.515487670898438,0.17041015625,0.0003814697265625,0.0001373291015625,1.52587890625e-05,0.0467987060546875,0.72064208984375,0.0489501953125,0.012664794921875,1.5703404415369406,0.8749805647767469,0.5960542240221256,0.9872621742644578
1.0,0.99609375,0.0,1.0,1.0,0.7915702273958504,3.1846979912279836,0.0,0.0,0.0,0.0,0.0,0.0,105.97642517089844,36.37354278564453,12.587921142578125,28.967004776000977,241.1604461669922,22.212987899780273,0.1350860595703125,0.0001678466796875,0.0,0.0,0.1212615966796875,0.7016448974609375,0.033294677734375,0.008544921875,1.5121502282289239,0.8913498909004354,0.5313943518538438,0.9855433651358267
1.0,0.99609375,0.0,1.0,1.0,0.7915702273958504,3.1846979912279836,0.0,0.0,0.0,0.0,0.0,0.0,106.77444458007812,38.33606719970703,12.070831298828125,28.9595890045166,239.51043701171875,26.173513412475586,0.139404296875,0.00146484375,0.0,0.0,0.0655975341796875,0.7194366455078125,0.051727294921875,0.022369384765625,2.2618714331841883,0.8764688562344405,0.5805109732052706,0.9824215659111017
1.0,0.99609375,0.0,1.0,1.0,0.7915702273958504,3.1846979912279836,0.0,0.0,0.0,0.0,0.0,0.0,100.75421142578125,41.568763732910156,12.038467407226562,26.917686462402344,238.40695190429688,28.14803123474121,0.1780853271484375,0.0039520263671875,6.103515625e-05,0.0005035400390625,0.141632080078125,0.638641357421875,0.0143585205078125,0.02276611328125,2.6237276480844787,0.8693601654343,0.49031546972178425,0.9812321890450542
1.0,0.99609375,0.0,1.0,1.0,0.7915702273958504,3.1846979912279836,0.0,0.0,0.0,0.0,0.0,0.0,104.49674987792969,63.75799560546875,16.369796752929688,35.47393798828125,205.14346313476562,23.071765899658203,0.29302978515625,0.0137786865234375,0.002044677734375,0.0011138916015625,0.013824462890625,0.125274658203125,0.334197998046875,0.21673583984375,2.8040088731853765,0.8040647860067753,0.41949277956110287,0.975232805892845
1.0,0.99609375,0.0,1.0,1.0,0.7915702273958504,3.1846979912279836,0.0,0.0,0.0,0.0,0.0,0.0,102.26409912109375,45.617435455322266,12.984603881835938,29.92132568359375,240.22848510742188,23.187179565429688,0.1934356689453125,0.000640869140625,0.0,0.0,0.008636474609375,0.705963134765625,0.0377044677734375,0.053619384765625,1.6193007408656395,0.8814141327688636,0.5608716960449228,0.985327768901814
1.0,0.99609375,0.0,1.0,1.0,0.7915702273958504,3.1846979912279836,0.0,0.0,0.0,0.0,0.0,0.0,100.00041198730469,43.120079040527344,14.069000244140625,31.12560272216797,236.21536254882812,31.995939254760742,0.18426513671875,0.00189208984375,3.0517578125e-05,3.0517578125e-05,0.129730224609375,0.6454010009765625,0.0137939453125,0.0248565673828125,2.4122299140853323,0.8578648887234186,0.5917501953041261,0.9873227613666258
1.0,0.99609375,0.0,1.0,1.0,0.7915702273958504,3.1846979912279836,0.0,0.0,0.0,0.0,0.0,0.0,98.82234191894531,47.757728576660156,13.846954345703125,30.364383697509766,237.18551635742188,28.28141212463379,0.220367431640625,0.0014495849609375,3.0517578125e-05,4.57763671875e-05,0.0260009765625,0.676025390625,0.0179443359375,0.058135986328125,3.0169421701334063,0.8690750363326987,0.5234253377539198,0.979882970502327
1.0,0.99609375,0.0,1.0,1.0,0.7915702273958504,3.1846979912279836,0.0,0.0,0.0,0.0,0.0,0.0,89.23106384277344,72.9454116821289,20.110000610351562,42.239994049072266,198.02835083007812,31.05705451965332,0.4305877685546875,0.0216217041015625,0.002197265625,0.00079345703125,0.0068511962890625,0.0431365966796875,0.197113037109375,0.297698974609375,3.454472425099145,0.785532793163682,0.35796642020644376,0.9812815031120794
1.0,0.99609375,0.0,1.0,1.0,0.7915702273958504,3.1846979912279836,0.0,0.0,0.0,0.0,0.0,0.0,98.55787658691406,45.390777587890625,15.220901489257812,32.58137893676758,234.65345764160156,33.22726058959961,0.203857421875,0.0019378662109375,0.0,0.0,0.0946807861328125,0.6513824462890625,0.01513671875,0.0330047607421875,2.5659501667230638,0.8595769734625933,0.7123864993299912,0.9874228326632706
1.0,0.99609375,0.0,1.0,1.0,0.7915702273958504,3.1846979912279836,0.0,0.0,0.0,0.0,0.0,0.0,101.32838439941406,44.79242706298828,12.571456909179688,29.204418182373047,238.407958984375,26.31850242614746,0.1910552978515625,0.0025634765625,0.0,0.0,0.0568389892578125,0.6737213134765625,0.0320587158203125,0.04376220703125,2.189114769499807,0.8974796570085957,0.7365194048276871,0.9833290684364198
1.0,0.99609375,0.0,1.0,1.0,0.7915702273958504,3.1846979912279836,0.0,0.0,0.0,0.0,0.0,0.0,100.53279113769531,42.27586364746094,15.388214111328125,36.13718795776367,236.67259216308594,25.533832550048828,0.1791229248046875,0.002349853515625,3.0517578125e-05,4.57763671875e-05,0.1699371337890625,0.6030426025390625,0.01885986328125,0.026611328125,2.0210267149254015,0.8878110117324556,0.6928935874060279,0.9857927540952183
1.0,0.99609375,0.0,1.0,1.0,0.7915702273958504,3.1846979912279836,0.0,0.0,0.0,0.0,0.0,0.0,105.50860595703125,39.28251647949219,11.8292236328125,29.18439483642578,241.41249084472656,25.24627113342285,0.1452178955078125,0.0016632080078125,0.0001068115234375,0.0001373291015625,0.02435302734375,0.77899169921875,0.03125,0.018280029296875,2.4460436108206998,0.9016201370977943,0.6597697350681198,0.9807086350633829
1.0,0.99609375,0.0,1.0,1.0,0.7915702273958504,3.1846979912279836,0.0,0.0,0.0,0.0,0.0,0.0,108.23114013671875,34.48693084716797,10.127914428710938,24.720977783203125,240.9678497314453,29.609027862548828,0.1165313720703125,0.0010986328125,4.57763671875e-05,7.62939453125e-05,0.0173797607421875,0.8392791748046875,0.0180511474609375,0.007537841796875,2.372886017300032,0.9069892700660286,0.7426318240502059,0.9840010034177125
1.0,0.99609375,0.0,1.0,1.0,0.7915702273958504,3.1846979912279836,0.0,0.0,0.0,0.0,0.0,0.0,108.3372802734375,32.69199752807617,11.102508544921875,28.7425479888916,244.22744750976562,21.718202590942383,0.1019287109375,0.0003814697265625,4.57763671875e-05,9.1552734375e-05,0.1861724853515625,0.680023193359375,0.0198211669921875,0.01153564453125,2.1488164397189156,0.9161739841105281,0.7683235597562881,0.9794382086825134
1.0,0.99609375,0.0,1.0,1.0,0.7915702273958504,3.1846979912279836,0.0,0.0,0.0,0.0,0.0,0.0,108.14035034179688,32.94717025756836,10.332672119140625,26.486732482910156,244.1882781982422,22.549970626831055,0.1058807373046875,0.00091552734375,0.0001373291015625,0.000213623046875,0.107879638671875,0.76611328125,0.0144500732421875,0.0044097900390625,2.0003327476318136,0.9138745252071115,0.7792976690623192,0.9807934285231428
1.0,0.99609375,0.0,1.0,1.0,0.7915702273958504,3.1846979912279836,0.0,0.0,0.0,0.0,0.0,0.0,103.19419860839844,70.63716888427734,17.432235717773438,36.87984848022461,195.477294921875,28.072071075439453,0.3462677001953125,0.009765625,0.00103759765625,0.0003509521484375,0.0027008056640625,0.039886474609375,0.2701873779296875,0.329803466796875,2.9215228801366973,0.7889377955191498,0.34831086860869537,0.9800372551723746
1.0,0.99609375,0.0,1.0,1.0,0.7915702273958504,3.1846979912279836,0.0,0.0,0.0,0.0,0.0,0.0,107.42962646484375,37.28183364868164,14.334152221679688,33.19319534301758,237.61106872558594,25.664955139160156,0.1323394775390625,0.000762939453125,1.52587890625e-05,0.0,0.0920562744140625,0.7053985595703125,0.0518798828125,0.017547607421875,2.2254434073013254,0.8944222047649829,0.6895497631757166,0.9835828267819718
1.0,0.99609375,0.0,1.0,1.0,0.7915702273958504,3.1846979912279836,0.0,0.0,0.0,0.0,0.0,0.0,104.71778869628906,41.81753921508789,11.497589111328125,29.38574981689453,239.7439727783203,26.234256744384766,0.1618499755859375,0.002044677734375,3.0517578125e-05,6.103515625e-05,0.03826904296875,0.728179931640625,0.031982421875,0.0375823974609375,2.1551008556670874,0.9140441839698207,0.7261779231047989,0.9823620979375564
1.0,0.99609375,0.0,1.0,1.0,0.7915702273958504,3.1846979912279836,0.0,0.0,0.0,0.0,0.0,0.0,102.02801513671875,42.962867736816406,13.36224365234375,31.95583152770996,238.51168823242188,23.543256759643555,0.177764892578125,0.001678466796875,7.62939453125e-05,1.52587890625e-05,0.1183624267578125,0.637908935546875,0.0222015380859375,0.0419921875,1.4746082637128755,0.9046306343667012,0.6992391862283636,0.9873937151459645
1.0,0.99609375,0.0,1.0,1.0,0.7915702273958504,3.1846979912279836,0.0,0.0,0.0,0.0,0.0,0.0,107.48133850097656,32.07988357543945,10.837509155273438,26.4362735748291,241.21881103515625,25.270654678344727,0.1015625,0.0005950927734375,0.0001068115234375,0.0001220703125,0.2590484619140625,0.6099853515625,0.0228424072265625,0.0057373046875,2.515269722967629,0.8852494702517126,0.5401967658005948,0.9790665766170327
1.0,0.99609375,0.0,1.0,1.0,0.7915702273958504,3.1846979912279836,0.0,0.0,0.0,0.0,0.0,0.0,108.38816833496094,35.14035415649414,8.763656616210938,21.944805145263672,243.76113891601562,18.940792083740234,0.118194580078125,0.00225830078125,0.0001983642578125,0.00018310546875,0.06097412109375,0.76806640625,0.0316009521484375,0.018524169921875,1.8237462814193397,0.9027892466922247,0.5742197446434162,0.9731978962622199
1.0,0.99609375,0.0,1.0,1.0,0.7915702273958504,3.1846979912279836,0.0,0.0,0.0,0.0,0.0,0.0,107.75283813476562,49.464412689208984,10.0997314453125,26.90155792236328,215.28366088867188,21.959131240844727,0.175384521484375,0.010772705078125,0.0052642822265625,0.0043792724609375,0.0746917724609375,0.3895721435546875,0.2649383544921875,0.0749969482421875,2.312293075680008,0.8599402114323967,0.5400187194550152,0.9752334491488008
1.0,0.99609375,0.0,1.0,1.0,0.7915702273958504,3.1846979912279836,0.0,0.0,0.0,0.0,0.0,0.0,117.68672180175781,48.57583236694336,20.284927368164062,42.06734085083008,214.16526794433594,26.234378814697266,0.1743927001953125,0.000457763671875,1.52587890625e-05,1.52587890625e-05,0.004150390625,0.1964874267578125,0.5613250732421875,0.0631561279296875,2.671453417988299,0.809639015680389,0.4312861850217867,0.982348923044055
1.0,0.99609375,0.0,1.0,1.0,0.7915702273958504,3.1846979912279836,0.0,0.0,0.0,0.0,0.0,0.0,106.28709411621094,72.50418853759766,17.332534790039062,39.15464782714844,217.13893127441406,26.904438018798828,0.354644775390625,0.007537841796875,0.0001983642578125,9.1552734375e-05,0.0009765625,0.016387939453125,0.1450958251953125,0.475067138671875,2.254781128852087,0.8130924820689565,0.4380696078523094,0.9851618726056948
1.0,0.99609375,0.0,1.0,1.0,0.7915702273958504,3.1846979912279836,0.0,0.0,0.0,0.0,0.0,0.0,63.96800231933594,74.9791259765625,17.860153198242188,36.92414093017578,212.87115478515625,23.54241180419922,0.64453125,0.0087432861328125,7.62939453125e-05,4.57763671875e-05,0.0002288818359375,0.0015716552734375,0.0402679443359375,0.304534912109375,2.1982465430091427,0.8251855182597571,0.45097313792593846,0.9814842839933031
1.0,0.99609375,0.0,1.0,1.0,0.7915702273958504,3.1846979912279836,0.0,0.0,0.0,0.0,0.0,0.0,97.53041076660156,73.08796691894531,36.15296936035156,58.12899398803711,199.53636169433594,37.09261703491211,0.41070556640625,0.0010528564453125,9.1552734375e-05,6.103515625e-05,0.0009918212890625,0.0192718505859375,0.2155609130859375,0.352264404296875,4.837092660294038,0.7452660966068496,0.284473201468352,0.9831636596593367
1.0,0.99609375,0.0,1.0,1.0,0.7915702273958504,3.1846979912279836,0.0,0.0,0.0,0.0,0.0,0.0,92.03102111816406,75.33570098876953,33.57688903808594,56.996116638183594,196.6367950439453,43.99457550048828,0.4513092041015625,0.0035247802734375,0.0001068115234375,9.1552734375e-05,0.0013427734375,0.0167236328125,0.123626708984375,0.4032745361328125,5.032059431771868,0.7732454919488249,0.31565763584109036,0.9859941732710044
1.0,0.99609375,0.0,1.0,1.0,0.7915702273958504,3.1846979912279836,0.0,0.0,0.0,0.0,0.0,0.0,115.31265258789062,67.62837219238281,12.9893798828125,31.254680633544922,221.17843627929688,19.130725860595703,0.2830352783203125,0.0050201416015625,0.0001983642578125,0.0001373291015625,0.0016632080078125,0.038787841796875,0.1867523193359375,0.484405517578125,1.7907255238214017,0.859017995883055,0.4851253170385331,0.9781485503802613
1.0,0.99609375,0.0,1.0,1.0,0.7915702273958504,3.1846979912279836,0.0,0.0,0.0,0.0,0.0,0.0,119.97257995605469,54.60124206542969,14.4515380859375,32.499542236328125,222.30950927734375,23.34293556213379,0.194244384765625,0.0028228759765625,0.000213623046875,4.57763671875e-05,0.003936767578125,0.123321533203125,0.4224853515625,0.2529296875,2.0682763187398874,0.8374258187059574,0.6566447946958595,0.9816365141372816
1.0,0.99609375,0.0,1.0,1.0,0.7915702273958504,3.1846979912279836,0.0,0.0,0.0,0.0,0.0,0.0,108.70889282226562,41.25111770629883,14.895721435546875,29.827720642089844,227.57777404785156,15.293695449829102,0.1575775146484375,0.00054931640625,1.52587890625e-05,0.0,0.0152587890625,0.7105560302734375,0.0844879150390625,0.03155517578125,1.030379448117392,0.8921751737811792,0.4994112934511192,0.9821227050672041
1.0,0.99609375,0.0,1.0,1.0,0.7915702273958504,3.1846979912279836,0.0,0.0,0.0,0.0,0.0,0.0,117.72256469726562,63.38510513305664,15.535934448242188,36.94261932373047,216.01162719726562,25.406530380249023,0.24835205078125,0.0025634765625,0.000152587890625,0.000152587890625,0.00274658203125,0.0492706298828125,0.320037841796875,0.3767242431640625,2.3562286361497526,0.8145739692121521,0.4408805784562373,0.981809932373412
1.0,0.99609375,0.0,1.0,1.0,0.7915702273958504,3.1846979912279836,0.0,0.0,0.0,0.0,0.0,0.0,122.72279357910156,47.81264877319336,15.118942260742188,35.46598434448242,211.13905334472656,26.507076263427734,0.148284912109375,0.0042572021484375,0.000152587890625,0.0001678466796875,0.0060577392578125,0.1549530029296875,0.5505828857421875,0.1355438232421875,3.064431344255855,0.815944108414059,0.39378685086776555,0.9768483261809233
1.0,0.99609375,0.0,1.0,1.0,0.7915702273958504,3.1846979912279836,0.0,0.0,0.0,0.0,0.0,0.0,129.1854248046875,52.02670669555664,13.41619873046875,30.020427703857422,209.90310668945312,20.840320587158203,0.1558990478515625,0.001007080078125,3.0517578125e-05,4.57763671875e-05,0.0008392333984375,0.0419769287109375,0.53399658203125,0.266204833984375,2.625302853989816,0.8133555333269427,0.39183635104413844,0.9700378408434859
1.0,0.99609375,0.0,1.0,1.0,0.7915702273958504,3.1846979912279836,0.0,0.0,0.0,0.0,0.0,0.0,106.33914184570312,74.7980728149414,20.136337280273438,39.76896667480469,209.35809326171875,27.388044357299805,0.370452880859375,0.0025634765625,0.0001068115234375,0.0001068115234375,0.0002288818359375,0.006683349609375,0.1301422119140625,0.489715576171875,2.9962300342543022,0.7933161771463243,0.3821941626011116,0.9803143210657754
1.0,0.99609375,0.0,1.0,1.0,0.7915702273958504,3.1846979912279836,0.0,0.0,0.0,0.0,0.0,0.0,105.92929077148438,73.78386688232422,11.468093872070312,26.591400146484375,218.01856994628906,18.037073135375977,0.361602783203125,0.00750732421875,0.0001220703125,0.00018310546875,0.0007171630859375,0.011627197265625,0.1241912841796875,0.494049072265625,2.3174118573042337,0.837234413109435,0.46674630526251354,0.9649023201790179
1.0,0.99609375,0.0,1.0,1.0,0.7915702273958504,3.1846979912279836,0.0,0.0,0.0,0.0,0.0,0.0,107.99009704589844,40.71548843383789,13.412078857421875,31.782604217529297,225.3189239501953,20.136764526367188,0.1474151611328125,0.0015411376953125,1.52587890625e-05,0.0001068115234375,0.0386810302734375,0.6937713623046875,0.0756072998046875,0.0428619384765625,1.3002467731483514,0.8957896479661247,0.546645104236308,0.9861294326446324
1.0,0.99609375,0.0,1.0,1.0,0.7915702273958504,3.1846979912279836,0.0,0.0,0.0,0.0,0.0,0.0,113.45497131347656,34.58004379272461,8.11767578125,18.655824661254883,231.00442504882812,12.965977668762207,0.0997161865234375,0.0013275146484375,0.0,6.103515625e-05,0.038421630859375,0.755828857421875,0.059783935546875,0.04486083984375,0.7643635105633133,0.9279047243343987,0.697316974133583,0.9785518810449153
1.0,0.99609375,0.0,1.0,1.0,0.7915702273958504,3.1846979912279836,0.0,0.0,0.0,0.0,0.0,0.0,111.02011108398438,39.52436065673828,14.659927368164062,34.59660339355469,225.77377319335938,19.885353088378906,0.1347808837890625,0.000335693359375,0.0,0.0,0.033782958984375,0.6653289794921875,0.12579345703125,0.03997802734375,1.53606190409994,0.8977459559693467,0.5516776362952405,0.9833341121708858
1.0,0.99609375,0.0,1.0,1.0,0.7915702273958504,3.1846979912279836,0.0,0.0,0.0,0.0,0.0,0.0,120.16290283203125,60.92793655395508,15.660629272460938,34.29753875732422,220.23452758789062,27.048276901245117,0.2290496826171875,0.0020294189453125,0.0002288818359375,7.62939453125e-05,0.0016937255859375,0.0478973388671875,0.3570098876953125,0.3620147705078125,2.2728688419105136,0.8282532824115736,0.5434603091645632,0.9842953621517443
1.0,0.99609375,0.0,1.0,1.0,0.7915702273958504,3.1846979912279836,0.0,0.0,0.0,0.0,0.0,0.0,122.04946899414062,59.051483154296875,15.492996215820312,38.055667877197266,221.29278564453125,26.611364364624023,0.2086944580078125,0.0022125244140625,3.0517578125e-05,1.52587890625e-05,0.0013580322265625,0.0522613525390625,0.391815185546875,0.3436126708984375,2.3193547404263515,0.819511016574071,0.4397958042449226,0.9847656420650743
1.0,0.99609375,0.0,1.0,1.0,0.7915702273958504,3.1846979912279836,0.0,0.0,0.0,0.0,0.0,0.0,108.15948486328125,41.14314270019531,16.7242431640625,33.4000244140625,230.51727294921875,16.297584533691406,0.157928466796875,0.000396728515625,0.0,0.0,0.006011962890625,0.739044189453125,0.0712432861328125,0.0253753662109375,1.6018123851856312,0.8944320701866892,0.6763001230844838,0.9760105871296486
1.0,0.99609375,0.0,1.0,1.0,0.7915702273958504,3.1846979912279836,0.0,0.0,0.0,0.0,0.0,0.0,125.07000732421875,50.79087829589844,16.189361572265625,36.77096176147461,216.00990295410156,26.99260711669922,0.16046142578125,0.0008544921875,4.57763671875e-05,0.0,0.001678466796875,0.07733154296875,0.5894775390625,0.1701507568359375,2.5439340343026404,0.8320434652170432,0.36839252375591847,0.9823768980877245
1.0,0.99609375,0.0,1.0,1.0,0.7915702273958504,3.1846979912279836,0.0,0.0,0.0,0.0,0.0,0.0,118.55662536621094,67.59842681884766,14.051727294921875,30.84392738342285,217.8543701171875,22.704742431640625,0.2690277099609375,0.0006866455078125,1.52587890625e-05,0.0,0.0003509521484375,0.012969970703125,0.3284149169921875,0.3885345458984375,2.231174601675031,0.834940005952679,0.4514748095075845,0.9786033699014738
1.0,0.99609375,0.0,1.0,1.0,0.7915702273958504,3.1846979912279836,0.0,0.0,0.0,0.0,0.0,0.0,110.34541320800781,36.576820373535156,8.196273803710938,19.49041748046875,230.98948669433594,11.127659797668457,0.1179962158203125,0.00115966796875,0.0,3.0517578125e-05,0.04132080078125,0.7600860595703125,0.047607421875,0.03179931640625,0.5229020826602321,0.9222011738532707,0.6776753334588183,0.9826809956933746
1.0,0.99609375,0.0,1.0,1.0,0.7915702273958504,3.1846979912279836,0.0,0.0,0.0,0.0,0.0,0.0,109.85350036621094,38.6431999206543,13.145187377929688,31.325136184692383,226.0475616455078,19.69467544555664,0.1320343017578125,0.0003509521484375,0.0,0.0,0.0551605224609375,0.6822662353515625,0.094757080078125,0.035430908203125,0.8476785099921742,0.9103416198504184,0.5398628863556729,0.9900880370566874
1.0,0.99609375,0.0,1.0,1.0,0.7915702273958504,3.1846979912279836,0.0,0.0,0.0,0.0,0.0,0.0,108.60098266601562,39.91866683959961,12.038650512695312,25.92074966430664,228.14268493652344,15.323960304260254,0.1473388671875,0.000244140625,0.0,3.0517578125e-05,0.03265380859375,0.69024658203125,0.1059722900390625,0.0235137939453125,0.6629140868552659,0.8903360242560832,0.5748402809455414,0.9884783827772547
1.0,0.99609375,0.0,1.0,1.0,0.7915702273958504,3.1846979912279836,0.0,0.0,0.0,0.0,0.0,0.0,96.88267517089844,76.49694061279297,19.062240600585938,37.94257736206055,216.77857971191406,28.930301666259766,0.428924560546875,0.0038299560546875,0.0001373291015625,6.103515625e-05,0.000213623046875,0.006011962890625,0.1186981201171875,0.4421234130859375,3.9397951374846896,0.792429917114275,0.4326290129557361,0.9763305111745081
1.0,0.99609375,0.0,1.0,1.0,0.7915702273958504,3.1846979912279836,0.0,0.0,0.0,0.0,0.0,0.0,109.20681762695312,64.25255584716797,15.558914184570312,34.656044006347656,226.2732391357422,19.278738021850586,0.2852325439453125,0.00201416015625,0.0001983642578125,6.103515625e-05,0.0047454833984375,0.1008453369140625,0.316802978515625,0.29010009765625,2.6973743232219887,0.8073901570938278,0.4823678903611853,0.9716851006887437
1.0,0.99609375,0.0,1.0,1.0,0.7915702273958504,3.1846979912279836,0.0,0.0,0.0,0.0,0.0,0.0,101.95855712890625,49.481605529785156,18.85980224609375,39.862518310546875,229.3842010498047,15.176474571228027,0.228240966796875,0.0010986328125,1.52587890625e-05,0.0001220703125,0.0319366455078125,0.54718017578125,0.09893798828125,0.09246826171875,1.7089575522593008,0.8746143082088298,0.47221255580081045,0.9769812542197407
1.0,0.99609375,0.0,1.0,1.0,0.7915702273958504,3.1846979912279836,0.0,0.0,0.0,0.0,0.0,0.0,118.01603698730469,51.58103942871094,15.534683227539062,35.31684112548828,223.49867248535156,18.776521682739258,0.18255615234375,0.0003814697265625,1.52587890625e-05,1.52587890625e-05,0.0034637451171875,0.1849365234375,0.5092926025390625,0.1193389892578125,2.1263618122587133,0.8351701917176229,0.4476792029588148,0.9760994282544078
1.0,0.99609375,0.0,1.0,1.0,0.7915702273958504,3.1846979912279836,0.0,0.0,0.0,0.0,0.0,0.0,126.33026123046875,58.24534606933594,10.653488159179688,22.06169891357422,222.30824279785156,10.382013320922852,0.193084716796875,0.000244140625,0.0,0.0,0.0002899169921875,0.02392578125,0.4738922119140625,0.308563232421875,1.2238517623769989,0.82830929327285,0.36401298381238867,0.958628218069418
1.0,0.99609375,0.0,1.0,1.0,0.7915702273958504,3.1846979912279836,0.0,0.0,0.0,0.0,0.0,0.0,110.30702209472656,35.42477798461914,10.973403930664062,23.784616470336914,232.38592529296875,12.476574897766113,0.1168670654296875,0.001373291015625,4.57763671875e-05,6.103515625e-05,0.0475006103515625,0.7769927978515625,0.0404815673828125,0.0166778564453125,0.580251787049832,0.9099561983687972,0.6758522761787984,0.9853028565601991
1.0,0.99609375,0.0,1.0,1.0,0.7915702273958504,3.1846979912279836,0.0,0.0,0.0,0.0,0.0,0.0,110.92829895019531,33.29291915893555,11.685745239257812,24.29037094116211,234.94265747070312,14.231734275817871,0.1046142578125,0.00030517578125,0.0,0.0,0.0224761962890625,0.8280487060546875,0.0345458984375,0.010009765625,0.6350251605213884,0.9216703830737435,0.7503423501340213,0.9871187273931763
1.0,0.99609375,0.0,1.0,1.0,0.7915702273958504,3.1846979912279836,0.0,0.0,0.0,0.0,0.0,0.0,104.22709655761719,44.08695983886719,15.29742431640625,31.90705108642578,231.091552734375,11.718777656555176,0.1864013671875,0.0019073486328125,4.57763671875e-05,0.000244140625,0.0573577880859375,0.6128692626953125,0.0910186767578125,0.0501556396484375,0.6217592331678203,0.8897568771075405,0.5689250356890396,0.9869879704530055
1.0,0.99609375,0.0,1.0,1.0,0.7915702273958504,3.1846979912279836,0.0,0.0,0.0,0.0,0.0,0.0,109.4935302734375,39.74072265625,14.837005615234375,30.135160446166992,231.08734130859375,15.326050758361816,0.149200439453125,0.0011749267578125,1.52587890625e-05,0.0,0.016265869140625,0.7288665771484375,0.0799407958984375,0.0245361328125,0.8708198059333643,0.8928807184212377,0.5379377422021285,0.9845250183466351
1.0,0.99609375,0.0,1.0,1.0,0.7915702273958504,3.1846979912279836,0.0,0.0,0.0,0.0,0.0,0.0,111.08114624023438,34.54145431518555,15.554550170898438,36.66664505004883,232.67745971679688,19.726909637451172,0.108154296875,0.0003814697265625,0.0,0.0,0.0221099853515625,0.7952728271484375,0.06036376953125,0.0137176513671875,1.4241270471288234,0.8981523369971699,0.6106350597727693,0.985215727358776
1.0,0.99609375,0.0,1.0,1.0,0.7915702273958504,3.1846979912279836,0.0,0.0,0.0,0.0,0.0,0.0,111.32545471191406,34.2122802734375,15.28131103515625,36.40473937988281,230.9534149169922,19.44112205505371,0.1058807373046875,0.0005645751953125,7.62939453125e-05,0.000152587890625,0.03985595703125,0.77545166015625,0.0692138671875,0.0088043212890625,1.6605353042191906,0.9103045463765794,0.5361913102613657,0.9827719606550565
1.0,0.99609375,0.0,1.0,1.0,0.7915702273958504,3.1846979912279836,0.0,0.0,0.0,0.0,0.0,0.0,110.98526000976562,33.90681457519531,12.36212158203125,31.06982421875,230.80084228515625,21.176603317260742,0.100433349609375,0.0067901611328125,4.57763671875e-05,6.103515625e-05,0.0656280517578125,0.742950439453125,0.0679779052734375,0.01611328125,1.7424691526695257,0.8962415402200492,0.5365742358876513,0.9815805464410742
1.0,0.99609375,0.0,1.0,1.0,0.7915702273958504,3.1846979912279836,0.0,0.0,0.0,0.0,0.0,0.0,43.69879150390625,64.3305435180664,14.686309814453125,30.056785583496094,236.89291381835938,14.880302429199219,0.7681427001953125,0.0169525146484375,9.1552734375e-05,7.62939453125e-05,0.0001983642578125,0.0009613037109375,0.01336669921875,0.2002105712890625,1.0878666087845565,0.8824271448468936,0.5074796102880681,0.9819556025125331
1.0,0.99609375,0.0,1.0,1.0,0.7915702273958504,3.1846979912279836,0.0,0.0,0.0,0.0,0.0,0.0,107.913818359375,37.64158630371094,14.4921875,33.68111801147461,225.58428955078125,20.62525749206543,0.136993408203125,0.0035247802734375,1.52587890625e-05,4.57763671875e-05,0.0469512939453125,0.7531585693359375,0.042816162109375,0.0164947509765625,0.9085771719770757,0.8885896944185361,0.6239778435025303,0.9899458066924375
1.0,0.99609375,0.0,1.0,1.0,0.7915702273958504,3.1846979912279836,0.0,0.0,0.0,0.0,0.0,0.0,110.93263244628906,34.85629653930664,15.112411499023438,33.78436279296875,230.8756103515625,17.676904678344727,0.11114501953125,0.000518798828125,0.0,0.0,0.0066070556640625,0.82684326171875,0.0442962646484375,0.010589599609375,0.8409641343394149,0.9265243378734276,0.7860789868734193,0.9895424694816152
1.0,0.99609375,0.0,1.0,1.0,0.7915702273958504,3.1846979912279836,0.0,0.0,0.0,0.0,0.0,0.0,101.43022155761719,46.625205993652344,16.761795043945312,35.90440368652344,223.67857360839844,21.956153869628906,0.2064971923828125,0.0012054443359375,0.0,0.000244140625,0.075592041015625,0.590545654296875,0.0611114501953125,0.0648040771484375,2.2047859981153772,0.8635847446892273,0.46117694147110627,0.9803849077495439
1.0,0.99609375,0.0,1.0,1.0,0.7915702273958504,3.1846979912279836,0.0,0.0,0.0,0.0,0.0,0.0,101.52070617675781,45.51544952392578,17.084442138671875,33.437232971191406,228.4100341796875,16.221628189086914,0.20733642578125,0.000518798828125,0.0,0.0,0.058624267578125,0.6009674072265625,0.093597412109375,0.0389556884765625,1.2123225894512688,0.8911631462430587,0.6132564986668638,0.9822688812133452
1.0,0.99609375,0.0,1.0,1.0,0.7915702273958504,3.1846979912279836,0.0,0.0,0.0,0.0,0.0,0.0,112.94416809082031,33.2402458190918,10.82781982421875,24.63349723815918,235.60324096679688,19.061262130737305,0.1012725830078125,0.0022125244140625,0.0,0.0,0.0164337158203125,0.8209991455078125,0.046966552734375,0.012115478515625,0.8042600791233288,0.923790388708771,0.7819481510899089,0.9878518390426154
1.0,0.99609375,0.0,1.0,1.0,0.7915702273958504,3.1846979912279836,0.0,0.0,0.0,0.0,0.0,0.0,97.07113647460938,50.92388916015625,15.599395751953125,34.4184684753418,223.7849578857422,20.063186645507812,0.2467041015625,0.0024261474609375,0.0001068115234375,0.0011444091796875,0.0749053955078125,0.5446624755859375,0.0469512939453125,0.083099365234375,1.2968443972941022,0.8806153455282153,0.49396160963938573,0.9867498276076648
1.0,0.99609375,0.0,1.0,1.0,0.7915702273958504,3.1846979912279836,0.0,0.0,0.0,0.0,0.0,0.0,45.04527282714844,66.40523529052734,20.85150146484375,41.052528381347656,213.71560668945312,26.83142852783203,0.76336669921875,0.0101776123046875,6.103515625e-05,3.0517578125e-05,0.0001068115234375,0.0008544921875,0.0130157470703125,0.2123870849609375,3.2328177635713655,0.819746001130752,0.418375792638339,0.9787188100132628
1.0,0.99609375,0.0,1.0,1.0,0.7915702273958504,3.1846979912279836,0.0,0.0,0.0,0.0,0.0,0.0,50.54563903808594,72.17317199707031,21.664199829101562,44.662174224853516,212.57493591308594,26.97344207763672,0.7326507568359375,0.0030059814453125,9.1552734375e-05,6.103515625e-05,1.52587890625e-05,0.000396728515625,0.008453369140625,0.2553253173828125,2.978282662680021,0.8280994938818209,0.3833242468980423,0.9815450925584872
1.0,0.99609375,0.0,1.0,1.0,0.7915702273958504,3.1846979912279836,0.0,0.0,0.0,0.0,0.0,0.0,111.39218139648438,34.50179672241211,13.934341430664062,32.22528076171875,230.78578186035156,19.513256072998047,0.108795166015625,0.001800537109375,0.0,0.0,0.0193023681640625,0.824981689453125,0.0319976806640625,0.01312255859375,1.3821138526116568,0.9250101163186497,0.8174357839250012,0.9836304797269944
1.0,0.99609375,0.0,1.0,1.0,0.7915702273958504,3.1846979912279836,0.0,0.0,0.0,0.0,0.0,0.0,110.559326171875,39.787296295166016,13.068466186523438,30.319801330566406,226.85543823242188,16.558692932128906,0.1357574462890625,0.001129150390625,3.0517578125e-05,1.52587890625e-05,0.0366973876953125,0.67620849609375,0.0965728759765625,0.0535888671875,1.1868240878088474,0.8984165734350098,0.5055827760409761,0.9826125138124482
1.0,0.99609375,0.0,1.0,1.0,0.7915702273958504,3.1846979912279836,0.0,0.0,0.0,0.0,0.0,0.0,96.09234619140625,77.5504150390625,23.328765869140625,43.01661682128906,205.00460815429688,27.203739166259766,0.4377899169921875,0.000396728515625,0.0,0.0,0.0001373291015625,0.0030517578125,0.193878173828125,0.36474609375,3.6442224065862066,0.8165189680879967,0.38090674942363245,0.9764042341138912
1.0,0.99609375,0.0,1.0,1.0,0.7915702273958504,3.1846979912279836,0.0,0.0,0.0,0.0,0.0,0.0,116.951904296875,62.091941833496094,19.93756103515625,44.72416687011719,212.8311767578125,34.22349166870117,0.2425994873046875,0.001708984375,7.62939453125e-05,7.62939453125e-05,0.003387451171875,0.062347412109375,0.3529205322265625,0.336883544921875,3.92794903724548,0.7941982012061948,0.46462953010008207,0.9825252988434517
1.0,0.99609375,0.0,1.0,1.0,0.7915702273958504,3.1846979912279836,0.0,0.0,0.0,0.0,0.0,0.0,112.48182678222656,62.923744201660156,17.216659545898438,33.52048873901367,220.30931091308594,23.502092361450195,0.2698516845703125,0.0010986328125,7.62939453125e-05,0.0,0.001983642578125,0.069091796875,0.399993896484375,0.257904052734375,3.3744691960160136,0.7889665684695624,0.48027419858740444,0.9714881019551193
1.0,0.99609375,0.0,1.0,1.0,0.7915702273958504,3.1846979912279836,0.0,0.0,0.0,0.0,0.0,0.0,117.68672180175781,48.57583236694336,20.284927368164062,42.06734085083008,214.16526794433594,26.234378814697266,0.1743927001953125,0.000457763671875,1.52587890625e-05,1.52587890625e-05,0.004150390625,0.1964874267578125,0.5613250732421875,0.0631561279296875,2.671453417988299,0.809639015680389,0.4312861850217867,0.982348923044055
1.0,0.99609375,0.0,1.0,1.0,0.7915702273958504,3.1846979912279836,0.0,0.0,0.0,0.0,0.0,0.0,106.28709411621094,72.50418853759766,17.332534790039062,39.15464782714844,217.13893127441406,26.904438018798828,0.354644775390625,0.007537841796875,0.0001983642578125,9.1552734375e-05,0.0009765625,0.016387939453125,0.1450958251953125,0.475067138671875,2.254781128852087,0.8130924820689565,0.4380696078523094,0.9851618726056948
1.0,0.99609375,0.0,1.0,1.0,0.7915702273958504,3.1846979912279836,0.0,0.0,0.0,0.0,0.0,0.0,63.96800231933594,74.9791259765625,17.860153198242188,36.92414093017578,212.87115478515625,23.54241180419922,0.64453125,0.0087432861328125,7.62939453125e-05,4.57763671875e-05,0.0002288818359375,0.0015716552734375,0.0402679443359375,0.304534912109375,2.1982465430091427,0.8251855182597571,0.45097313792593846,0.9814842839933031
1.0,0.99609375,0.0,1.0,1.0,0.7915702273958504,3.1846979912279836,0.0,0.0,0.0,0.0,0.0,0.0,97.53041076660156,73.08796691894531,36.15296936035156,58.12899398803711,199.53636169433594,37.09261703491211,0.41070556640625,0.0010528564453125,9.1552734375e-05,6.103515625e-05,0.0009918212890625,0.0192718505859375,0.2155609130859375,0.352264404296875,4.837092660294038,0.7452660966068496,0.284473201468352,0.9831636596593367
1.0,0.99609375,0.0,1.0,1.0,0.7915702273958504,3.1846979912279836,0.0,0.0,0.0,0.0,0.0,0.0,92.03102111816406,75.33570098876953,33.57688903808594,56.996116638183594,196.6367950439453,43.99457550048828,0.4513092041015625,0.0035247802734375,0.0001068115234375,9.1552734375e-05,0.0013427734375,0.0167236328125,0.123626708984375,0.4032745361328125,5.032059431771868,0.7732454919488249,0.31565763584109036,0.9859941732710044
1.0,0.99609375,0.0,1.0,1.0,0.7915702273958504,3.1846979912279836,0.0,0.0,0.0,0.0,0.0,0.0,115.31265258789062,67.62837219238281,12.9893798828125,31.254680633544922,221.17843627929688,19.130725860595703,0.2830352783203125,0.0050201416015625,0.0001983642578125,0.0001373291015625,0.0016632080078125,0.038787841796875,0.1867523193359375,0.484405517578125,1.7907255238214017,0.859017995883055,0.4851253170385331,0.9781485503802613
1.0,0.99609375,0.0,1.0,1.0,0.7915702273958504,3.1846979912279836,0.0,0.0,0.0,0.0,0.0,0.0,119.97257995605469,54.60124206542969,14.4515380859375,32.499542236328125,222.30950927734375,23.34293556213379,0.194244384765625,0.0028228759765625,0.000213623046875,4.57763671875e-05,0.003936767578125,0.123321533203125,0.4224853515625,0.2529296875,2.0682763187398874,0.8374258187059574,0.6566447946958595,0.9816365141372816
1.0,0.99609375,0.0,1.0,1.0,0.7915702273958504,3.1846979912279836,0.0,0.0,0.0,0.0,0.0,0.0,108.70889282226562,41.25111770629883,14.895721435546875,29.827720642089844,227.57777404785156,15.293695449829102,0.1575775146484375,0.00054931640625,1.52587890625e-05,0.0,0.0152587890625,0.7105560302734375,0.0844879150390625,0.03155517578125,1.030379448117392,0.8921751737811792,0.4994112934511192,0.9821227050672041
1.0,0.99609375,0.0,1.0,1.0,0.7915702273958504,3.1846979912279836,0.0,0.0,0.0,0.0,0.0,0.0,117.72256469726562,63.38510513305664,15.535934448242188,36.94261932373047,216.01162719726562,25.406530380249023,0.24835205078125,0.0025634765625,0.000152587890625,0.000152587890625,0.00274658203125,0.0492706298828125,0.320037841796875,0.3767242431640625,2.3562286361497526,0.8145739692121521,0.4408805784562373,0.981809932373412
1.0,0.99609375,0.0,1.0,1.0,0.7915702273958504,3.1846979912279836,0.0,0.0,0.0,0.0,0.0,0.0,122.72279357910156,47.81264877319336,15.118942260742188,35.46598434448242,211.13905334472656,26.507076263427734,0.148284912109375,0.0042572021484375,0.000152587890625,0.0001678466796875,0.0060577392578125,0.1549530029296875,0.5505828857421875,0.1355438232421875,3.064431344255855,0.815944108414059,0.39378685086776555,0.9768483261809233
1.0,0.99609375,0.0,1.0,1.0,0.7915702273958504,3.1846979912279836,0.0,0.0,0.0,0.0,0.0,0.0,129.1854248046875,52.02670669555664,13.41619873046875,30.020427703857422,209.90310668945312,20.840320587158203,0.1558990478515625,0.001007080078125,3.0517578125e-05,4.57763671875e-05,0.0008392333984375,0.0419769287109375,0.53399658203125,0.266204833984375,2.625302853989816,0.8133555333269427,0.39183635104413844,0.9700378408434859
1.0,0.99609375,0.0,1.0,1.0,0.7915702273958504,3.1846979912279836,0.0,0.0,0.0,0.0,0.0,0.0,106.33914184570312,74.7980728149414,20.136337280273438,39.76896667480469,209.35809326171875,27.388044357299805,0.370452880859375,0.0025634765625,0.0001068115234375,0.0001068115234375,0.0002288818359375,0.006683349609375,0.1301422119140625,0.489715576171875,2.9962300342543022,0.7933161771463243,0.3821941626011116,0.9803143210657754
1.0,0.99609375,0.0,1.0,1.0,0.7915702273958504,3.1846979912279836,0.0,0.0,0.0,0.0,0.0,0.0,105.92929077148438,73.78386688232422,11.468093872070312,26.591400146484375,218.01856994628906,18.037073135375977,0.361602783203125,0.00750732421875,0.0001220703125,0.00018310546875,0.0007171630859375,0.011627197265625,0.1241912841796875,0.494049072265625,2.3174118573042337,0.837234413109435,0.46674630526251354,0.9649023201790179
1.0,0.99609375,0.0,1.0,1.0,0.7915702273958504,3.1846979912279836,0.0,0.0,0.0,0.0,0.0,0.0,107.99009704589844,40.71548843383789,13.412078857421875,31.782604217529297,225.3189239501953,20.136764526367188,0.1474151611328125,0.0015411376953125,1.52587890625e-05,0.0001068115234375,0.0386810302734375,0.6937713623046875,0.0756072998046875,0.0428619384765625,1.3002467731483514,0.8957896479661247,0.546645104236308,0.9861294326446324
1.0,0.99609375,0.0,1.0,1.0,0.7915702273958504,3.1846979912279836,0.0,0.0,0.0,0.0,0.0,0.0,113.45497131347656,34.58004379272461,8.11767578125,18.655824661254883,231.00442504882812,12.965977668762207,0.0997161865234375,0.0013275146484375,0.0,6.103515625e-05,0.038421630859375,0.755828857421875,0.059783935546875,0.04486083984375,0.7643635105633133,0.9279047243343987,0.697316974133583,0.9785518810449153
1.0,0.99609375,0.0,1.0,1.0,0.7915702273958504,3.1846979912279836,0.0,0.0,0.0,0.0,0.0,0.0,111.02011108398438,39.52436065673828,14.659927368164062,34.59660339355469,225.77377319335938,19.885353088378906,0.1347808837890625,0.000335693359375,0.0,0.0,0.033782958984375,0.6653289794921875,0.12579345703125,0.03997802734375,1.53606190409994,0.8977459559693467,0.5516776362952405,0.9833341121708858
1.0,0.99609375,0.0,1.0,1.0,0.7915702273958504,3.1846979912279836,0.0,0.0,0.0,0.0,0.0,0.0,120.16290283203125,60.92793655395508,15.660629272460938,34.29753875732422,220.23452758789062,27.048276901245117,0.2290496826171875,0.0020294189453125,0.0002288818359375,7.62939453125e-05,0.0016937255859375,0.0478973388671875,0.3570098876953125,0.3620147705078125,2.2728688419105136,0.8282532824115736,0.5434603091645632,0.9842953621517443
1.0,0.99609375,0.0,1.0,1.0,0.7915702273958504,3.1846979912279836,0.0,0.0,0.0,0.0,0.0,0.0,122.04946899414062,59.051483154296875,15.492996215820312,38.055667877197266,221.29278564453125,26.611364364624023,0.2086944580078125,0.0022125244140625,3.0517578125e-05,1.52587890625e-05,0.0013580322265625,0.0522613525390625,0.391815185546875,0.3436126708984375,2.3193547404263515,0.819511016574071,0.4397958042449226,0.9847656420650743
1.0,0.99609375,0.0,1.0,1.0,0.7915702273958504,3.1846979912279836,0.0,0.0,0.0,0.0,0.0,0.0,108.15948486328125,41.14314270019531,16.7242431640625,33.4000244140625,230.51727294921875,16.297584533691406,0.157928466796875,0.000396728515625,0.0,0.0,0.006011962890625,0.739044189453125,0.0712432861328125,0.0253753662109375,1.6018123851856312,0.8944320701866892,0.6763001230844838,0.9760105871296486
1.0,0.99609375,0.0,1.0,1.0,0.7915702273958504,3.1846979912279836,0.0,0.0,0.0,0.0,0.0,0.0,125.07000732421875,50.79087829589844,16.189361572265625,36.77096176147461,216.00990295410156,26.99260711669922,0.16046142578125,0.0008544921875,4.57763671875e-05,0.0,0.001678466796875,0.07733154296875,0.5894775390625,0.1701507568359375,2.5439340343026404,0.8320434652170432,0.36839252375591847,0.9823768980877245
1.0,0.99609375,0.0,1.0,1.0,0.7915702273958504,3.1846979912279836,0.0,0.0,0.0,0.0,0.0,0.0,118.55662536621094,67.59842681884766,14.051727294921875,30.84392738342285,217.8543701171875,22.704742431640625,0.2690277099609375,0.0006866455078125,1.52587890625e-05,0.0,0.0003509521484375,0.012969970703125,0.3284149169921875,0.3885345458984375,2.231174601675031,0.834940005952679,0.4514748095075845,0.9786033699014738
1.0,0.99609375,0.0,1.0,1.0,0.7915702273958504,3.1846979912279836,0.0,0.0,0.0,0.0,0.0,0.0,110.34541320800781,36.576820373535156,8.196273803710938,19.49041748046875,230.98948669433594,11.127659797668457,0.1179962158203125,0.00115966796875,0.0,3.0517578125e-05,0.04132080078125,0.7600860595703125,0.047607421875,0.03179931640625,0.5229020826602321,0.9222011738532707,0.6776753334588183,0.9826809956933746
1.0,0.99609375,0.0,1.0,1.0,0.7915702273958504,3.1846979912279836,0.0,0.0,0.0,0.0,0.0,0.0,109.85350036621094,38.6431999206543,13.145187377929688,31.325136184692383,226.0475616455078,19.69467544555664,0.1320343017578125,0.0003509521484375,0.0,0.0,0.0551605224609375,0.6822662353515625,0.094757080078125,0.035430908203125,0.8476785099921742,0.9103416198504184,0.5398628863556729,0.9900880370566874
1.0,0.99609375,0.0,1.0,1.0,0.7915702273958504,3.1846979912279836,0.0,0.0,0.0,0.0,0.0,0.0,108.60098266601562,39.91866683959961,12.038650512695312,25.92074966430664,228.14268493652344,15.323960304260254,0.1473388671875,0.000244140625,0.0,3.0517578125e-05,0.03265380859375,0.69024658203125,0.1059722900390625,0.0235137939453125,0.6629140868552659,0.8903360242560832,0.5748402809455414,0.9884783827772547
1.0,0.99609375,0.0,1.0,1.0,0.7915702273958504,3.1846979912279836,0.0,0.0,0.0,0.0,0.0,0.0,96.88267517089844,76.49694061279297,19.062240600585938,37.94257736206055,216.77857971191406,28.930301666259766,0.428924560546875,0.0038299560546875,0.0001373291015625,6.103515625e-05,0.000213623046875,0.006011962890625,0.1186981201171875,0.4421234130859375,3.9397951374846896,0.792429917114275,0.4326290129557361,0.9763305111745081
1.0,0.99609375,0.0,1.0,1.0,0.7915702273958504,3.1846979912279836,0.0,0.0,0.0,0.0,0.0,0.0,109.20681762695312,64.25255584716797,15.558914184570312,34.656044006347656,226.2732391357422,19.278738021850586,0.2852325439453125,0.00201416015625,0.0001983642578125,6.103515625e-05,0.0047454833984375,0.1008453369140625,0.316802978515625,0.29010009765625,2.6973743232219887,0.8073901570938278,0.4823678903611853,0.9716851006887437
1.0,0.99609375,0.0,1.0,1.0,0.7915702273958504,3.1846979912279836,0.0,0.0,0.0,0.0,0.0,0.0,101.95855712890625,49.481605529785156,18.85980224609375,39.862518310546875,229.3842010498047,15.176474571228027,0.228240966796875,0.0010986328125,1.52587890625e-05,0.0001220703125,0.0319366455078125,0.54718017578125,0.09893798828125,0.09246826171875,1.7089575522593008,0.8746143082088298,0.47221255580081045,0.9769812542197407
1.0,0.99609375,0.0,1.0,1.0,0.7915702273958504,3.1846979912279836,0.0,0.0,0.0,0.0,0.0,0.0,118.01603698730469,51.58103942871094,15.534683227539062,35.31684112548828,223.49867248535156,18.776521682739258,0.18255615234375,0.0003814697265625,1.52587890625e-05,1.52587890625e-05,0.0034637451171875,0.1849365234375,0.5092926025390625,0.1193389892578125,2.1263618122587133,0.8351701917176229,0.4476792029588148,0.9760994282544078
1.0,0.99609375,0.0,1.0,1.0,0.7915702273958504,3.1846979912279836,0.0,0.0,0.0,0.0,0.0,0.0,126.33026123046875,58.24534606933594,10.653488159179688,22.06169891357422,222.30824279785156,10.382013320922852,0.193084716796875,0.000244140625,0.0,0.0,0.0002899169921875,0.02392578125,0.4738922119140625,0.308563232421875,1.2238517623769989,0.82830929327285,0.36401298381238867,0.958628218069418
1.0,0.99609375,0.0,1.0,1.0,0.7915702273958504,3.1846979912279836,0.0,0.0,0.0,0.0,0.0,0.0,110.30702209472656,35.42477798461914,10.973403930664062,23.784616470336914,232.38592529296875,12.476574897766113,0.1168670654296875,0.001373291015625,4.57763671875e-05,6.103515625e-05,0.0475006103515625,0.7769927978515625,0.0404815673828125,0.0166778564453125,0.580251787049832,0.9099561983687972,0.6758522761787984,0.9853028565601991
1.0,0.99609375,0.0,1.0,1.0,0.7915702273958504,3.1846979912279836,0.0,0.0,0.0,0.0,0.0,0.0,110.92829895019531,33.29291915893555,11.685745239257812,24.29037094116211,234.94265747070312,14.231734275817871,0.1046142578125,0.00030517578125,0.0,0.0,0.0224761962890625,0.8280487060546875,0.0345458984375,0.010009765625,0.6350251605213884,0.9216703830737435,0.7503423501340213,0.9871187273931763
1.0,0.99609375,0.0,1.0,1.0,0.7915702273958504,3.1846979912279836,0.0,0.0,0.0,0.0,0.0,0.0,104.22709655761719,44.08695983886719,15.29742431640625,31.90705108642578,231.091552734375,11.718777656555176,0.1864013671875,0.0019073486328125,4.57763671875e-05,0.000244140625,0.0573577880859375,0.6128692626953125,0.0910186767578125,0.0501556396484375,0.6217592331678203,0.8897568771075405,0.5689250356890396,0.9869879704530055
1.0,0.99609375,0.0,1.0,1.0,0.7915702273958504,3.1846979912279836,0.0,0.0,0.0,0.0,0.0,0.0,109.4935302734375,39.74072265625,14.837005615234375,30.135160446166992,231.08734130859375,15.326050758361816,0.149200439453125,0.0011749267578125,1.52587890625e-05,0.0,0.016265869140625,0.7288665771484375,0.0799407958984375,0.0245361328125,0.8708198059333643,0.8928807184212377,0.5379377422021285,0.9845250183466351
1.0,0.99609375,0.0,1.0,1.0,0.7915702273958504,3.1846979912279836,0.0,0.0,0.0,0.0,0.0,0.0,111.08114624023438,34.54145431518555,15.554550170898438,36.66664505004883,232.67745971679688,19.726909637451172,0.108154296875,0.0003814697265625,0.0,0.0,0.0221099853515625,0.7952728271484375,0.06036376953125,0.0137176513671875,1.4241270471288234,0.8981523369971699,0.6106350597727693,0.985215727358776
1.0,0.99609375,0.0,1.0,1.0,0.7915702273958504,3.1846979912279836,0.0,0.0,0.0,0.0,0.0,0.0,111.32545471191406,34.2122802734375,15.28131103515625,36.40473937988281,230.9534149169922,19.44112205505371,0.1058807373046875,0.0005645751953125,7.62939453125e-05,0.000152587890625,0.03985595703125,0.77545166015625,0.0692138671875,0.0088043212890625,1.6605353042191906,0.9103045463765794,0.5361913102613657,0.9827719606550565
1.0,0.99609375,0.0,1.0,1.0,0.7915702273958504,3.1846979912279836,0.0,0.0,0.0,0.0,0.0,0.0,110.98526000976562,33.90681457519531,12.36212158203125,31.06982421875,230.80084228515625,21.176603317260742,0.100433349609375,0.0067901611328125,4.57763671875e-05,6.103515625e-05,0.0656280517578125,0.742950439453125,0.0679779052734375,0.01611328125,1.7424691526695257,0.8962415402200492,0.5365742358876513,0.9815805464410742
1.0,0.99609375,0.0,1.0,1.0,0.7915702273958504,3.1846979912279836,0.0,0.0,0.0,0.0,0.0,0.0,43.69879150390625,64.3305435180664,14.686309814453125,30.056785583496094,236.89291381835938,14.880302429199219,0.7681427001953125,0.0169525146484375,9.1552734375e-05,7.62939453125e-05,0.0001983642578125,0.0009613037109375,0.01336669921875,0.2002105712890625,1.0878666087845565,0.8824271448468936,0.5074796102880681,0.9819556025125331
1.0,0.99609375,0.0,1.0,1.0,0.7915702273958504,3.1846979912279836,0.0,0.0,0.0,0.0,0.0,0.0,107.913818359375,37.64158630371094,14.4921875,33.68111801147461,225.58428955078125,20.62525749206543,0.136993408203125,0.0035247802734375,1.52587890625e-05,4.57763671875e-05,0.0469512939453125,0.7531585693359375,0.042816162109375,0.0164947509765625,0.9085771719770757,0.8885896944185361,0.6239778435025303,0.9899458066924375
1.0,0.99609375,0.0,1.0,1.0,0.7915702273958504,3.1846979912279836,0.0,0.0,0.0,0.0,0.0,0.0,110.93263244628906,34.85629653930664,15.112411499023438,33.78436279296875,230.8756103515625,17.676904678344727,0.11114501953125,0.000518798828125,0.0,0.0,0.0066070556640625,0.82684326171875,0.0442962646484375,0.010589599609375,0.8409641343394149,0.9265243378734276,0.7860789868734193,0.9895424694816152
1.0,0.99609375,0.0,1.0,1.0,0.7915702273958504,3.1846979912279836,0.0,0.0,0.0,0.0,0.0,0.0,101.43022155761719,46.625205993652344,16.761795043945312,35.90440368652344,223.67857360839844,21.956153869628906,0.2064971923828125,0.0012054443359375,0.0,0.000244140625,0.075592041015625,0.590545654296875,0.0611114501953125,0.0648040771484375,2.2047859981153772,0.8635847446892273,0.46117694147110627,0.9803849077495439
1.0,0.99609375,0.0,1.0,1.0,0.7915702273958504,3.1846979912279836,0.0,0.0,0.0,0.0,0.0,0.0,101.52070617675781,45.51544952392578,17.084442138671875,33.437232971191406,228.4100341796875,16.221628189086914,0.20733642578125,0.000518798828125,0.0,0.0,0.058624267578125,0.6009674072265625,0.093597412109375,0.0389556884765625,1.2123225894512688,0.8911631462430587,0.6132564986668638,0.9822688812133452
1.0,0.99609375,0.0,1.0,1.0,0.7915702273958504,3.1846979912279836,0.0,0.0,0.0,0.0,0.0,0.0,112.94416809082031,33.2402458190918,10.82781982421875,24.63349723815918,235.60324096679688,19.061262130737305,0.1012725830078125,0.0022125244140625,0.0,0.0,0.0164337158203125,0.8209991455078125,0.046966552734375,0.012115478515625,0.8042600791233288,0.923790388708771,0.7819481510899089,0.9878518390426154
1.0,0.99609375,0.0,1.0,1.0,0.7915702273958504,3.1846979912279836,0.0,0.0,0.0,0.0,0.0,0.0,97.07113647460938,50.92388916015625,15.599395751953125,34.4184684753418,223.7849578857422,20.063186645507812,0.2467041015625,0.0024261474609375,0.0001068115234375,0.0011444091796875,0.0749053955078125,0.5446624755859375,0.0469512939453125,0.083099365234375,1.2968443972941022,0.8806153455282153,0.49396160963938573,0.9867498276076648
1.0,0.99609375,0.0,1.0,1.0,0.7915702273958504,3.1846979912279836,0.0,0.0,0.0,0.0,0.0,0.0,45.04527282714844,66.40523529052734,20.85150146484375,41.052528381347656,213.71560668945312,26.83142852783203,0.76336669921875,0.0101776123046875,6.103515625e-05,3.0517578125e-05,0.0001068115234375,0.0008544921875,0.0130157470703125,0.2123870849609375,3.2328177635713655,0.819746001130752,0.418375792638339,0.9787188100132628
1.0,0.99609375,0.0,1.0,1.0,0.7915702273958504,3.1846979912279836,0.0,0.0,0.0,0.0,0.0,0.0,50.54563903808594,72.17317199707031,21.664199829101562,44.662174224853516,212.57493591308594,26.97344207763672,0.7326507568359375,0.0030059814453125,9.1552734375e-05,6.103515625e-05,1.52587890625e-05,0.000396728515625,0.008453369140625,0.2553253173828125,2.978282662680021,0.8280994938818209,0.3833242468980423,0.9815450925584872
1.0,0.99609375,0.0,1.0,1.0,0.7915702273958504,3.1846979912279836,0.0,0.0,0.0,0.0,0.0,0.0,111.39218139648438,34.50179672241211,13.934341430664062,32.22528076171875,230.78578186035156,19.513256072998047,0.108795166015625,0.001800537109375,0.0,0.0,0.0193023681640625,0.824981689453125,0.0319976806640625,0.01312255859375,1.3821138526116568,0.9250101163186497,0.8174357839250012,0.9836304797269944
1.0,0.99609375,0.0,1.0,1.0,0.7915702273958504,3.1846979912279836,0.0,0.0,0.0,0.0,0.0,0.0,110.559326171875,39.787296295166016,13.068466186523438,30.319801330566406,226.85543823242188,16.558692932128906,0.1357574462890625,0.001129150390625,3.0517578125e-05,1.52587890625e-05,0.0366973876953125,0.67620849609375,0.0965728759765625,0.0535888671875,1.1868240878088474,0.8984165734350098,0.5055827760409761,0.9826125138124482
1.0,0.99609375,0.0,1.0,1.0,0.7915702273958504,3.1846979912279836,0.0,0.0,0.0,0.0,0.0,0.0,96.09234619140625,77.5504150390625,23.328765869140625,43.01661682128906,205.00460815429688,27.203739166259766,0.4377899169921875,0.000396728515625,0.0,0.0,0.0001373291015625,0.0030517578125,0.193878173828125,0.36474609375,3.6442224065862066,0.8165189680879967,0.38090674942363245,0.9764042341138912
1.0,0.99609375,0.0,1.0,1.0,0.7915702273958504,3.1846979912279836,0.0,0.0,0.0,0.0,0.0,0.0,116.951904296875,62.091941833496094,19.93756103515625,44.72416687011719,212.8311767578125,34.22349166870117,0.2425994873046875,0.001708984375,7.62939453125e-05,7.62939453125e-05,0.003387451171875,0.062347412109375,0.3529205322265625,0.336883544921875,3.92794903724548,0.7941982012061948,0.46462953010008207,0.9825252988434517
1.0,0.99609375,0.0,1.0,1.0,0.7915702273958504,3.1846979912279836,0.0,0.0,0.0,0.0,0.0,0.0,112.48182678222656,62.923744201660156,17.216659545898438,33.52048873901367,220.30931091308594,23.502092361450195,0.2698516845703125,0.0010986328125,7.62939453125e-05,0.0,0.001983642578125,0.069091796875,0.399993896484375,0.257904052734375,3.3744691960160136,0.7889665684695624,0.48027419858740444,0.9714881019551193
1.0,0.99609375,0.0,1.0,1.0,0.7915702273958504,3.1846979912279836,0.0,0.0,0.0,0.0,0.0,0.0,72.7861328125,66.67852020263672,7.2998046875,22.229639053344727,236.32286071777344,15.74569034576416,0.4449615478515625,0.0485992431640625,0.01165771484375,0.0146636962890625,0.0419921875,0.178070068359375,0.0964508056640625,0.163604736328125,1.7964873457816468,0.8908304990671374,0.5526839761129241,0.9645127315864617
1.0,0.99609375,0.0,1.0,1.0,0.7915702273958504,3.1846979912279836,0.0,0.0,0.0,0.0,0.0,0.0,97.51797485351562,73.68075561523438,9.753646850585938,26.357667922973633,228.07911682128906,24.931001663208008,0.3850250244140625,0.0289459228515625,0.0017242431640625,0.0007781982421875,0.0030975341796875,0.021209716796875,0.1340789794921875,0.425140380859375,3.600736729144624,0.857339709631073,0.5821041291243897,0.9676889668104812
1.0,0.99609375,0.0,1.0,1.0,0.7915702273958504,3.1846979912279836,0.0,0.0,0.0,0.0,0.0,0.0,82.41191101074219,73.88822937011719,10.8779296875,28.993846893310547,230.78147888183594,20.043075561523438,0.478973388671875,0.041412353515625,0.002227783203125,0.0013427734375,0.0034027099609375,0.0221099853515625,0.0952301025390625,0.3553009033203125,2.6473762987461926,0.7807379564227046,0.439500238241792,0.9684489617101413
1.0,0.99609375,0.0,1.0,1.0,0.7915702273958504,3.1846979912279836,0.0,0.0,0.0,0.0,0.0,0.0,89.32749938964844,73.9518814086914,11.500259399414062,31.124887466430664,226.28073120117188,20.56031608581543,0.4232635498046875,0.0414276123046875,0.0034942626953125,0.0021514892578125,0.0054168701171875,0.0265045166015625,0.1243438720703125,0.3733978271484375,2.949020259834824,0.8506577715365149,0.48721969088369843,0.9689402126850057
1.0,0.99609375,0.0,1.0,1.0,0.7915702273958504,3.1846979912279836,0.0,0.0,0.0,0.0,0.0,0.0,91.11239624023438,73.14512634277344,12.621475219726562,29.041601181030273,227.28823852539062,11.49534797668457,0.4307098388671875,0.02801513671875,0.0013580322265625,0.000762939453125,0.0031280517578125,0.025390625,0.136199951171875,0.3744354248046875,1.1887008784159572,0.8461357089827373,0.42905503299612646,0.9680729068097238
1.0,0.99609375,0.0,1.0,1.0,0.7915702273958504,3.1846979912279836,0.0,0.0,0.0,0.0,0.0,0.0,93.67330932617188,64.00997161865234,10.027816772460938,27.436216354370117,227.55711364746094,27.697023391723633,0.3137054443359375,0.020782470703125,0.0087127685546875,0.0070037841796875,0.0453643798828125,0.2366485595703125,0.1878509521484375,0.179931640625,3.819703255967125,0.8711076100665402,0.5318480349006469,0.9721601038265526
1.0,0.99609375,0.0,1.0,1.0,0.7915702273958504,3.1846979912279836,0.0,0.0,0.0,0.0,0.0,0.0,74.19461059570312,68.95941925048828,11.525070190429688,28.37382698059082,228.41464233398438,22.064651489257812,0.4816131591796875,0.048675537109375,0.007476806640625,0.0063323974609375,0.019866943359375,0.099090576171875,0.1255950927734375,0.2113494873046875,2.987277757377752,0.8505934466336369,0.5157639863188579,0.9680614946739963
1.0,0.99609375,0.0,1.0,1.0,0.7915702273958504,3.1846979912279836,0.0,0.0,0.0,0.0,0.0,0.0,98.099365234375,71.71495056152344,10.544952392578125,25.569292068481445,224.2475128173828,15.230864524841309,0.372833251953125,0.0242767333984375,0.001953125,0.0018157958984375,0.0062103271484375,0.0438079833984375,0.1710205078125,0.378082275390625,1.9844856806683946,0.8841901026939226,0.5138122195342127,0.95802245063495
1.0,0.99609375,0.0,1.0,1.0,0.7915702273958504,3.1846979912279836,0.0,0.0,0.0,0.0,0.0,0.0,89.99526977539062,71.52560424804688,8.480484008789062,21.96456527709961,223.0485076904297,31.79665756225586,0.3878021240234375,0.053497314453125,0.0068511962890625,0.0042724609375,0.0119171142578125,0.05877685546875,0.154388427734375,0.3224945068359375,3.740449860120165,0.840556022574803,0.47990048559147025,0.9748210677246562
1.0,0.99609375,0.0,1.0,1.0,0.7915702273958504,3.1846979912279836,0.0,0.0,0.0,0.0,0.0,0.0,96.95222473144531,71.67647552490234,10.519638061523438,25.56993865966797,224.13783264160156,15.207374572753906,0.3772735595703125,0.024871826171875,0.002044677734375,0.002105712890625,0.00738525390625,0.0477447509765625,0.1717529296875,0.3668212890625,1.9992700136176262,0.8834582195485605,0.5139092594743888,0.9575826830083503
1.0,0.99609375,0.0,1.0,1.0,0.7915702273958504,3.1846979912279836,0.0,0.0,0.0,0.0,0.0,0.0,104.65431213378906,49.82560729980469,10.854736328125,27.246200561523438,226.84622192382812,29.52967071533203,0.1890411376953125,0.00933837890625,0.003875732421875,0.0045013427734375,0.0918121337890625,0.427520751953125,0.19793701171875,0.0759735107421875,3.6430451779750737,0.8433987294816665,0.5052185641298749,0.9759669417523276
1.0,0.99609375,0.0,1.0,1.0,0.7915702273958504,3.1846979912279836,0.0,0.0,0.0,0.0,0.0,0.0,71.80340576171875,66.93729400634766,15.274215698242188,36.43516159057617,226.31491088867188,17.19037437438965,0.4766082763671875,0.033721923828125,0.0131072998046875,0.0145111083984375,0.042144775390625,0.1374664306640625,0.1183319091796875,0.1641082763671875,1.8171175368192978,0.8235843264112581,0.524654172879542,0.9786297819683276
1.0,0.99609375,0.0,1.0,1.0,0.7915702273958504,3.1846979912279836,0.0,0.0,0.0,0.0,0.0,0.0,83.57266235351562,72.42167663574219,13.421051025390625,30.199445724487305,226.0411376953125,19.138059616088867,0.45428466796875,0.0448150634765625,0.004058837890625,0.0029144287109375,0.0076904296875,0.040283203125,0.12750244140625,0.318450927734375,2.347024087268685,0.8233548173942431,0.5091642627016832,0.9679468718351781
1.0,0.99609375,0.0,1.0,1.0,0.7915702273958504,3.1846979912279836,0.0,0.0,0.0,0.0,0.0,0.0,100.33494567871094,65.30724334716797,8.8914794921875,22.14452362060547,228.73834228515625,16.930988311767578,0.3025360107421875,0.022705078125,0.0062408447265625,0.0044097900390625,0.023651123046875,0.15399169921875,0.2393646240234375,0.247100830078125,2.5855451925294166,0.8553182896154058,0.6345701145928963,0.9533664489748386
1.0,0.99609375,0.0,1.0,1.0,0.7915702273958504,3.1846979912279836,0.0,0.0,0.0,0.0,0.0,0.0,81.93891906738281,72.34561920166016,14.77374267578125,32.733036041259766,224.96273803710938,22.265552520751953,0.4753570556640625,0.0378570556640625,0.0022125244140625,0.001312255859375,0.005340576171875,0.0388336181640625,0.1327667236328125,0.3063201904296875,2.0311505454447305,0.7938746413840159,0.4355274317501436,0.9803957221526969
1.0,0.99609375,0.0,1.0,1.0,0.7915702273958504,3.1846979912279836,0.0,0.0,0.0,0.0,0.0,0.0,97.90646362304688,72.86315155029297,11.078155517578125,27.897825241088867,227.8433074951172,15.974146842956543,0.3846893310546875,0.0171966552734375,0.001190185546875,0.0006256103515625,0.0036773681640625,0.0352020263671875,0.1667633056640625,0.390655517578125,1.8505916417706527,0.8166186236441058,0.4529085434769079,0.969984094275028
1.0,0.99609375,0.0,1.0,1.0,0.7915702273958504,3.1846979912279836,0.0,0.0,0.0,0.0,0.0,0.0,83.310791015625,74.2898178100586,9.40216064453125,23.160781860351562,226.28562927246094,14.631710052490234,0.4806365966796875,0.0468902587890625,0.001312255859375,0.00054931640625,0.0016632080078125,0.0111846923828125,0.0727996826171875,0.3849639892578125,1.4188642064474601,0.8960266682392516,0.6937836296944162,0.9673431835680821
1.0,0.99609375,0.0,1.0,1.0,0.7915702273958504,3.1846979912279836,0.0,0.0,0.0,0.0,0.0,0.0,86.62831115722656,70.97865295410156,9.13800048828125,24.792184829711914,232.26638793945312,16.89075469970703,0.4152679443359375,0.0407867431640625,0.0046539306640625,0.0036163330078125,0.0124053955078125,0.0893402099609375,0.1395721435546875,0.2943572998046875,1.7653275474805366,0.8683676587435123,0.5269697712643493,0.9704374758871792
1.0,0.99609375,0.0,1.0,1.0,0.7915702273958504,3.1846979912279836,0.0,0.0,0.0,0.0,0.0,0.0,47.726531982421875,60.13549041748047,8.948837280273438,23.000917434692383,235.9287567138672,11.06141185760498,0.6647186279296875,0.11199951171875,0.0046234130859375,0.0025787353515625,0.0024871826171875,0.0061492919921875,0.0332489013671875,0.1741943359375,1.3390264038571202,0.8886186334804799,0.6680305018209635,0.9594646248683683
1.0,0.99609375,0.0,1.0,1.0,0.7915702273958504,3.1846979912279836,0.0,0.0,0.0,0.0,0.0,0.0,77.24476623535156,73.69735717773438,11.259063720703125,27.65771484375,229.4678955078125,14.98782730102539,0.516082763671875,0.04730224609375,0.0023193359375,0.0012664794921875,0.0024261474609375,0.011199951171875,0.0765533447265625,0.3428497314453125,1.6535580769082343,0.8726460397128439,0.5502598883891656,0.9682750505330633
1.0,0.99609375,0.0,1.0,1.0,0.7915702273958504,3.1846979912279836,0.0,0.0,0.0,0.0,0.0,0.0,90.4063720703125,75.0644760131836,9.728378295898438,26.663442611694336,228.9784393310547,22.777055740356445,0.43896484375,0.0310211181640625,0.001434326171875,0.0005035400390625,0.0017547607421875,0.01239013671875,0.10400390625,0.4099273681640625,2.503956789622742,0.9127495666359975,0.7917122707805522,0.9743806217864937
1.0,0.99609375,0.0,1.0,1.0,0.7915702273958504,3.1846979912279836,0.0,0.0,0.0,0.0,0.0,0.0,109.26496887207031,72.2166519165039,10.497665405273438,28.172592163085938,228.7251739501953,17.10416030883789,0.3302154541015625,0.0141754150390625,0.0005645751953125,0.0001678466796875,0.000762939453125,0.0100555419921875,0.135040283203125,0.5090179443359375,1.887047693005378,0.8754891027009095,0.5685368016941625,0.9713114882644946
1.0,0.99609375,0.0,1.0,1.0,0.7915702273958504,3.1846979912279836,0.0,0.0,0.0,0.0,0.0,0.0,55.74412536621094,65.64238739013672,13.803115844726562,32.528717041015625,234.2450408935547,15.370967864990234,0.6029205322265625,0.0804901123046875,0.00933837890625,0.009063720703125,0.0111083984375,0.03594970703125,0.0597381591796875,0.1913909912109375,1.8667195831836059,0.8691396846181658,0.5432450182192127,0.9706853058257474
1.0,0.99609375,0.0,1.0,1.0,0.7915702273958504,3.1846979912279836,0.0,0.0,0.0,0.0,0.0,0.0,62.23500061035156,68.11968231201172,11.9219970703125,29.590511322021484,231.22801208496094,15.879871368408203,0.5542449951171875,0.076263427734375,0.011199951171875,0.010101318359375,0.0142364501953125,0.0436859130859375,0.0774688720703125,0.212799072265625,1.6043089868561138,0.8667731231903866,0.519902085418517,0.9737666488273016
1.0,0.99609375,0.0,1.0,1.0,0.7915702273958504,3.1846979912279836,0.0,0.0,0.0,0.0,0.0,0.0,79.14199829101562,74.82076263427734,10.727645874023438,26.09005355834961,232.20721435546875,14.656388282775879,0.5223388671875,0.0350799560546875,0.00054931640625,0.000244140625,0.0008544921875,0.00543212890625,0.0613250732421875,0.374176025390625,1.2534008277657265,0.8527177035186683,0.5793294920189447,0.9739956970004864
1.0,0.99609375,0.0,1.0,1.0,0.7915702273958504,3.1846979912279836,0.0,0.0,0.0,0.0,0.0,0.0,78.08970642089844,72.52400207519531,11.151870727539062,28.00152015686035,233.47972106933594,14.797476768493652,0.5009765625,0.0539703369140625,0.002197265625,0.001220703125,0.003173828125,0.0211944580078125,0.09173583984375,0.325531005859375,1.34138230128874,0.8947641526969683,0.7240135919215138,0.9763896620228005
1.0,0.99609375,0.0,1.0,1.0,0.7915702273958504,3.1846979912279836,0.0,0.0,0.0,0.0,0.0,0.0,102.987060546875,39.68242645263672,11.660812377929688,28.68022918701172,240.1304931640625,25.85829734802246,0.155303955078125,0.0042266845703125,0.0,0.0,0.157135009765625,0.6418609619140625,0.0198974609375,0.021575927734375,2.140252548113592,0.8992235748813646,0.5730535577779666,0.9823277777363394
1.0,0.99609375,0.0,1.0,1.0,0.7915702273958504,3.1846979912279836,0.0,0.0,0.0,0.0,0.0,0.0,106.01408386230469,30.13633155822754,7.4123077392578125,18.31781005859375,244.47560119628906,15.428871154785156,0.0902862548828125,0.0074615478515625,0.0001068115234375,0.0001373291015625,0.40606689453125,0.4853973388671875,0.00836181640625,0.0021820068359375,1.2966465500466142,0.9306731453299496,0.7873612495582495,0.9690669294132761
1.0,0.99609375,0.0,1.0,1.0,0.7915702273958504,3.1846979912279836,0.0,0.0,0.0,0.0,0.0,0.0,97.52571105957031,42.68684387207031,10.962783813476562,23.909780502319336,240.71324157714844,21.386573791503906,0.19281005859375,0.0135345458984375,0.0001678466796875,0.000244140625,0.150421142578125,0.624267578125,0.0079498291015625,0.0106048583984375,1.694689677054951,0.888446678723143,0.7240861516074283,0.978784768495085
1.0,0.99609375,0.0,1.0,1.0,0.7915702273958504,3.1846979912279836,0.0,0.0,0.0,0.0,0.0,0.0,105.71379089355469,31.099573135375977,8.464859008789062,19.840307235717773,242.1761016845703,20.053152084350586,0.0954742431640625,0.01385498046875,0.00042724609375,9.1552734375e-05,0.3357391357421875,0.544342041015625,0.0066375732421875,0.0034332275390625,1.4443693563709776,0.9200933921203903,0.8054028368905873,0.9786597367203556
1.0,0.99609375,0.0,1.0,1.0,0.7915702273958504,3.1846979912279836,0.0,0.0,0.0,0.0,0.0,0.0,110.23326110839844,32.51327896118164,9.208404541015625,23.510738372802734,243.52285766601562,25.209787368774414,0.0944671630859375,0.0073699951171875,0.0006103515625,1.52587890625e-05,0.0853424072265625,0.7569427490234375,0.0392608642578125,0.0159912109375,1.5578671715663877,0.9271857416198682,0.7014926777862356,0.9847704571994156
1.0,0.99609375,0.0,1.0,1.0,0.7915702273958504,3.1846979912279836,0.0,0.0,0.0,0.0,0.0,0.0,108.43917846679688,32.48689270019531,7.7920989990234375,18.81134033203125,245.78018188476562,14.707314491271973,0.100341796875,0.0087738037109375,7.62939453125e-05,3.0517578125e-05,0.1597900390625,0.7012786865234375,0.0100250244140625,0.019683837890625,1.2175493221131466,0.9303781448829245,0.7170067355114569,0.9703322944297044
1.0,0.99609375,0.0,1.0,1.0,0.7915702273958504,3.1846979912279836,0.0,0.0,0.0,0.0,0.0,0.0,112.33503723144531,28.363534927368164,6.45391845703125,18.22484016418457,246.260986328125,18.017227172851562,0.0697784423828125,0.011688232421875,0.000152587890625,1.52587890625e-05,0.01385498046875,0.8817901611328125,0.01324462890625,0.0094757080078125,1.0161466016566534,0.9461750414304811,0.8446329851626411,0.9817954154514972
1.0,0.99609375,0.0,1.0,1.0,0.7915702273958504,3.1846979912279836,0.0,0.0,0.0,0.0,0.0,0.0,109.41358947753906,30.386592864990234,7.7482757568359375,18.75305938720703,244.8572235107422,17.421354293823242,0.091705322265625,0.00640869140625,0.000274658203125,3.0517578125e-05,0.116119384765625,0.769927978515625,0.009307861328125,0.0062255859375,0.8805276328326707,0.9293672850307452,0.7827770864696773,0.9842311051153646
1.0,0.99609375,0.0,1.0,1.0,0.7915702273958504,3.1846979912279836,0.0,0.0,0.0,0.0,0.0,0.0,106.84243774414062,34.023902893066406,7.9800567626953125,19.96746063232422,242.40394592285156,25.596372604370117,0.108551025390625,0.0069732666015625,4.57763671875e-05,6.103515625e-05,0.138397216796875,0.7332916259765625,0.0059661865234375,0.0067138671875,2.1728724658212784,0.9086107913928886,0.6900178940187752,0.979977704497528
1.0,0.99609375,0.0,1.0,1.0,0.7915702273958504,3.1846979912279836,0.0,0.0,0.0,0.0,0.0,0.0,106.30873107910156,34.65544891357422,9.119613647460938,20.23459815979004,244.0247344970703,14.610787391662598,0.1157989501953125,0.0143280029296875,3.0517578125e-05,3.0517578125e-05,0.134185791015625,0.7137908935546875,0.011260986328125,0.0105743408203125,0.90615811658157,0.9290327259821385,0.8018547059579011,0.9771284654810655
1.0,0.99609375,0.0,1.0,1.0,0.7915702273958504,3.1846979912279836,0.0,0.0,0.0,0.0,0.0,0.0,102.20480346679688,39.86823272705078,9.851089477539062,24.395376205444336,239.57394409179688,27.901968002319336,0.14923095703125,0.0142669677734375,0.001312255859375,0.000946044921875,0.1452178955078125,0.6610107421875,0.008697509765625,0.019317626953125,2.2918399128181552,0.8999970654248728,0.6596229982098821,0.981149166751283
1.0,0.99609375,0.0,1.0,1.0,0.7915702273958504,3.1846979912279836,0.0,0.0,0.0,0.0,0.0,0.0,105.802490234375,36.527854919433594,9.303314208984375,21.61494255065918,243.16470336914062,16.55413818359375,0.126678466796875,0.0124664306640625,0.0003509521484375,7.62939453125e-05,0.1467742919921875,0.6753692626953125,0.0118865966796875,0.026397705078125,1.3660344577377455,0.9088194524731414,0.7277587720187875,0.9725755546937787
1.0,0.99609375,0.0,1.0,1.0,0.7915702273958504,3.1846979912279836,0.0,0.0,0.0,0.0,0.0,0.0,100.16964721679688,44.32606506347656,11.930130004882812,30.788972854614258,240.91392517089844,23.177520751953125,0.1902923583984375,0.0020599365234375,7.62939453125e-05,6.103515625e-05,0.0224456787109375,0.748291015625,0.012542724609375,0.02423095703125,1.5717028027622628,0.9176660606200673,0.8172177277813707,0.9851958850539128
1.0,0.99609375,0.0,1.0,1.0,0.7915702273958504,3.1846979912279836,0.0,0.0,0.0,0.0,0.0,0.0,111.77645874023438,30.829862594604492,6.806640625,18.132600784301758,246.22088623046875,16.352930068969727,0.08349609375,0.009521484375,0.0003662109375,0.0,0.013427734375,0.85284423828125,0.019195556640625,0.021148681640625,1.186685692403686,0.9400399924405607,0.7865627466452643,0.9747332013392443
1.0,0.99609375,0.0,1.0,1.0,0.7915702273958504,3.1846979912279836,0.0,0.0,0.0,0.0,0.0,0.0,109.44685363769531,28.458086013793945,7.225250244140625,18.521108627319336,243.8906707763672,22.189937591552734,0.080108642578125,0.0028228759765625,3.0517578125e-05,0.0,0.2628631591796875,0.6369476318359375,0.01007080078125,0.0071563720703125,1.2467985177243974,0.9298200637875382,0.7693930485430304,0.985137340543733
1.0,0.99609375,0.0,1.0,1.0,0.7915702273958504,3.1846979912279836,0.0,0.0,0.0,0.0,0.0,0.0,103.73617553710938,35.36953353881836,13.563552856445312,31.632234573364258,241.8183135986328,21.354488372802734,0.1349639892578125,0.0044097900390625,3.0517578125e-05,4.57763671875e-05,0.270904541015625,0.5675811767578125,0.012847900390625,0.00921630859375,1.278747898366559,0.8888846429130388,0.5699504193553835,0.9869440432951191
1.0,0.99609375,0.0,1.0,1.0,0.7915702273958504,3.1846979912279836,0.0,0.0,0.0,0.0,0.0,0.0,105.96017456054688,38.583656311035156,7.926055908203125,21.132244110107422,243.12701416015625,19.269996643066406,0.1374664306640625,0.006134033203125,0.0,0.0,0.046783447265625,0.76898193359375,0.0099029541015625,0.030731201171875,1.0610382661931541,0.9192384302359338,0.650864571939378,0.9832532885413899
1.0,0.99609375,0.0,1.0,1.0,0.7915702273958504,3.1846979912279836,0.0,0.0,0.0,0.0,0.0,0.0,108.75596618652344,33.94597625732422,11.632904052734375,30.66953468322754,242.34193420410156,21.838443756103516,0.1082763671875,0.000518798828125,1.52587890625e-05,3.0517578125e-05,0.1362457275390625,0.7053985595703125,0.0296173095703125,0.0198974609375,2.0199268025870483,0.9020807708769122,0.5828628256567827,0.9810138824458456
1.0,0.99609375,0.0,1.0,1.0,0.7915702273958504,3.1846979912279836,0.0,0.0,0.0,0.0,0.0,0.0,108.70257568359375,33.6612548828125,7.6305694580078125,17.499025344848633,241.55020141601562,20.20270538330078,0.099365234375,0.01983642578125,0.0,3.0517578125e-05,0.050689697265625,0.7923583984375,0.021820068359375,0.015899658203125,1.3842044819673527,0.904998779022697,0.6451432860583993,0.9789215131892848
1.0,0.99609375,0.0,1.0,1.0,0.7915702273958504,3.1846979912279836,0.0,0.0,0.0,0.0,0.0,0.0,102.38551330566406,34.82202911376953,10.992889404296875,26.165342330932617,242.68170166015625,20.75969123840332,0.12152099609375,0.013214111328125,0.0003662109375,0.0002288818359375,0.4663543701171875,0.3726806640625,0.0089874267578125,0.0166473388671875,2.108298696629831,0.9060143392124828,0.5539891580762174,0.9726592864482462
1.0,0.99609375,0.0,1.0,1.0,0.7915702273958504,3.1846979912279836,0.0,0.0,0.0,0.0,0.0,0.0,106.25189208984375,29.493497848510742,7.9931488037109375,17.415754318237305,245.29721069335938,12.93055248260498,0.0882720947265625,0.0104522705078125,0.0001220703125,6.103515625e-05,0.3782806396484375,0.5059814453125,0.010009765625,0.0068206787109375,0.902998023292585,0.9197341617139346,0.624812393106333,0.9718399299362266
1.0,0.99609375,0.0,1.0,1.0,0.7915702273958504,3.1846979912279836,0.0,0.0,0.0,0.0,0.0,0.0,101.17582702636719,42.58913040161133,10.918182373046875,26.241552352905273,242.08006286621094,21.277414321899414,0.1806640625,0.00457763671875,0.0,7.62939453125e-05,0.021514892578125,0.758331298828125,0.0180511474609375,0.01678466796875,1.7924227481942212,0.8844075615734914,0.5979354832111112,0.9792141576162852
1.0,0.99609375,0.0,1.0,1.0,0.7915702273958504,3.1846979912279836,0.0,0.0,0.0,0.0,0.0,0.0,101.06587219238281,61.47075271606445,19.004730224609375,35.33049011230469,196.70191955566406,25.067672729492188,0.2883758544921875,0.0318603515625,0.0019989013671875,0.00115966796875,0.0201568603515625,0.189453125,0.3189544677734375,0.148040771484375,2.927514877114997,0.7783545292083027,0.35206060818410034,0.9741527052089647
1.0,0.99609375,0.0,1.0,1.0,0.7915702273958504,3.1846979912279836,0.0,0.0,0.0,0.0,0.0,0.0,86.06053161621094,68.19480895996094,14.358657836914062,31.1125431060791,200.96127319335938,25.95574188232422,0.38641357421875,0.060638427734375,0.0066375732421875,0.0034332275390625,0.01861572265625,0.109619140625,0.21661376953125,0.198028564453125,2.66632217579457,0.7937957296980941,0.4185001911269798,0.9760273232400016
1.0,0.99609375,0.0,1.0,1.0,0.7915702273958504,3.1846979912279836,0.0,0.0,0.0,0.0,0.0,0.0,74.64578247070312,66.84957122802734,24.551803588867188,43.40070343017578,196.59500122070312,29.195716857910156,0.476043701171875,0.058135986328125,0.00640869140625,0.00286865234375,0.0187225341796875,0.097747802734375,0.1815338134765625,0.158538818359375,2.9269642685773745,0.7717304615520248,0.34252404897526867,0.9817103301071594
1.0,0.99609375,0.0,1.0,1.0,0.7915702273958504,3.1846979912279836,0.0,0.0,0.0,0.0,0.0,0.0,107.68147277832031,61.62029266357422,18.208114624023438,36.713687896728516,190.13034057617188,32.056453704833984,0.269744873046875,0.0107269287109375,0.0018157958984375,0.0012359619140625,0.0153045654296875,0.1504974365234375,0.361297607421875,0.1893768310546875,2.575286032885347,0.7964777230644169,0.33868433866337566,0.9846945914759933
1.0,0.99609375,0.0,1.0,1.0,0.7915702273958504,3.1846979912279836,0.0,0.0,0.0,0.0,0.0,0.0,91.630126953125,60.17624282836914,17.41046142578125,33.78748321533203,204.19451904296875,23.440841674804688,0.3066558837890625,0.0537567138671875,0.0056915283203125,0.003570556640625,0.04766845703125,0.2548828125,0.2205352783203125,0.10723876953125,2.6114751814230215,0.8077623352498096,0.49712491849603924,0.973356072319721
1.0,0.99609375,0.0,1.0,1.0,0.7915702273958504,3.1846979912279836,0.0,0.0,0.0,0.0,0.0,0.0,68.87966918945312,70.72473907470703,19.176513671875,41.017860412597656,197.55368041992188,28.01056671142578,0.5357208251953125,0.0627288818359375,0.00665283203125,0.002838134765625,0.0075531005859375,0.0343017578125,0.119964599609375,0.2302398681640625,3.693386875016162,0.7803555965466168,0.440135364911984,0.9749251983467724
1.0,0.99609375,0.0,1.0,1.0,0.7915702273958504,3.1846979912279836,0.0,0.0,0.0,0.0,0.0,0.0,112.10383605957031,53.99608612060547,13.935531616210938,27.20486068725586,203.11483764648438,18.50204086303711,0.2089080810546875,0.010772705078125,0.001556396484375,0.0010833740234375,0.0223541259765625,0.2559814453125,0.3748626708984375,0.124481201171875,1.169490766128455,0.8352502939661028,0.43470111846273934,0.9822751617882765
1.0,0.99609375,0.0,1.0,1.0,0.7915702273958504,3.1846979912279836,0.0,0.0,0.0,0.0,0.0,0.0,88.23834228515625,73.8280029296875,15.537094116210938,36.29726028442383,197.92295837402344,24.563650131225586,0.4365692138671875,0.0253753662109375,0.0023956298828125,0.0009002685546875,0.0050048828125,0.0384979248046875,0.1917266845703125,0.299530029296875,2.2692381281861205,0.811707234994119,0.44031925086982016,0.980237499845604
1.0,0.99609375,0.0,1.0,1.0,0.7915702273958504,3.1846979912279836,0.0,0.0,0.0,0.0,0.0,0.0,85.47903442382812,71.38227081298828,10.525131225585938,25.238195419311523,202.70896911621094,21.346965789794922,0.4178314208984375,0.04705810546875,0.006988525390625,0.0019378662109375,0.0126953125,0.0601654052734375,0.205047607421875,0.2482757568359375,2.283846563456641,0.8491127326351258,0.489723778072691,0.9707714512912914
1.0,0.99609375,0.0,1.0,1.0,0.7915702273958504,3.1846979912279836,0.0,0.0,0.0,0.0,0.0,0.0,72.7861328125,66.67852020263672,7.2998046875,22.229639053344727,236.32286071777344,15.74569034576416,0.4449615478515625,0.0485992431640625,0.01165771484375,0.0146636962890625,0.0419921875,0.178070068359375,0.0964508056640625,0.163604736328125,1.7964873457816468,0.8908304990671374,0.5526839761129241,0.9645127315864617
1.0,0.99609375,0.0,1.0,1.0,0.7915702273958504,3.1846979912279836,0.0,0.0,0.0,0.0,0.0,0.0,97.51797485351562,73.68075561523438,9.753646850585938,26.357667922973633,228.07911682128906,24.931001663208008,0.3850250244140625,0.0289459228515625,0.0017242431640625,0.0007781982421875,0.0030975341796875,0.021209716796875,0.1340789794921875,0.425140380859375,3.600736729144624,0.857339709631073,0.5821041291243897,0.9676889668104812
1.0,0.99609375,0.0,1.0,1.0,0.7915702273958504,3.1846979912279836,0.0,0.0,0.0,0.0,0.0,0.0,82.41191101074219,73.88822937011719,10.8779296875,28.993846893310547,230.78147888183594,20.043075561523438,0.478973388671875,0.041412353515625,0.002227783203125,0.0013427734375,0.0034027099609375,0.0221099853515625,0.0952301025390625,0.3553009033203125,2.6473762987461926,0.7807379564227046,0.439500238241792,0.9684489617101413
1.0,0.99609375,0.0,1.0,1.0,0.7915702273958504,3.1846979912279836,0.0,0.0,0.0,0.0,0.0,0.0,89.32749938964844,73.9518814086914,11.500259399414062,31.124887466430664,226.28073120117188,20.56031608581543,0.4232635498046875,0.0414276123046875,0.0034942626953125,0.0021514892578125,0.0054168701171875,0.0265045166015625,0.1243438720703125,0.3733978271484375,2.949020259834824,0.8506577715365149,0.48721969088369843,0.9689402126850057
1.0,0.99609375,0.0,1.0,1.0,0.7915702273958504,3.1846979912279836,0.0,0.0,0.0,0.0,0.0,0.0,91.11239624023438,73.14512634277344,12.621475219726562,29.041601181030273,227.28823852539062,11.49534797668457,0.4307098388671875,0.02801513671875,0.0013580322265625,0.000762939453125,0.0031280517578125,0.025390625,0.136199951171875,0.3744354248046875,1.1887008784159572,0.8461357089827373,0.42905503299612646,0.9680729068097238
1.0,0.99609375,0.0,1.0,1.0,0.7915702273958504,3.1846979912279836,0.0,0.0,0.0,0.0,0.0,0.0,93.67330932617188,64.00997161865234,10.027816772460938,27.436216354370117,227.55711364746094,27.697023391723633,0.3137054443359375,0.020782470703125,0.0087127685546875,0.0070037841796875,0.0453643798828125,0.2366485595703125,0.1878509521484375,0.179931640625,3.819703255967125,0.8711076100665402,0.5318480349006469,0.9721601038265526
1.0,0.99609375,0.0,1.0,1.0,0.7915702273958504,3.1846979912279836,0.0,0.0,0.0,0.0,0.0,0.0,74.19461059570312,68.95941925048828,11.525070190429688,28.37382698059082,228.41464233398438,22.064651489257812,0.4816131591796875,0.048675537109375,0.007476806640625,0.0063323974609375,0.019866943359375,0.099090576171875,0.1255950927734375,0.2113494873046875,2.987277757377752,0.8505934466336369,0.5157639863188579,0.9680614946739963
1.0,0.99609375,0.0,1.0,1.0,0.7915702273958504,3.1846979912279836,0.0,0.0,0.0,0.0,0.0,0.0,98.099365234375,71.71495056152344,10.544952392578125,25.569292068481445,224.2475128173828,15.230864524841309,0.372833251953125,0.0242767333984375,0.001953125,0.0018157958984375,0.0062103271484375,0.0438079833984375,0.1710205078125,0.378082275390625,1.9844856806683946,0.8841901026939226,0.5138122195342127,0.95802245063495
1.0,0.99609375,0.0,1.0,1.0,0.7915702273958504,3.1846979912279836,0.0,0.0,0.0,0.0,0.0,0.0,89.99526977539062,71.52560424804688,8.480484008789062,21.96456527709961,223.0485076904297,31.79665756225586,0.3878021240234375,0.053497314453125,0.0068511962890625,0.0042724609375,0.0119171142578125,0.05877685546875,0.154388427734375,0.3224945068359375,3.740449860120165,0.840556022574803,0.47990048559147025,0.9748210677246562
1.0,0.99609375,0.0,1.0,1.0,0.7915702273958504,3.1846979912279836,0.0,0.0,0.0,0.0,0.0,0.0,96.95222473144531,71.67647552490234,10.519638061523438,25.56993865966797,224.13783264160156,15.207374572753906,0.3772735595703125,0.024871826171875,0.002044677734375,0.002105712890625,0.00738525390625,0.0477447509765625,0.1717529296875,0.3668212890625,1.9992700136176262,0.8834582195485605,0.5139092594743888,0.9575826830083503
1.0,0.99609375,0.0,1.0,1.0,0.7915702273958504,3.1846979912279836,0.0,0.0,0.0,0.0,0.0,0.0,104.65431213378906,49.82560729980469,10.854736328125,27.246200561523438,226.84622192382812,29.52967071533203,0.1890411376953125,0.00933837890625,0.003875732421875,0.0045013427734375,0.0918121337890625,0.427520751953125,0.19793701171875,0.0759735107421875,3.6430451779750737,0.8433987294816665,0.5052185641298749,0.9759669417523276
1.0,0.99609375,0.0,1.0,1.0,0.7915702273958504,3.1846979912279836,0.0,0.0,0.0,0.0,0.0,0.0,71.80340576171875,66.93729400634766,15.274215698242188,36.43516159057617,226.31491088867188,17.19037437438965,0.4766082763671875,0.033721923828125,0.0131072998046875,0.0145111083984375,0.042144775390625,0.1374664306640625,0.1183319091796875,0.1641082763671875,1.8171175368192978,0.8235843264112581,0.524654172879542,0.9786297819683276
1.0,0.99609375,0.0,1.0,1.0,0.7915702273958504,3.1846979912279836,0.0,0.0,0.0,0.0,0.0,0.0,83.57266235351562,72.42167663574219,13.421051025390625,30.199445724487305,226.0411376953125,19.138059616088867,0.45428466796875,0.0448150634765625,0.004058837890625,0.0029144287109375,0.0076904296875,0.040283203125,0.12750244140625,0.318450927734375,2.347024087268685,0.8233548173942431,0.5091642627016832,0.9679468718351781
1.0,0.99609375,0.0,1.0,1.0,0.7915702273958504,3.1846979912279836,0.0,0.0,0.0,0.0,0.0,0.0,100.33494567871094,65.30724334716797,8.8914794921875,22.14452362060547,228.73834228515625,16.930988311767578,0.3025360107421875,0.022705078125,0.0062408447265625,0.0044097900390625,0.023651123046875,0.15399169921875,0.2393646240234375,0.247100830078125,2.5855451925294166,0.8553182896154058,0.6345701145928963,0.9533664489748386
1.0,0.99609375,0.0,1.0,1.0,0.7915702273958504,3.1846979912279836,0.0,0.0,0.0,0.0,0.0,0.0,81.93891906738281,72.34561920166016,14.77374267578125,32.733036041259766,224.96273803710938,22.265552520751953,0.4753570556640625,0.0378570556640625,0.0022125244140625,0.001312255859375,0.005340576171875,0.0388336181640625,0.1327667236328125,0.3063201904296875,2.0311505454447305,0.7938746413840159,0.4355274317501436,0.9803957221526969
1.0,0.99609375,0.0,1.0,1.0,0.7915702273958504,3.1846979912279836,0.0,0.0,0.0,0.0,0.0,0.0,97.90646362304688,72.86315155029297,11.078155517578125,27.897825241088867,227.8433074951172,15.974146842956543,0.3846893310546875,0.0171966552734375,0.001190185546875,0.0006256103515625,0.0036773681640625,0.0352020263671875,0.1667633056640625,0.390655517578125,1.8505916417706527,0.8166186236441058,0.4529085434769079,0.969984094275028
1.0,0.99609375,0.0,1.0,1.0,0.7915702273958504,3.1846979912279836,0.0,0.0,0.0,0.0,0.0,0.0,83.310791015625,74.2898178100586,9.40216064453125,23.160781860351562,226.28562927246094,14.631710052490234,0.4806365966796875,0.0468902587890625,0.001312255859375,0.00054931640625,0.0016632080078125,0.0111846923828125,0.0727996826171875,0.3849639892578125,1.4188642064474601,0.8960266682392516,0.6937836296944162,0.9673431835680821
1.0,0.99609375,0.0,1.0,1.0,0.7915702273958504,3.1846979912279836,0.0,0.0,0.0,0.0,0.0,0.0,86.62831115722656,70.97865295410156,9.13800048828125,24.792184829711914,232.26638793945312,16.89075469970703,0.4152679443359375,0.0407867431640625,0.0046539306640625,0.0036163330078125,0.0124053955078125,0.0893402099609375,0.1395721435546875,0.2943572998046875,1.7653275474805366,0.8683676587435123,0.5269697712643493,0.9704374758871792
1.0,0.99609375,0.0,1.0,1.0,0.7915702273958504,3.1846979912279836,0.0,0.0,0.0,0.0,0.0,0.0,47.726531982421875,60.13549041748047,8.948837280273438,23.000917434692383,235.9287567138672,11.06141185760498,0.6647186279296875,0.11199951171875,0.0046234130859375,0.0025787353515625,0.0024871826171875,0.0061492919921875,0.0332489013671875,0.1741943359375,1.3390264038571202,0.8886186334804799,0.6680305018209635,0.9594646248683683
1.0,0.99609375,0.0,1.0,1.0,0.7915702273958504,3.1846979912279836,0.0,0.0,0.0,0.0,0.0,0.0,77.24476623535156,73.69735717773438,11.259063720703125,27.65771484375,229.4678955078125,14.98782730102539,0.516082763671875,0.04730224609375,0.0023193359375,0.0012664794921875,0.0024261474609375,0.011199951171875,0.0765533447265625,0.3428497314453125,1.6535580769082343,0.8726460397128439,0.5502598883891656,0.9682750505330633
1.0,0.99609375,0.0,1.0,1.0,0.7915702273958504,3.1846979912279836,0.0,0.0,0.0,0.0,0.0,0.0,90.4063720703125,75.0644760131836,9.728378295898438,26.663442611694336,228.9784393310547,22.777055740356445,0.43896484375,0.0310211181640625,0.001434326171875,0.0005035400390625,0.0017547607421875,0.01239013671875,0.10400390625,0.4099273681640625,2.503956789622742,0.9127495666359975,0.7917122707805522,0.9743806217864937
1.0,0.99609375,0.0,1.0,1.0,0.7915702273958504,3.1846979912279836,0.0,0.0,0.0,0.0,0.0,0.0,109.26496887207031,72.2166519165039,10.497665405273438,28.172592163085938,228.7251739501953,17.10416030883789,0.3302154541015625,0.0141754150390625,0.0005645751953125,0.0001678466796875,0.000762939453125,0.0100555419921875,0.135040283203125,0.5090179443359375,1.887047693005378,0.8754891027009095,0.5685368016941625,0.9713114882644946
1.0,0.99609375,0.0,1.0,1.0,0.7915702273958504,3.1846979912279836,0.0,0.0,0.0,0.0,0.0,0.0,55.74412536621094,65.64238739013672,13.803115844726562,32.528717041015625,234.2450408935547,15.370967864990234,0.6029205322265625,0.0804901123046875,0.00933837890625,0.009063720703125,0.0111083984375,0.03594970703125,0.0597381591796875,0.1913909912109375,1.8667195831836059,0.8691396846181658,0.5432450182192127,0.9706853058257474
1.0,0.99609375,0.0,1.0,1.0,0.7915702273958504,3.1846979912279836,0.0,0.0,0.0,0.0,0.0,0.0,62.23500061035156,68.11968231201172,11.9219970703125,29.590511322021484,231.22801208496094,15.879871368408203,0.5542449951171875,0.076263427734375,0.011199951171875,0.010101318359375,0.0142364501953125,0.0436859130859375,0.0774688720703125,0.212799072265625,1.6043089868561138,0.8667731231903866,0.519902085418517,0.9737666488273016
1.0,0.99609375,0.0,1.0,1.0,0.7915702273958504,3.1846979912279836,0.0,0.0,0.0,0.0,0.0,0.0,79.14199829101562,74.82076263427734,10.727645874023438,26.09005355834961,232.20721435546875,14.656388282775879,0.5223388671875,0.0350799560546875,0.00054931640625,0.000244140625,0.0008544921875,0.00543212890625,0.0613250732421875,0.374176025390625,1.2534008277657265,0.8527177035186683,0.5793294920189447,0.9739956970004864
1.0,0.99609375,0.0,1.0,1.0,0.7915702273958504,3.1846979912279836,0.0,0.0,0.0,0.0,0.0,0.0,78.08970642089844,72.52400207519531,11.151870727539062,28.00152015686035,233.47972106933594,14.797476768493652,0.5009765625,0.0539703369140625,0.002197265625,0.001220703125,0.003173828125,0.0211944580078125,0.09173583984375,0.325531005859375,1.34138230128874,0.8947641526969683,0.7240135919215138,0.9763896620228005
1.0,0.99609375,0.0,1.0,1.0,0.7915702273958504,3.1846979912279836,0.0,0.0,0.0,0.0,0.0,0.0,102.987060546875,39.68242645263672,11.660812377929688,28.68022918701172,240.1304931640625,25.85829734802246,0.155303955078125,0.0042266845703125,0.0,0.0,0.157135009765625,0.6418609619140625,0.0198974609375,0.021575927734375,2.140252548113592,0.8992235748813646,0.5730535577779666,0.9823277777363394
1.0,0.99609375,0.0,1.0,1.0,0.7915702273958504,3.1846979912279836,0.0,0.0,0.0,0.0,0.0,0.0,106.01408386230469,30.13633155822754,7.4123077392578125,18.31781005859375,244.47560119628906,15.428871154785156,0.0902862548828125,0.0074615478515625,0.0001068115234375,0.0001373291015625,0.40606689453125,0.4853973388671875,0.00836181640625,0.0021820068359375,1.2966465500466142,0.9306731453299496,0.7873612495582495,0.9690669294132761
1.0,0.99609375,0.0,1.0,1.0,0.7915702273958504,3.1846979912279836,0.0,0.0,0.0,0.0,0.0,0.0,97.52571105957031,42.68684387207031,10.962783813476562,23.909780502319336,240.71324157714844,21.386573791503906,0.19281005859375,0.0135345458984375,0.0001678466796875,0.000244140625,0.150421142578125,0.624267578125,0.0079498291015625,0.0106048583984375,1.694689677054951,0.888446678723143,0.7240861516074283,0.978784768495085
1.0,0.99609375,0.0,1.0,1.0,0.7915702273958504,3.1846979912279836,0.0,0.0,0.0,0.0,0.0,0.0,105.71379089355469,31.099573135375977,8.464859008789062,19.840307235717773,242.1761016845703,20.053152084350586,0.0954742431640625,0.01385498046875,0.00042724609375,9.1552734375e-05,0.3357391357421875,0.544342041015625,0.0066375732421875,0.0034332275390625,1.4443693563709776,0.9200933921203903,0.8054028368905873,0.9786597367203556
1.0,0.99609375,0.0,1.0,1.0,0.7915702273958504,3.1846979912279836,0.0,0.0,0.0,0.0,0.0,0.0,110.23326110839844,32.51327896118164,9.208404541015625,23.510738372802734,243.52285766601562,25.209787368774414,0.0944671630859375,0.0073699951171875,0.0006103515625,1.52587890625e-05,0.0853424072265625,0.7569427490234375,0.0392608642578125,0.0159912109375,1.5578671715663877,0.9271857416198682,0.7014926777862356,0.9847704571994156
1.0,0.99609375,0.0,1.0,1.0,0.7915702273958504,3.1846979912279836,0.0,0.0,0.0,0.0,0.0,0.0,108.43917846679688,32.48689270019531,7.7920989990234375,18.81134033203125,245.78018188476562,14.707314491271973,0.100341796875,0.0087738037109375,7.62939453125e-05,3.0517578125e-05,0.1597900390625,0.7012786865234375,0.0100250244140625,0.019683837890625,1.2175493221131466,0.9303781448829245,0.7170067355114569,0.9703322944297044
1.0,0.99609375,0.0,1.0,1.0,0.7915702273958504,3.1846979912279836,0.0,0.0,0.0,0.0,0.0,0.0,112.33503723144531,28.363534927368164,6.45391845703125,18.22484016418457,246.260986328125,18.017227172851562,0.0697784423828125,0.011688232421875,0.000152587890625,1.52587890625e-05,0.01385498046875,0.8817901611328125,0.01324462890625,0.0094757080078125,1.0161466016566534,0.9461750414304811,0.8446329851626411,0.9817954154514972
1.0,0.99609375,0.0,1.0,1.0,0.7915702273958504,3.1846979912279836,0.0,0.0,0.0,0.0,0.0,0.0,109.41358947753906,30.386592864990234,7.7482757568359375,18.75305938720703,244.8572235107422,17.421354293823242,0.091705322265625,0.00640869140625,0.000274658203125,3.0517578125e-05,0.116119384765625,0.769927978515625,0.009307861328125,0.0062255859375,0.8805276328326707,0.9293672850307452,0.7827770864696773,0.9842311051153646
1.0,0.99609375,0.0,1.0,1.0,0.7915702273958504,3.1846979912279836,0.0,0.0,0.0,0.0,0.0,0.0,106.84243774414062,34.023902893066406,7.9800567626953125,19.96746063232422,242.40394592285156,25.596372604370117,0.108551025390625,0.0069732666015625,4.57763671875e-05,6.103515625e-05,0.138397216796875,0.7332916259765625,0.0059661865234375,0.0067138671875,2.1728724658212784,0.9086107913928886,0.6900178940187752,0.979977704497528
1.0,0.99609375,0.0,1.0,1.0,0.7915702273958504,3.1846979912279836,0.0,0.0,0.0,0.0,0.0,0.0,106.30873107910156,34.65544891357422,9.119613647460938,20.23459815979004,244.0247344970703,14.610787391662598,0.1157989501953125,0.0143280029296875,3.0517578125e-05,3.0517578125e-05,0.134185791015625,0.7137908935546875,0.011260986328125,0.0105743408203125,0.90615811658157,0.9290327259821385,0.8018547059579011,0.9771284654810655
1.0,0.99609375,0.0,1.0,1.0,0.7915702273958504,3.1846979912279836,0.0,0.0,0.0,0.0,0.0,0.0,102.20480346679688,39.86823272705078,9.851089477539062,24.395376205444336,239.57394409179688,27.901968002319336,0.14923095703125,0.0142669677734375,0.001312255859375,0.000946044921875,0.1452178955078125,0.6610107421875,0.008697509765625,0.019317626953125,2.2918399128181552,0.8999970654248728,0.6596229982098821,0.981149166751283
1.0,0.99609375,0.0,1.0,1.0,0.7915702273958504,3.1846979912279836,0.0,0.0,0.0,0.0,0.0,0.0,105.802490234375,36.527854919433594,9.303314208984375,21.61494255065918,243.16470336914062,16.55413818359375,0.126678466796875,0.0124664306640625,0.0003509521484375,7.62939453125e-05,0.1467742919921875,0.6753692626953125,0.0118865966796875,0.026397705078125,1.3660344577377455,0.9088194524731414,0.7277587720187875,0.9725755546937787
1.0,0.99609375,0.0,1.0,1.0,0.7915702273958504,3.1846979912279836,0.0,0.0,0.0,0.0,0.0,0.0,100.16964721679688,44.32606506347656,11.930130004882812,30.788972854614258,240.91392517089844,23.177520751953125,0.1902923583984375,0.0020599365234375,7.62939453125e-05,6.103515625e-05,0.0224456787109375,0.748291015625,0.012542724609375,0.02423095703125,1.5717028027622628,0.9176660606200673,0.8172177277813707,0.9851958850539128
1.0,0.99609375,0.0,1.0,1.0,0.7915702273958504,3.1846979912279836,0.0,0.0,0.0,0.0,0.0,0.0,111.77645874023438,30.829862594604492,6.806640625,18.132600784301758,246.22088623046875,16.352930068969727,0.08349609375,0.009521484375,0.0003662109375,0.0,0.013427734375,0.85284423828125,0.019195556640625,0.021148681640625,1.186685692403686,0.9400399924405607,0.7865627466452643,0.9747332013392443
1.0,0.99609375,0.0,1.0,1.0,0.7915702273958504,3.1846979912279836,0.0,0.0,0.0,0.0,0.0,0.0,109.44685363769531,28.458086013793945,7.225250244140625,18.521108627319336,243.8906707763672,22.189937591552734,0.080108642578125,0.0028228759765625,3.0517578125e-05,0.0,0.2628631591796875,0.6369476318359375,0.01007080078125,0.0071563720703125,1.2467985177243974,0.9298200637875382,0.7693930485430304,0.985137340543733
1.0,0.99609375,0.0,1.0,1.0,0.7915702273958504,3.1846979912279836,0.0,0.0,0.0,0.0,0.0,0.0,103.73617553710938,35.36953353881836,13.563552856445312,31.632234573364258,241.8183135986328,21.354488372802734,0.1349639892578125,0.0044097900390625,3.0517578125e-05,4.57763671875e-05,0.270904541015625,0.5675811767578125,0.012847900390625,0.00921630859375,1.278747898366559,0.8888846429130388,0.5699504193553835,0.9869440432951191
1.0,0.99609375,0.0,1.0,1.0,0.7915702273958504,3.1846979912279836,0.0,0.0,0.0,0.0,0.0,0.0,105.96017456054688,38.583656311035156,7.926055908203125,21.132244110107422,243.12701416015625,19.269996643066406,0.1374664306640625,0.006134033203125,0.0,0.0,0.046783447265625,0.76898193359375,0.0099029541015625,0.030731201171875,1.0610382661931541,0.9192384302359338,0.650864571939378,0.9832532885413899
1.0,0.99609375,0.0,1.0,1.0,0.7915702273958504,3.1846979912279836,0.0,0.0,0.0,0.0,0.0,0.0,108.75596618652344,33.94597625732422,11.632904052734375,30.66953468322754,242.34193420410156,21.838443756103516,0.1082763671875,0.000518798828125,1.52587890625e-05,3.0517578125e-05,0.1362457275390625,0.7053985595703125,0.0296173095703125,0.0198974609375,2.0199268025870483,0.9020807708769122,0.5828628256567827,0.9810138824458456
1.0,0.99609375,0.0,1.0,1.0,0.7915702273958504,3.1846979912279836,0.0,0.0,0.0,0.0,0.0,0.0,108.70257568359375,33.6612548828125,7.6305694580078125,17.499025344848633,241.55020141601562,20.20270538330078,0.099365234375,0.01983642578125,0.0,3.0517578125e-05,0.050689697265625,0.7923583984375,0.021820068359375,0.015899658203125,1.3842044819673527,0.904998779022697,0.6451432860583993,0.9789215131892848
1.0,0.99609375,0.0,1.0,1.0,0.7915702273958504,3.1846979912279836,0.0,0.0,0.0,0.0,0.0,0.0,102.38551330566406,34.82202911376953,10.992889404296875,26.165342330932617,242.68170166015625,20.75969123840332,0.12152099609375,0.013214111328125,0.0003662109375,0.0002288818359375,0.4663543701171875,0.3726806640625,0.0089874267578125,0.0166473388671875,2.108298696629831,0.9060143392124828,0.5539891580762174,0.9726592864482462
1.0,0.99609375,0.0,1.0,1.0,0.7915702273958504,3.1846979912279836,0.0,0.0,0.0,0.0,0.0,0.0,106.25189208984375,29.493497848510742,7.9931488037109375,17.415754318237305,245.29721069335938,12.93055248260498,0.0882720947265625,0.0104522705078125,0.0001220703125,6.103515625e-05,0.3782806396484375,0.5059814453125,0.010009765625,0.0068206787109375,0.902998023292585,0.9197341617139346,0.624812393106333,0.9718399299362266
1.0,0.99609375,0.0,1.0,1.0,0.7915702273958504,3.1846979912279836,0.0,0.0,0.0,0.0,0.0,0.0,101.17582702636719,42.58913040161133,10.918182373046875,26.241552352905273,242.08006286621094,21.277414321899414,0.1806640625,0.00457763671875,0.0,7.62939453125e-05,0.021514892578125,0.758331298828125,0.0180511474609375,0.01678466796875,1.7924227481942212,0.8844075615734914,0.5979354832111112,0.9792141576162852
1.0,0.99609375,0.0,1.0,1.0,0.7915702273958504,3.1846979912279836,0.0,0.0,0.0,0.0,0.0,0.0,101.06587219238281,61.47075271606445,19.004730224609375,35.33049011230469,196.70191955566406,25.067672729492188,0.2883758544921875,0.0318603515625,0.0019989013671875,0.00115966796875,0.0201568603515625,0.189453125,0.3189544677734375,0.148040771484375,2.927514877114997,0.7783545292083027,0.35206060818410034,0.9741527052089647
1.0,0.99609375,0.0,1.0,1.0,0.7915702273958504,3.1846979912279836,0.0,0.0,0.0,0.0,0.0,0.0,86.06053161621094,68.19480895996094,14.358657836914062,31.1125431060791,200.96127319335938,25.95574188232422,0.38641357421875,0.060638427734375,0.0066375732421875,0.0034332275390625,0.01861572265625,0.109619140625,0.21661376953125,0.198028564453125,2.66632217579457,0.7937957296980941,0.4185001911269798,0.9760273232400016
1.0,0.99609375,0.0,1.0,1.0,0.7915702273958504,3.1846979912279836,0.0,0.0,0.0,0.0,0.0,0.0,74.64578247070312,66.84957122802734,24.551803588867188,43.40070343017578,196.59500122070312,29.195716857910156,0.476043701171875,0.058135986328125,0.00640869140625,0.00286865234375,0.0187225341796875,0.097747802734375,0.1815338134765625,0.158538818359375,2.9269642685773745,0.7717304615520248,0.34252404897526867,0.9817103301071594
1.0,0.99609375,0.0,1.0,1.0,0.7915702273958504,3.1846979912279836,0.0,0.0,0.0,0.0,0.0,0.0,107.68147277832031,61.62029266357422,18.208114624023438,36.713687896728516,190.13034057617188,32.056453704833984,0.269744873046875,0.0107269287109375,0.0018157958984375,0.0012359619140625,0.0153045654296875,0.1504974365234375,0.361297607421875,0.1893768310546875,2.575286032885347,0.7964777230644169,0.33868433866337566,0.9846945914759933
1.0,0.99609375,0.0,1.0,1.0,0.7915702273958504,3.1846979912279836,0.0,0.0,0.0,0.0,0.0,0.0,91.630126953125,60.17624282836914,17.41046142578125,33.78748321533203,204.19451904296875,23.440841674804688,0.3066558837890625,0.0537567138671875,0.0056915283203125,0.003570556640625,0.04766845703125,0.2548828125,0.2205352783203125,0.10723876953125,2.6114751814230215,0.8077623352498096,0.49712491849603924,0.973356072319721
1.0,0.99609375,0.0,1.0,1.0,0.7915702273958504,3.1846979912279836,0.0,0.0,0.0,0.0,0.0,0.0,68.87966918945312,70.72473907470703,19.176513671875,41.017860412597656,197.55368041992188,28.01056671142578,0.5357208251953125,0.0627288818359375,0.00665283203125,0.002838134765625,0.0075531005859375,0.0343017578125,0.119964599609375,0.2302398681640625,3.693386875016162,0.7803555965466168,0.440135364911984,0.9749251983467724
1.0,0.99609375,0.0,1.0,1.0,0.7915702273958504,3.1846979912279836,0.0,0.0,0.0,0.0,0.0,0.0,112.10383605957031,53.99608612060547,13.935531616210938,27.20486068725586,203.11483764648438,18.50204086303711,0.2089080810546875,0.010772705078125,0.001556396484375,0.0010833740234375,0.0223541259765625,0.2559814453125,0.3748626708984375,0.124481201171875,1.169490766128455,0.8352502939661028,0.43470111846273934,0.9822751617882765
1.0,0.99609375,0.0,1.0,1.0,0.7915702273958504,3.1846979912279836,0.0,0.0,0.0,0.0,0.0,0.0,88.23834228515625,73.8280029296875,15.537094116210938,36.29726028442383,197.92295837402344,24.563650131225586,0.4365692138671875,0.0253753662109375,0.0023956298828125,0.0009002685546875,0.0050048828125,0.0384979248046875,0.1917266845703125,0.299530029296875,2.2692381281861205,0.811707234994119,0.44031925086982016,0.980237499845604
1.0,0.99609375,0.0,1.0,1.0,0.7915702273958504,3.1846979912279836,0.0,0.0,0.0,0.0,0.0,0.0,85.47903442382812,71.38227081298828,10.525131225585938,25.238195419311523,202.70896911621094,21.346965789794922,0.4178314208984375,0.04705810546875,0.006988525390625,0.0019378662109375,0.0126953125,0.0601654052734375,0.205047607421875,0.2482757568359375,2.283846563456641,0.8491127326351258,0.489723778072691,0.9707714512912914
1.0,0.99609375,0.0,1.0,1.0,0.7915702273958504,3.1846979912279836,0.0,0.0,0.0,0.0,0.0,0.0,94.25166320800781,61.3719367980957,10.464324951171875,24.14667320251465,211.5986785888672,17.77062225341797,0.2751312255859375,0.0687713623046875,0.008209228515625,0.004119873046875,0.0487213134765625,0.231658935546875,0.2209930419921875,0.14239501953125,1.7228770773315676,0.8417233579317906,0.5602715102871032,0.9698335182173732
1.0,0.99609375,0.0,1.0,1.0,0.7915702273958504,3.1846979912279836,0.0,0.0,0.0,0.0,0.0,0.0,105.00221252441406,64.15122985839844,9.529006958007812,21.388704299926758,209.04986572265625,16.318452835083008,0.2814788818359375,0.0229644775390625,0.002960205078125,0.001129150390625,0.014617919921875,0.14080810546875,0.314910888671875,0.22113037109375,1.6885607248773717,0.8267305488653722,0.47375961076912343,0.9657342897704752
1.0,0.99609375,0.0,1.0,1.0,0.7915702273958504,3.1846979912279836,0.0,0.0,0.0,0.0,0.0,0.0,117.27920532226562,54.98651885986328,11.727294921875,24.690248489379883,202.25331115722656,15.532575607299805,0.189178466796875,0.0157470703125,0.0013427734375,0.000762939453125,0.0123748779296875,0.17388916015625,0.4356536865234375,0.171051025390625,0.9541192176535223,0.8376608041811786,0.42520625965327397,0.9796426053583327
1.0,0.99609375,0.0,1.0,1.0,0.7915702273958504,3.1846979912279836,0.0,0.0,0.0,0.0,0.0,0.0,97.87879943847656,53.065093994140625,10.2899169921875,23.737703323364258,222.85592651367188,12.438485145568848,0.246917724609375,0.01983642578125,0.0051116943359375,0.00286865234375,0.084869384765625,0.37432861328125,0.2065277099609375,0.059539794921875,0.6789439925833263,0.8959185911990027,0.7281751982096697,0.9811780470044917
1.0,0.99609375,0.0,1.0,1.0,0.7915702273958504,3.1846979912279836,0.0,0.0,0.0,0.0,0.0,0.0,92.9005126953125,55.08306121826172,7.179046630859375,16.98866081237793,223.45791625976562,11.90685749053955,0.2565460205078125,0.04388427734375,0.011138916015625,0.006103515625,0.092498779296875,0.3433990478515625,0.1866607666015625,0.0597686767578125,0.4498955731349075,0.9074308024431275,0.7206151200301697,0.9836618423613034
1.0,0.99609375,0.0,1.0,1.0,0.7915702273958504,3.1846979912279836,0.0,0.0,0.0,0.0,0.0,0.0,89.80615234375,55.578853607177734,4.57891845703125,11.899720191955566,227.09664916992188,7.168020248413086,0.2490081787109375,0.0597381591796875,0.02178955078125,0.01055908203125,0.110107421875,0.319976806640625,0.17547607421875,0.0533447265625,0.5093810535898908,0.8655753575406677,0.550620834155074,0.955542140263941
1.0,0.99609375,0.0,1.0,1.0,0.7915702273958504,3.1846979912279836,0.0,0.0,0.0,0.0,0.0,0.0,82.24406433105469,56.21681213378906,6.1430816650390625,18.314037322998047,225.09536743164062,12.370390892028809,0.2863922119140625,0.0623016357421875,0.0330810546875,0.0195159912109375,0.1354217529296875,0.282379150390625,0.1321563720703125,0.0487518310546875,1.0066369336992949,0.8369775173737779,0.48769146449585254,0.9700011160437259
1.0,0.99609375,0.0,1.0,1.0,0.7915702273958504,3.1846979912279836,0.0,0.0,0.0,0.0,0.0,0.0,86.63606262207031,57.11272048950195,7.3036651611328125,21.865175247192383,223.42449951171875,13.216646194458008,0.278900146484375,0.0531463623046875,0.0262603759765625,0.012908935546875,0.1121826171875,0.2916259765625,0.1634521484375,0.0615234375,0.9363888903074684,0.8946007265135455,0.7398409261933871,0.9758703786472851
1.0,0.99609375,0.0,1.0,1.0,0.7915702273958504,3.1846979912279836,0.0,0.0,0.0,0.0,0.0,0.0,89.23419189453125,55.9879035949707,6.3306427001953125,17.399263381958008,224.05682373046875,12.992093086242676,0.25494384765625,0.0553436279296875,0.0247802734375,0.0128021240234375,0.1152496337890625,0.308837890625,0.1683197021484375,0.059722900390625,0.7886642907054427,0.8594460317033512,0.6002905997965451,0.9754167445422656
1.0,0.99609375,0.0,1.0,1.0,0.7915702273958504,3.1846979912279836,0.0,0.0,0.0,0.0,0.0,0.0,97.6649169921875,51.788509368896484,5.855926513671875,14.277337074279785,225.6991424560547,10.110551834106445,0.210540771484375,0.036865234375,0.0125274658203125,0.00640869140625,0.1129913330078125,0.3817901611328125,0.1889190673828125,0.049957275390625,0.6450912921383964,0.8346430308401305,0.471864943444834,0.9689999854725003
1.0,0.99609375,0.0,1.0,1.0,0.7915702273958504,3.1846979912279836,0.0,0.0,0.0,0.0,0.0,0.0,95.61610412597656,53.272705078125,7.78814697265625,21.963912963867188,223.50656127929688,14.20165729522705,0.2319488525390625,0.0324859619140625,0.012603759765625,0.008392333984375,0.1078643798828125,0.3677825927734375,0.186859130859375,0.05206298828125,1.0138737239621647,0.8709578618353593,0.6568441582842801,0.976362454041162
1.0,0.99609375,0.0,1.0,1.0,0.7915702273958504,3.1846979912279836,0.0,0.0,0.0,0.0,0.0,0.0,91.34449768066406,56.18715286254883,5.4566497802734375,13.606760025024414,223.65306091308594,10.407421112060547,0.24102783203125,0.059783935546875,0.0200653076171875,0.01171875,0.1079864501953125,0.3070831298828125,0.186981201171875,0.0653533935546875,0.41242091647032897,0.917995661898933,0.7737866624438628,0.9798786077108679
1.0,0.99609375,0.0,1.0,1.0,0.7915702273958504,3.1846979912279836,0.0,0.0,0.0,0.0,0.0,0.0,88.59883117675781,59.341304779052734,8.55670166015625,23.0822696685791,221.40240478515625,11.821065902709961,0.2970123291015625,0.04693603515625,0.0167388916015625,0.0084686279296875,0.0826416015625,0.264678955078125,0.2003173828125,0.0832061767578125,0.599924439964436,0.8776494349587549,0.5754974170089201,0.981636580322546
1.0,0.99609375,0.0,1.0,1.0,0.7915702273958504,3.1846979912279836,0.0,0.0,0.0,0.0,0.0,0.0,108.87652587890625,52.727294921875,11.253433227539062,27.456071853637695,212.2729949951172,23.012025833129883,0.2010040283203125,0.0101318359375,0.0023345947265625,0.0012664794921875,0.04541015625,0.3043975830078125,0.3411712646484375,0.0942840576171875,2.1386992788041614,0.7955120661970291,0.44044419153204006,0.9785012346317302
1.0,0.99609375,0.0,1.0,1.0,0.7915702273958504,3.1846979912279836,0.0,0.0,0.0,0.0,0.0,0.0,97.70289611816406,60.50676345825195,11.642059326171875,23.82158660888672,209.15811157226562,22.64895248413086,0.291168212890625,0.0326995849609375,0.00445556640625,0.0017852783203125,0.0309906005859375,0.21044921875,0.308319091796875,0.1201324462890625,0.7901820717983832,0.8518423540022966,0.5327112605459066,0.9909131137042435
1.0,0.99609375,0.0,1.0,1.0,0.7915702273958504,3.1846979912279836,0.0,0.0,0.0,0.0,0.0,0.0,84.56556701660156,57.51569366455078,8.6480712890625,22.78135871887207,221.9447021484375,14.62643814086914,0.309112548828125,0.0432586669921875,0.0189971923828125,0.0118255615234375,0.1112213134765625,0.299530029296875,0.1443939208984375,0.0616607666015625,0.9728599934082414,0.9040384877510195,0.752677695863909,0.9784292539379458
1.0,0.99609375,0.0,1.0,1.0,0.7915702273958504,3.1846979912279836,0.0,0.0,0.0,0.0,0.0,0.0,98.3055419921875,60.003631591796875,10.474563598632812,26.120641708374023,211.37747192382812,17.528606414794922,0.2778472900390625,0.0253753662109375,0.0071258544921875,0.0035552978515625,0.0479278564453125,0.232818603515625,0.2828369140625,0.1225128173828125,1.2397718228898118,0.847687727624541,0.569577721461002,0.980365507874836
1.0,0.99609375,0.0,1.0,1.0,0.7915702273958504,3.1846979912279836,0.0,0.0,0.0,0.0,0.0,0.0,106.40867614746094,55.553627014160156,8.384994506835938,21.928997039794922,213.39889526367188,14.401744842529297,0.215423583984375,0.02264404296875,0.0052490234375,0.0020599365234375,0.0448455810546875,0.2649993896484375,0.330657958984375,0.1141204833984375,0.9195936470603969,0.8678102083390801,0.6361227070504355,0.9786684982137299
1.0,0.99609375,0.0,1.0,1.0,0.7915702273958504,3.1846979912279836,0.0,0.0,0.0,0.0,0.0,0.0,100.5628662109375,59.14799499511719,9.473464965820312,21.845901489257812,214.0243377685547,13.94140338897705,0.264312744140625,0.030670166015625,0.0056610107421875,0.0023040771484375,0.0370025634765625,0.2261810302734375,0.313812255859375,0.12005615234375,0.7086536359478124,0.8623007457058736,0.6201804558093627,0.982320458624492
1.0,0.99609375,0.0,1.0,1.0,0.7915702273958504,3.1846979912279836,0.0,0.0,0.0,0.0,0.0,0.0,108.16619873046875,51.93227767944336,10.238174438476562,22.83531951904297,214.39158630371094,17.449831008911133,0.1995391845703125,0.017852783203125,0.003021240234375,0.00128173828125,0.044677734375,0.31182861328125,0.3386993408203125,0.083099365234375,0.8937337694686998,0.8287777946846802,0.44824904490745143,0.9846974643927799
1.0,0.99609375,0.0,1.0,1.0,0.7915702273958504,3.1846979912279836,0.0,0.0,0.0,0.0,0.0,0.0,107.01704406738281,54.33846664428711,6.6814422607421875,14.237076759338379,214.97386169433594,16.859338760375977,0.1912078857421875,0.0416107177734375,0.004669189453125,0.0018310546875,0.0442962646484375,0.27838134765625,0.3309783935546875,0.107025146484375,0.8348285674294306,0.840097917375776,0.46485379898599194,0.981416087776716
1.0,0.99609375,0.0,1.0,1.0,0.7915702273958504,3.1846979912279836,0.0,0.0,0.0,0.0,0.0,0.0,105.99118041992188,56.87367248535156,9.015884399414062,22.153932571411133,212.62603759765625,17.962129592895508,0.222869873046875,0.026092529296875,0.006500244140625,0.0029754638671875,0.039154052734375,0.2360992431640625,0.3404083251953125,0.1259002685546875,0.8794145278671617,0.881653535723623,0.6834445328271006,0.9850082904514352
1.0,0.99609375,0.0,1.0,1.0,0.7915702273958504,3.1846979912279836,0.0,0.0,0.0,0.0,0.0,0.0,91.93525695800781,67.34283447265625,10.406387329101562,25.79410743713379,211.2720947265625,15.61750602722168,0.36199951171875,0.036590576171875,0.005218505859375,0.00201416015625,0.017486572265625,0.11334228515625,0.2613983154296875,0.2019500732421875,0.9946041336508689,0.8693980086335023,0.5003239706352489,0.9813626185308477
1.0,0.99609375,0.0,1.0,1.0,0.7915702273958504,3.1846979912279836,0.0,0.0,0.0,0.0,0.0,0.0,114.60295104980469,50.37294006347656,12.010177612304688,31.16774559020996,212.7484130859375,24.814722061157227,0.1683502197265625,0.007049560546875,0.0020294189453125,0.0009765625,0.0312042236328125,0.274200439453125,0.418365478515625,0.0978240966796875,2.55551520566798,0.8203640535874337,0.47433813033445993,0.9792663436929592
1.0,0.99609375,0.0,1.0,1.0,0.7915702273958504,3.1846979912279836,0.0,0.0,0.0,0.0,0.0,0.0,103.80491638183594,58.69245910644531,9.778488159179688,19.714399337768555,211.89788818359375,19.3730411529541,0.256134033203125,0.0250396728515625,0.0036773681640625,0.0014190673828125,0.025360107421875,0.203033447265625,0.3594970703125,0.1258392333984375,1.0404639271288825,0.8502581019907164,0.5790228669768185,0.9839949509242201
1.0,0.99609375,0.0,1.0,1.0,0.7915702273958504,3.1846979912279836,0.0,0.0,0.0,0.0,0.0,0.0,105.3243408203125,56.82598114013672,10.080795288085938,26.97195053100586,212.6047821044922,18.18568992614746,0.2291717529296875,0.0207061767578125,0.0056304931640625,0.0023956298828125,0.042266845703125,0.2449493408203125,0.3365631103515625,0.118316650390625,1.1324348418177426,0.8875382333203171,0.7124057840184277,0.9831235943185848
1.0,0.99609375,0.0,1.0,1.0,0.7915702273958504,3.1846979912279836,0.0,0.0,0.0,0.0,0.0,0.0,85.19091796875,59.40161895751953,10.974151611328125,28.731510162353516,220.34280395507812,15.239665985107422,0.3272247314453125,0.0440673828125,0.0157318115234375,0.0085601806640625,0.08087158203125,0.2673797607421875,0.1796875,0.07647705078125,1.001898087503477,0.8758090339247248,0.6566986523441473,0.9823574160856781
1.0,0.99609375,0.0,1.0,1.0,0.7915702273958504,3.1846979912279836,0.0,0.0,0.0,0.0,0.0,0.0,107.572509765625,57.63385009765625,6.806610107421875,17.063098907470703,214.4603729248047,13.138317108154297,0.224151611328125,0.0205535888671875,0.00445556640625,0.0017547607421875,0.03399658203125,0.218414306640625,0.3524017333984375,0.1442718505859375,0.8381251208758879,0.8815813291865344,0.7000112854313477,0.9750045491816498
1.0,0.99609375,0.0,1.0,1.0,0.7915702273958504,3.1846979912279836,0.0,0.0,0.0,0.0,0.0,0.0,106.3126220703125,56.4138069152832,8.146041870117188,18.134618759155273,214.22512817382812,15.880882263183594,0.2261810302734375,0.0224609375,0.0047454833984375,0.001953125,0.0362548828125,0.232574462890625,0.3625946044921875,0.1132354736328125,1.0532912947419377,0.8816991725765458,0.7496599767643639,0.9769246008048998
1.0,0.99609375,0.0,1.0,1.0,0.7915702273958504,3.1846979912279836,0.0,0.0,0.0,0.0,0.0,0.0,114.00360107421875,50.10174560546875,8.633880615234375,19.33692169189453,214.9381561279297,16.678625106811523,0.1707000732421875,0.014373779296875,0.002593994140625,0.001007080078125,0.0318756103515625,0.26580810546875,0.42022705078125,0.093414306640625,0.9084645975203637,0.8461001292050221,0.592372764405248,0.9814863048570976
1.0,0.99609375,0.0,1.0,1.0,0.7915702273958504,3.1846979912279836,0.0,0.0,0.0,0.0,0.0,0.0,107.42622375488281,56.165645599365234,6.73046875,14.389872550964355,214.594970703125,16.479169845581055,0.19366455078125,0.0501708984375,0.0057220458984375,0.00225830078125,0.0321197509765625,0.225006103515625,0.369537353515625,0.12152099609375,0.6113998860394113,0.8622758861506461,0.6530757666582022,0.9856318923601082
1.0,0.99609375,0.0,1.0,1.0,0.7915702273958504,3.1846979912279836,0.0,0.0,0.0,0.0,0.0,0.0,107.86654663085938,57.23670196533203,6.792327880859375,14.812535285949707,213.37205505371094,18.287097930908203,0.2086334228515625,0.0377044677734375,0.0052032470703125,0.0021820068359375,0.0310211181640625,0.2105712890625,0.3638916015625,0.1407928466796875,0.7771720913620113,0.9033459192509743,0.764140343405578,0.9851199420579343
1.0,0.99609375,0.0,1.0,1.0,0.7915702273958504,3.1846979912279836,0.0,0.0,0.0,0.0,0.0,0.0,100.68771362304688,64.49903869628906,9.266189575195312,22.5019474029541,213.1723175048828,14.554691314697266,0.3021240234375,0.027191162109375,0.0038299560546875,0.0015411376953125,0.01708984375,0.130950927734375,0.3187255859375,0.19854736328125,0.7977057408064002,0.877330489273614,0.6539719864907405,0.9823183544517796
1.0,0.99609375,0.0,1.0,1.0,0.7915702273958504,3.1846979912279836,0.0,0.0,0.0,0.0,0.0,0.0,86.07290649414062,57.04409408569336,11.1795654296875,25.11362075805664,222.5441131591797,17.79483413696289,0.3065032958984375,0.05596923828125,0.0114898681640625,0.0055084228515625,0.0999908447265625,0.30206298828125,0.1533660888671875,0.0651092529296875,1.1486813732431018,0.8647735960322569,0.613174946810676,0.9817535025772928
1.0,0.99609375,0.0,1.0,1.0,0.7915702273958504,3.1846979912279836,0.0,0.0,0.0,0.0,0.0,0.0,81.72502136230469,58.627872467041016,9.220596313476562,19.93648338317871,224.62266540527344,13.372910499572754,0.32672119140625,0.07427978515625,0.01629638671875,0.00836181640625,0.087677001953125,0.2607421875,0.158050537109375,0.06787109375,0.628887347868458,0.8850098681427968,0.6351708767625177,0.9828887482093458
1.0,0.99609375,0.0,1.0,1.0,0.7915702273958504,3.1846979912279836,0.0,0.0,0.0,0.0,0.0,0.0,80.63276672363281,54.39310073852539,11.392303466796875,26.206907272338867,223.20135498046875,14.707188606262207,0.31207275390625,0.05853271484375,0.0235595703125,0.01434326171875,0.145233154296875,0.3017730712890625,0.1090850830078125,0.035400390625,1.1055486120959577,0.830449010965925,0.5271991968512018,0.9778364971372229
1.0,0.99609375,0.0,1.0,1.0,0.7915702273958504,3.1846979912279836,0.0,0.0,0.0,0.0,0.0,0.0,83.4970703125,55.7628173828125,7.51849365234375,17.40810203552246,222.8134307861328,16.195270538330078,0.2839508056640625,0.06890869140625,0.0261993408203125,0.0142974853515625,0.128448486328125,0.290557861328125,0.1402740478515625,0.04736328125,0.9641130589945365,0.8069810804546063,0.4396545270941419,0.9794184521337053
1.0,0.99609375,0.0,1.0,1.0,0.7915702273958504,3.1846979912279836,0.0,0.0,0.0,0.0,0.0,0.0,92.62301635742188,55.85304641723633,7.21063232421875,17.410335540771484,221.03561401367188,16.641090393066406,0.2545166015625,0.0477752685546875,0.013214111328125,0.00738525390625,0.0963134765625,0.3269805908203125,0.1859130859375,0.067901611328125,0.8017036283526493,0.9018940847171759,0.7000474399011236,0.983146660434816
1.0,0.99609375,0.0,1.0,1.0,0.7915702273958504,3.1846979912279836,0.0,0.0,0.0,0.0,0.0,0.0,82.65898132324219,57.56281280517578,7.5136566162109375,19.116600036621094,224.6995391845703,12.962450981140137,0.3062286376953125,0.0605621337890625,0.027313232421875,0.0137786865234375,0.1086273193359375,0.2719573974609375,0.1551055908203125,0.056427001953125,0.988662869953046,0.8395367672452193,0.5359677562924074,0.9721926576130306
1.0,0.99609375,0.0,1.0,1.0,0.7915702273958504,3.1846979912279836,0.0,0.0,0.0,0.0,0.0,0.0,91.95973205566406,55.65617370605469,10.5802001953125,26.474321365356445,222.64700317382812,18.897991180419922,0.2651519775390625,0.03790283203125,0.015167236328125,0.007415771484375,0.0988922119140625,0.3317108154296875,0.1817626953125,0.0619964599609375,2.022356956517572,0.8441505002827819,0.5756290120161044,0.9724567000532639
1.0,0.99609375,0.0,1.0,1.0,0.7915702273958504,3.1846979912279836,0.0,0.0,0.0,0.0,0.0,0.0,79.17039489746094,59.39616775512695,8.559371948242188,24.654094696044922,225.17381286621094,11.016743659973145,0.3368072509765625,0.070159912109375,0.02752685546875,0.0133056640625,0.0943603515625,0.237518310546875,0.1490020751953125,0.071319580078125,0.8938725731404977,0.8382375998089348,0.4876323994844123,0.9738080116668542
1.0,0.99609375,0.0,1.0,1.0,0.7915702273958504,3.1846979912279836,0.0,0.0,0.0,0.0,0.0,0.0,70.06974792480469,61.621421813964844,9.350509643554688,24.1539306640625,221.96868896484375,15.415613174438477,0.4099273681640625,0.090057373046875,0.0308074951171875,0.0125732421875,0.0687255859375,0.159942626953125,0.1414337158203125,0.0865325927734375,1.0658791645360584,0.8496745792621857,0.5081628607429152,0.9793371546203631
1.0,0.99609375,0.0,1.0,1.0,0.7915702273958504,3.1846979912279836,0.0,0.0,0.0,0.0,0.0,0.0,70.44549560546875,60.86590576171875,10.133743286132812,24.186477661132812,222.125244140625,12.200257301330566,0.4096832275390625,0.092742919921875,0.0238037109375,0.0117645263671875,0.069976806640625,0.17132568359375,0.1412200927734375,0.0794830322265625,1.1801666731328055,0.8589036988471581,0.5883219322426718,0.9675217381596977
1.0,0.99609375,0.0,1.0,1.0,0.7915702273958504,3.1846979912279836,0.0,0.0,0.0,0.0,0.0,0.0,108.48005676269531,51.99357223510742,9.563003540039062,20.907852172851562,212.9183349609375,16.613080978393555,0.193359375,0.023162841796875,0.002899169921875,0.00152587890625,0.04498291015625,0.3048553466796875,0.341400146484375,0.0878143310546875,1.067215108382417,0.8896997623402205,0.7466876971652605,0.9789258963298235
1.0,0.99609375,0.0,1.0,1.0,0.7915702273958504,3.1846979912279836,0.0,0.0,0.0,0.0,0.0,0.0,103.43707275390625,54.61355972290039,9.591995239257812,21.864168167114258,213.23756408691406,13.464090347290039,0.2168121337890625,0.0352630615234375,0.0053863525390625,0.0029296875,0.0548858642578125,0.2867279052734375,0.312530517578125,0.0854644775390625,0.721708719478286,0.8620113352612888,0.6182418727967365,0.9808864590060211
1.0,0.99609375,0.0,1.0,1.0,0.7915702273958504,3.1846979912279836,0.0,0.0,0.0,0.0,0.0,0.0,95.44338989257812,58.57137680053711,8.566390991210938,21.181936264038086,211.74774169921875,13.100885391235352,0.277008056640625,0.0310821533203125,0.0093536376953125,0.00408935546875,0.0631256103515625,0.2694091796875,0.2523193359375,0.0936126708984375,0.9398955545038528,0.8332888335964599,0.5481588630588785,0.9735439731103577
1.0,0.99609375,0.0,1.0,1.0,0.7915702273958504,3.1846979912279836,0.0,0.0,0.0,0.0,0.0,0.0,105.68064880371094,52.91736602783203,6.884002685546875,14.964077949523926,212.0623016357422,14.741121292114258,0.19464111328125,0.0305328369140625,0.0064239501953125,0.0030059814453125,0.0617218017578125,0.312744140625,0.305572509765625,0.085357666015625,0.7627105314995174,0.8339753235887624,0.4772684870788292,0.9795832189134139
1.0,0.99609375,0.0,1.0,1.0,0.7915702273958504,3.1846979912279836,0.0,0.0,0.0,0.0,0.0,0.0,107.2647705078125,53.742305755615234,8.000701904296875,19.631656646728516,213.17178344726562,14.319999694824219,0.20281982421875,0.0207061767578125,0.0055389404296875,0.0022125244140625,0.0508575439453125,0.2857666015625,0.333892822265625,0.09820556640625,0.9105836328060706,0.8722536198662136,0.6302983002760998,0.9776264688192786
1.0,0.99609375,0.0,1.0,1.0,0.7915702273958504,3.1846979912279836,0.0,0.0,0.0,0.0,0.0,0.0,98.79354858398438,51.48928451538086,11.029159545898438,25.381832122802734,221.540283203125,14.53111743927002,0.22869873046875,0.026031494140625,0.0053558349609375,0.002777099609375,0.0960693359375,0.38885498046875,0.1997222900390625,0.052490234375,0.7288185315541468,0.8961093259035592,0.7086381953081259,0.9841483991316646
1.0,0.99609375,0.0,1.0,1.0,0.7915702273958504,3.1846979912279836,0.0,0.0,0.0,0.0,0.0,0.0,111.09318542480469,51.122798919677734,7.4467620849609375,18.126935958862305,213.8435821533203,14.9249906539917,0.1775665283203125,0.017303466796875,0.00347900390625,0.0017242431640625,0.042510986328125,0.301605224609375,0.3651885986328125,0.0906219482421875,1.006870331461013,0.9076708382329214,0.733226608101476,0.9751559259442288
1.0,0.99609375,0.0,1.0,1.0,0.7915702273958504,3.1846979912279836,0.0,0.0,0.0,0.0,0.0,0.0,103.03271484375,58.574745178222656,8.01812744140625,22.4549617767334,215.15231323242188,11.621395111083984,0.2454376220703125,0.0247344970703125,0.006103515625,0.0028533935546875,0.0404815673828125,0.2356414794921875,0.3166961669921875,0.1280517578125,0.6675893405242822,0.9084749414798126,0.7590779682397094,0.9797827526276717
1.0,0.99609375,0.0,1.0,1.0,0.7915702273958504,3.1846979912279836,0.0,0.0,0.0,0.0,0.0,0.0,97.54855346679688,63.603939056396484,8.801742553710938,23.620521545410156,212.318115234375,13.721362113952637,0.2994232177734375,0.0332794189453125,0.00714111328125,0.0025787353515625,0.02862548828125,0.1707763671875,0.29193115234375,0.1662445068359375,0.8664132106336695,0.846723224497861,0.483926615396466,0.9795860831477508
1.0,0.99609375,0.0,1.0,1.0,0.7915702273958504,3.1846979912279836,0.0,0.0,0.0,0.0,0.0,0.0,99.45600891113281,62.11026382446289,9.148605346679688,20.319631576538086,209.80267333984375,15.924422264099121,0.2805023193359375,0.03619384765625,0.0073394775390625,0.0030364990234375,0.0335845947265625,0.1781005859375,0.3006591796875,0.16058349609375,0.7470084741855223,0.86825810692211,0.6529194974930843,0.9841334376606947
1.0,0.99609375,0.0,1.0,1.0,0.7915702273958504,3.1846979912279836,0.0,0.0,0.0,0.0,0.0,0.0,89.55790710449219,56.716583251953125,11.234222412109375,28.079025268554688,219.80068969726562,17.63140106201172,0.293426513671875,0.0347747802734375,0.0125579833984375,0.00726318359375,0.0908050537109375,0.3197479248046875,0.1780548095703125,0.0633697509765625,1.2321701927352582,0.8894450560485359,0.678300488174907,0.9814780902839552
1.0,0.99609375,0.0,1.0,1.0,0.7915702273958504,3.1846979912279836,0.0,0.0,0.0,0.0,0.0,0.0,91.4388427734375,58.36679458618164,7.5707855224609375,17.442176818847656,220.8256378173828,15.044235229492188,0.2818756103515625,0.0473175048828125,0.0115814208984375,0.006195068359375,0.07708740234375,0.2855987548828125,0.2031402587890625,0.0872039794921875,0.6126222942838975,0.9037102778047202,0.6887608857344787,0.9851798266752667
1.0,0.99609375,0.0,1.0,1.0,0.7915702273958504,3.1846979912279836,0.0,0.0,0.0,0.0,0.0,0.0,75.29275512695312,64.5162353515625,11.430450439453125,28.107789993286133,217.74850463867188,17.30661392211914,0.4191131591796875,0.069305419921875,0.016998291015625,0.0069580078125,0.0417327880859375,0.1507415771484375,0.1737213134765625,0.121429443359375,1.3658303086866643,0.8309070818323356,0.45527597528644975,0.9788291603389053
1.0,0.99609375,0.0,1.0,1.0,0.7915702273958504,3.1846979912279836,0.0,0.0,0.0,0.0,0.0,0.0,96.70512390136719,53.010643005371094,6.944183349609375,17.559104919433594,226.3977508544922,10.932624816894531,0.2276458740234375,0.0313568115234375,0.011932373046875,0.0072479248046875,0.10882568359375,0.3639678955078125,0.1942291259765625,0.0547943115234375,0.5910810006118842,0.8856917042075723,0.6837607285999394,0.9779427076739369
1.0,0.99609375,0.0,1.0,1.0,0.7915702273958504,3.1846979912279836,0.0,0.0,0.0,0.0,0.0,0.0,94.25166320800781,61.3719367980957,10.464324951171875,24.14667320251465,211.5986785888672,17.77062225341797,0.2751312255859375,0.0687713623046875,0.008209228515625,0.004119873046875,0.0487213134765625,0.231658935546875,0.2209930419921875,0.14239501953125,1.7228770773315676,0.8417233579317906,0.5602715102871032,0.9698335182173732
1.0,0.99609375,0.0,1.0,1.0,0.7915702273958504,3.1846979912279836,0.0,0.0,0.0,0.0,0.0,0.0,105.00221252441406,64.15122985839844,9.529006958007812,21.388704299926758,209.04986572265625,16.318452835083008,0.2814788818359375,0.0229644775390625,0.002960205078125,0.001129150390625,0.014617919921875,0.14080810546875,0.314910888671875,0.22113037109375,1.6885607248773717,0.8267305488653722,0.47375961076912343,0.9657342897704752
1.0,0.99609375,0.0,1.0,1.0,0.7915702273958504,3.1846979912279836,0.0,0.0,0.0,0.0,0.0,0.0,117.27920532226562,54.98651885986328,11.727294921875,24.690248489379883,202.25331115722656,15.532575607299805,0.189178466796875,0.0157470703125,0.0013427734375,0.000762939453125,0.0123748779296875,0.17388916015625,0.4356536865234375,0.171051025390625,0.9541192176535223,0.8376608041811786,0.42520625965327397,0.9796426053583327
1.0,0.99609375,0.0,1.0,1.0,0.7915702273958504,3.1846979912279836,0.0,0.0,0.0,0.0,0.0,0.0,97.87879943847656,53.065093994140625,10.2899169921875,23.737703323364258,222.85592651367188,12.438485145568848,0.246917724609375,0.01983642578125,0.0051116943359375,0.00286865234375,0.084869384765625,0.37432861328125,0.2065277099609375,0.059539794921875,0.6789439925833263,0.8959185911990027,0.7281751982096697,0.9811780470044917
1.0,0.99609375,0.0,1.0,1.0,0.7915702273958504,3.1846979912279836,0.0,0.0,0.0,0.0,0.0,0.0,92.9005126953125,55.08306121826172,7.179046630859375,16.98866081237793,223.45791625976562,11.90685749053955,0.2565460205078125,0.04388427734375,0.011138916015625,0.006103515625,0.092498779296875,0.3433990478515625,0.1866607666015625,0.0597686767578125,0.4498955731349075,0.9074308024431275,0.7206151200301697,0.9836618423613034
1.0,0.99609375,0.0,1.0,1.0,0.7915702273958504,3.1846979912279836,0.0,0.0,0.0,0.0,0.0,0.0,89.80615234375,55.578853607177734,4.57891845703125,11.899720191955566,227.09664916992188,7.168020248413086,0.2490081787109375,0.0597381591796875,0.02178955078125,0.01055908203125,0.110107421875,0.319976806640625,0.17547607421875,0.0533447265625,0.5093810535898908,0.8655753575406677,0.550620834155074,0.955542140263941
1.0,0.99609375,0.0,1.0,1.0,0.7915702273958504,3.1846979912279836,0.0,0.0,0.0,0.0,0.0,0.0,82.24406433105469,56.21681213378906,6.1430816650390625,18.314037322998047,225.09536743164062,12.370390892028809,0.2863922119140625,0.0623016357421875,0.0330810546875,0.0195159912109375,0.1354217529296875,0.282379150390625,0.1321563720703125,0.0487518310546875,1.0066369336992949,0.8369775173737779,0.48769146449585254,0.9700011160437259
1.0,0.99609375,0.0,1.0,1.0,0.7915702273958504,3.1846979912279836,0.0,0.0,0.0,0.0,0.0,0.0,86.63606262207031,57.11272048950195,7.3036651611328125,21.865175247192383,223.42449951171875,13.216646194458008,0.278900146484375,0.0531463623046875,0.0262603759765625,0.012908935546875,0.1121826171875,0.2916259765625,0.1634521484375,0.0615234375,0.9363888903074684,0.8946007265135455,0.7398409261933871,0.9758703786472851
1.0,0.99609375,0.0,1.0,1.0,0.7915702273958504,3.1846979912279836,0.0,0.0,0.0,0.0,0.0,0.0,89.23419189453125,55.9879035949707,6.3306427001953125,17.399263381958008,224.05682373046875,12.992093086242676,0.25494384765625,0.0553436279296875,0.0247802734375,0.0128021240234375,0.1152496337890625,0.308837890625,0.1683197021484375,0.059722900390625,0.7886642907054427,0.8594460317033512,0.6002905997965451,0.9754167445422656
1.0,0.99609375,0.0,1.0,1.0,0.7915702273958504,3.1846979912279836,0.0,0.0,0.0,0.0,0.0,0.0,97.6649169921875,51.788509368896484,5.855926513671875,14.277337074279785,225.6991424560547,10.110551834106445,0.210540771484375,0.036865234375,0.0125274658203125,0.00640869140625,0.1129913330078125,0.3817901611328125,0.1889190673828125,0.049957275390625,0.6450912921383964,0.8346430308401305,0.471864943444834,0.9689999854725003
1.0,0.99609375,0.0,1.0,1.0,0.7915702273958504,3.1846979912279836,0.0,0.0,0.0,0.0,0.0,0.0,95.61610412597656,53.272705078125,7.78814697265625,21.963912963867188,223.50656127929688,14.20165729522705,0.2319488525390625,0.0324859619140625,0.012603759765625,0.008392333984375,0.1078643798828125,0.3677825927734375,0.186859130859375,0.05206298828125,1.0138737239621647,0.8709578618353593,0.6568441582842801,0.976362454041162
1.0,0.99609375,0.0,1.0,1.0,0.7915702273958504,3.1846979912279836,0.0,0.0,0.0,0.0,0.0,0.0,91.34449768066406,56.18715286254883,5.4566497802734375,13.606760025024414,223.65306091308594,10.407421112060547,0.24102783203125,0.059783935546875,0.0200653076171875,0.01171875,0.1079864501953125,0.3070831298828125,0.186981201171875,0.0653533935546875,0.41242091647032897,0.917995661898933,0.7737866624438628,0.9798786077108679
1.0,0.99609375,0.0,1.0,1.0,0.7915702273958504,3.1846979912279836,0.0,0.0,0.0,0.0,0.0,0.0,88.59883117675781,59.341304779052734,8.55670166015625,23.0822696685791,221.40240478515625,11.821065902709961,0.2970123291015625,0.04693603515625,0.0167388916015625,0.0084686279296875,0.0826416015625,0.264678955078125,0.2003173828125,0.0832061767578125,0.599924439964436,0.8776494349587549,0.5754974170089201,0.981636580322546
1.0,0.99609375,0.0,1.0,1.0,0.7915702273958504,3.1846979912279836,0.0,0.0,0.0,0.0,0.0,0.0,108.87652587890625,52.727294921875,11.253433227539062,27.456071853637695,212.2729949951172,23.012025833129883,0.2010040283203125,0.0101318359375,0.0023345947265625,0.0012664794921875,0.04541015625,0.3043975830078125,0.3411712646484375,0.0942840576171875,2.1386992788041614,0.7955120661970291,0.44044419153204006,0.9785012346317302
1.0,0.99609375,0.0,1.0,1.0,0.7915702273958504,3.1846979912279836,0.0,0.0,0.0,0.0,0.0,0.0,97.70289611816406,60.50676345825195,11.642059326171875,23.82158660888672,209.15811157226562,22.64895248413086,0.291168212890625,0.0326995849609375,0.00445556640625,0.0017852783203125,0.0309906005859375,0.21044921875,0.308319091796875,0.1201324462890625,0.7901820717983832,0.8518423540022966,0.5327112605459066,0.9909131137042435
1.0,0.99609375,0.0,1.0,1.0,0.7915702273958504,3.1846979912279836,0.0,0.0,0.0,0.0,0.0,0.0,84.56556701660156,57.51569366455078,8.6480712890625,22.78135871887207,221.9447021484375,14.62643814086914,0.309112548828125,0.0432586669921875,0.0189971923828125,0.0118255615234375,0.1112213134765625,0.299530029296875,0.1443939208984375,0.0616607666015625,0.9728599934082414,0.9040384877510195,0.752677695863909,0.9784292539379458
1.0,0.99609375,0.0,1.0,1.0,0.7915702273958504,3.1846979912279836,0.0,0.0,0.0,0.0,0.0,0.0,98.3055419921875,60.003631591796875,10.474563598632812,26.120641708374023,211.37747192382812,17.528606414794922,0.2778472900390625,0.0253753662109375,0.0071258544921875,0.0035552978515625,0.0479278564453125,0.232818603515625,0.2828369140625,0.1225128173828125,1.2397718228898118,0.847687727624541,0.569577721461002,0.980365507874836
1.0,0.99609375,0.0,1.0,1.0,0.7915702273958504,3.1846979912279836,0.0,0.0,0.0,0.0,0.0,0.0,106.40867614746094,55.553627014160156,8.384994506835938,21.928997039794922,213.39889526367188,14.401744842529297,0.215423583984375,0.02264404296875,0.0052490234375,0.0020599365234375,0.0448455810546875,0.2649993896484375,0.330657958984375,0.1141204833984375,0.9195936470603969,0.8678102083390801,0.6361227070504355,0.9786684982137299
1.0,0.99609375,0.0,1.0,1.0,0.7915702273958504,3.1846979912279836,0.0,0.0,0.0,0.0,0.0,0.0,100.5628662109375,59.14799499511719,9.473464965820312,21.845901489257812,214.0243377685547,13.94140338897705,0.264312744140625,0.030670166015625,0.0056610107421875,0.0023040771484375,0.0370025634765625,0.2261810302734375,0.313812255859375,0.12005615234375,0.7086536359478124,0.8623007457058736,0.6201804558093627,0.982320458624492
1.0,0.99609375,0.0,1.0,1.0,0.7915702273958504,3.1846979912279836,0.0,0.0,0.0,0.0,0.0,0.0,108.16619873046875,51.93227767944336,10.238174438476562,22.83531951904297,214.39158630371094,17.449831008911133,0.1995391845703125,0.017852783203125,0.003021240234375,0.00128173828125,0.044677734375,0.31182861328125,0.3386993408203125,0.083099365234375,0.8937337694686998,0.8287777946846802,0.44824904490745143,0.9846974643927799
1.0,0.99609375,0.0,1.0,1.0,0.7915702273958504,3.1846979912279836,0.0,0.0,0.0,0.0,0.0,0.0,107.01704406738281,54.33846664428711,6.6814422607421875,14.237076759338379,214.97386169433594,16.859338760375977,0.1912078857421875,0.0416107177734375,0.004669189453125,0.0018310546875,0.0442962646484375,0.27838134765625,0.3309783935546875,0.107025146484375,0.8348285674294306,0.840097917375776,0.46485379898599194,0.981416087776716
1.0,0.99609375,0.0,1.0,1.0,0.7915702273958504,3.1846979912279836,0.0,0.0,0.0,0.0,0.0,0.0,105.99118041992188,56.87367248535156,9.015884399414062,22.153932571411133,212.62603759765625,17.962129592895508,0.222869873046875,0.026092529296875,0.006500244140625,0.0029754638671875,0.039154052734375,0.2360992431640625,0.3404083251953125,0.1259002685546875,0.8794145278671617,0.881653535723623,0.6834445328271006,0.9850082904514352
1.0,0.99609375,0.0,1.0,1.0,0.7915702273958504,3.1846979912279836,0.0,0.0,0.0,0.0,0.0,0.0,91.93525695800781,67.34283447265625,10.406387329101562,25.79410743713379,211.2720947265625,15.61750602722168,0.36199951171875,0.036590576171875,0.005218505859375,0.00201416015625,0.017486572265625,0.11334228515625,0.2613983154296875,0.2019500732421875,0.9946041336508689,0.8693980086335023,0.5003239706352489,0.9813626185308477
1.0,0.99609375,0.0,1.0,1.0,0.7915702273958504,3.1846979912279836,0.0,0.0,0.0,0.0,0.0,0.0,114.60295104980469,50.37294006347656,12.010177612304688,31.16774559020996,212.7484130859375,24.814722061157227,0.1683502197265625,0.007049560546875,0.0020294189453125,0.0009765625,0.0312042236328125,0.274200439453125,0.418365478515625,0.0978240966796875,2.55551520566798,0.8203640535874337,0.47433813033445993,0.9792663436929592
1.0,0.99609375,0.0,1.0,1.0,0.7915702273958504,3.1846979912279836,0.0,0.0,0.0,0.0,0.0,0.0,103.80491638183594,58.69245910644531,9.778488159179688,19.714399337768555,211.89788818359375,19.3730411529541,0.256134033203125,0.0250396728515625,0.0036773681640625,0.0014190673828125,0.025360107421875,0.203033447265625,0.3594970703125,0.1258392333984375,1.0404639271288825,0.8502581019907164,0.5790228669768185,0.9839949509242201
1.0,0.99609375,0.0,1.0,1.0,0.7915702273958504,3.1846979912279836,0.0,0.0,0.0,0.0,0.0,0.0,105.3243408203125,56.82598114013672,10.080795288085938,26.97195053100586,212.6047821044922,18.18568992614746,0.2291717529296875,0.0207061767578125,0.0056304931640625,0.0023956298828125,0.042266845703125,0.2449493408203125,0.3365631103515625,0.118316650390625,1.1324348418177426,0.8875382333203171,0.7124057840184277,0.9831235943185848
1.0,0.99609375,0.0,1.0,1.0,0.7915702273958504,3.1846979912279836,0.0,0.0,0.0,0.0,0.0,0.0,85.19091796875,59.40161895751953,10.974151611328125,28.731510162353516,220.34280395507812,15.239665985107422,0.3272247314453125,0.0440673828125,0.0157318115234375,0.0085601806640625,0.08087158203125,0.2673797607421875,0.1796875,0.07647705078125,1.001898087503477,0.8758090339247248,0.6566986523441473,0.9823574160856781
1.0,0.99609375,0.0,1.0,1.0,0.7915702273958504,3.1846979912279836,0.0,0.0,0.0,0.0,0.0,0.0,107.572509765625,57.63385009765625,6.806610107421875,17.063098907470703,214.4603729248047,13.138317108154297,0.224151611328125,0.0205535888671875,0.00445556640625,0.0017547607421875,0.03399658203125,0.218414306640625,0.3524017333984375,0.1442718505859375,0.8381251208758879,0.8815813291865344,0.7000112854313477,0.9750045491816498
1.0,0.99609375,0.0,1.0,1.0,0.7915702273958504,3.1846979912279836,0.0,0.0,0.0,0.0,0.0,0.0,106.3126220703125,56.4138069152832,8.146041870117188,18.134618759155273,214.22512817382812,15.880882263183594,0.2261810302734375,0.0224609375,0.0047454833984375,0.001953125,0.0362548828125,0.232574462890625,0.3625946044921875,0.1132354736328125,1.0532912947419377,0.8816991725765458,0.7496599767643639,0.9769246008048998
1.0,0.99609375,0.0,1.0,1.0,0.7915702273958504,3.1846979912279836,0.0,0.0,0.0,0.0,0.0,0.0,114.00360107421875,50.10174560546875,8.633880615234375,19.33692169189453,214.9381561279297,16.678625106811523,0.1707000732421875,0.014373779296875,0.002593994140625,0.001007080078125,0.0318756103515625,0.26580810546875,0.42022705078125,0.093414306640625,0.9084645975203637,0.8461001292050221,0.592372764405248,0.9814863048570976
1.0,0.99609375,0.0,1.0,1.0,0.7915702273958504,3.1846979912279836,0.0,0.0,0.0,0.0,0.0,0.0,107.42622375488281,56.165645599365234,6.73046875,14.389872550964355,214.594970703125,16.479169845581055,0.19366455078125,0.0501708984375,0.0057220458984375,0.00225830078125,0.0321197509765625,0.225006103515625,0.369537353515625,0.12152099609375,0.6113998860394113,0.8622758861506461,0.6530757666582022,0.9856318923601082
1.0,0.99609375,0.0,1.0,1.0,0.7915702273958504,3.1846979912279836,0.0,0.0,0.0,0.0,0.0,0.0,107.86654663085938,57.23670196533203,6.792327880859375,14.812535285949707,213.37205505371094,18.287097930908203,0.2086334228515625,0.0377044677734375,0.0052032470703125,0.0021820068359375,0.0310211181640625,0.2105712890625,0.3638916015625,0.1407928466796875,0.7771720913620113,0.9033459192509743,0.764140343405578,0.9851199420579343
1.0,0.99609375,0.0,1.0,1.0,0.7915702273958504,3.1846979912279836,0.0,0.0,0.0,0.0,0.0,0.0,100.68771362304688,64.49903869628906,9.266189575195312,22.5019474029541,213.1723175048828,14.554691314697266,0.3021240234375,0.027191162109375,0.0038299560546875,0.0015411376953125,0.01708984375,0.130950927734375,0.3187255859375,0.19854736328125,0.7977057408064002,0.877330489273614,0.6539719864907405,0.9823183544517796
1.0,0.99609375,0.0,1.0,1.0,0.7915702273958504,3.1846979912279836,0.0,0.0,0.0,0.0,0.0,0.0,86.07290649414062,57.04409408569336,11.1795654296875,25.11362075805664,222.5441131591797,17.79483413696289,0.3065032958984375,0.05596923828125,0.0114898681640625,0.0055084228515625,0.0999908447265625,0.30206298828125,0.1533660888671875,0.0651092529296875,1.1486813732431018,0.8647735960322569,0.613174946810676,0.9817535025772928
1.0,0.99609375,0.0,1.0,1.0,0.7915702273958504,3.1846979912279836,0.0,0.0,0.0,0.0,0.0,0.0,81.72502136230469,58.627872467041016,9.220596313476562,19.93648338317871,224.62266540527344,13.372910499572754,0.32672119140625,0.07427978515625,0.01629638671875,0.00836181640625,0.087677001953125,0.2607421875,0.158050537109375,0.06787109375,0.628887347868458,0.8850098681427968,0.6351708767625177,0.9828887482093458
1.0,0.99609375,0.0,1.0,1.0,0.7915702273958504,3.1846979912279836,0.0,0.0,0.0,0.0,0.0,0.0,80.63276672363281,54.39310073852539,11.392303466796875,26.206907272338867,223.20135498046875,14.707188606262207,0.31207275390625,0.05853271484375,0.0235595703125,0.01434326171875,0.145233154296875,0.3017730712890625,0.1090850830078125,0.035400390625,1.1055486120959577,0.830449010965925,0.5271991968512018,0.9778364971372229
1.0,0.99609375,0.0,1.0,1.0,0.7915702273958504,3.1846979912279836,0.0,0.0,0.0,0.0,0.0,0.0,83.4970703125,55.7628173828125,7.51849365234375,17.40810203552246,222.8134307861328,16.195270538330078,0.2839508056640625,0.06890869140625,0.0261993408203125,0.0142974853515625,0.128448486328125,0.290557861328125,0.1402740478515625,0.04736328125,0.9641130589945365,0.8069810804546063,0.4396545270941419,0.9794184521337053
1.0,0.99609375,0.0,1.0,1.0,0.7915702273958504,3.1846979912279836,0.0,0.0,0.0,0.0,0.0,0.0,92.62301635742188,55.85304641723633,7.21063232421875,17.410335540771484,221.03561401367188,16.641090393066406,0.2545166015625,0.0477752685546875,0.013214111328125,0.00738525390625,0.0963134765625,0.3269805908203125,0.1859130859375,0.067901611328125,0.8017036283526493,0.9018940847171759,0.7000474399011236,0.983146660434816
1.0,0.99609375,0.0,1.0,1.0,0.7915702273958504,3.1846979912279836,0.0,0.0,0.0,0.0,0.0,0.0,82.65898132324219,57.56281280517578,7.5136566162109375,19.116600036621094,224.6995391845703,12.962450981140137,0.3062286376953125,0.0605621337890625,0.027313232421875,0.0137786865234375,0.1086273193359375,0.2719573974609375,0.1551055908203125,0.056427001953125,0.988662869953046,0.8395367672452193,0.5359677562924074,0.9721926576130306
1.0,0.99609375,0.0,1.0,1.0,0.7915702273958504,3.1846979912279836,0.0,0.0,0.0,0.0,0.0,0.0,91.95973205566406,55.65617370605469,10.5802001953125,26.474321365356445,222.64700317382812,18.897991180419922,0.2651519775390625,0.03790283203125,0.015167236328125,0.007415771484375,0.0988922119140625,0.3317108154296875,0.1817626953125,0.0619964599609375,2.022356956517572,0.8441505002827819,0.5756290120161044,0.9724567000532639
1.0,0.99609375,0.0,1.0,1.0,0.7915702273958504,3.1846979912279836,0.0,0.0,0.0,0.0,0.0,0.0,79.17039489746094,59.39616775512695,8.559371948242188,24.654094696044922,225.17381286621094,11.016743659973145,0.3368072509765625,0.070159912109375,0.02752685546875,0.0133056640625,0.0943603515625,0.237518310546875,0.1490020751953125,0.071319580078125,0.8938725731404977,0.8382375998089348,0.4876323994844123,0.9738080116668542
1.0,0.99609375,0.0,1.0,1.0,0.7915702273958504,3.1846979912279836,0.0,0.0,0.0,0.0,0.0,0.0,70.06974792480469,61.621421813964844,9.350509643554688,24.1539306640625,221.96868896484375,15.415613174438477,0.4099273681640625,0.090057373046875,0.0308074951171875,0.0125732421875,0.0687255859375,0.159942626953125,0.1414337158203125,0.0865325927734375,1.0658791645360584,0.8496745792621857,0.5081628607429152,0.9793371546203631
1.0,0.99609375,0.0,1.0,1.0,0.7915702273958504,3.1846979912279836,0.0,0.0,0.0,0.0,0.0,0.0,70.44549560546875,60.86590576171875,10.133743286132812,24.186477661132812,222.125244140625,12.200257301330566,0.4096832275390625,0.092742919921875,0.0238037109375,0.0117645263671875,0.069976806640625,0.17132568359375,0.1412200927734375,0.0794830322265625,1.1801666731328055,0.8589036988471581,0.5883219322426718,0.9675217381596977
1.0,0.99609375,0.0,1.0,1.0,0.7915702273958504,3.1846979912279836,0.0,0.0,0.0,0.0,0.0,0.0,108.48005676269531,51.99357223510742,9.563003540039062,20.907852172851562,212.9183349609375,16.613080978393555,0.193359375,0.023162841796875,0.002899169921875,0.00152587890625,0.04498291015625,0.3048553466796875,0.341400146484375,0.0878143310546875,1.067215108382417,0.8896997623402205,0.7466876971652605,0.9789258963298235
1.0,0.99609375,0.0,1.0,1.0,0.7915702273958504,3.1846979912279836,0.0,0.0,0.0,0.0,0.0,0.0,103.43707275390625,54.61355972290039,9.591995239257812,21.864168167114258,213.23756408691406,13.464090347290039,0.2168121337890625,0.0352630615234375,0.0053863525390625,0.0029296875,0.0548858642578125,0.2867279052734375,0.312530517578125,0.0854644775390625,0.721708719478286,0.8620113352612888,0.6182418727967365,0.9808864590060211
1.0,0.99609375,0.0,1.0,1.0,0.7915702273958504,3.1846979912279836,0.0,0.0,0.0,0.0,0.0,0.0,95.44338989257812,58.57137680053711,8.566390991210938,21.181936264038086,211.74774169921875,13.100885391235352,0.277008056640625,0.0310821533203125,0.0093536376953125,0.00408935546875,0.0631256103515625,0.2694091796875,0.2523193359375,0.0936126708984375,0.9398955545038528,0.8332888335964599,0.5481588630588785,0.9735439731103577
1.0,0.99609375,0.0,1.0,1.0,0.7915702273958504,3.1846979912279836,0.0,0.0,0.0,0.0,0.0,0.0,105.68064880371094,52.91736602783203,6.884002685546875,14.964077949523926,212.0623016357422,14.741121292114258,0.19464111328125,0.0305328369140625,0.0064239501953125,0.0030059814453125,0.0617218017578125,0.312744140625,0.305572509765625,0.085357666015625,0.7627105314995174,0.8339753235887624,0.4772684870788292,0.9795832189134139
1.0,0.99609375,0.0,1.0,1.0,0.7915702273958504,3.1846979912279836,0.0,0.0,0.0,0.0,0.0,0.0,107.2647705078125,53.742305755615234,8.000701904296875,19.631656646728516,213.17178344726562,14.319999694824219,0.20281982421875,0.0207061767578125,0.0055389404296875,0.0022125244140625,0.0508575439453125,0.2857666015625,0.333892822265625,0.09820556640625,0.9105836328060706,0.8722536198662136,0.6302983002760998,0.9776264688192786
1.0,0.99609375,0.0,1.0,1.0,0.7915702273958504,3.1846979912279836,0.0,0.0,0.0,0.0,0.0,0.0,98.79354858398438,51.48928451538086,11.029159545898438,25.381832122802734,221.540283203125,14.53111743927002,0.22869873046875,0.026031494140625,0.0053558349609375,0.002777099609375,0.0960693359375,0.38885498046875,0.1997222900390625,0.052490234375,0.7288185315541468,0.8961093259035592,0.7086381953081259,0.9841483991316646
1.0,0.99609375,0.0,1.0,1.0,0.7915702273958504,3.1846979912279836,0.0,0.0,0.0,0.0,0.0,0.0,111.09318542480469,51.122798919677734,7.4467620849609375,18.126935958862305,213.8435821533203,14.9249906539917,0.1775665283203125,0.017303466796875,0.00347900390625,0.0017242431640625,0.042510986328125,0.301605224609375,0.3651885986328125,0.0906219482421875,1.006870331461013,0.9076708382329214,0.733226608101476,0.9751559259442288
1.0,0.99609375,0.0,1.0,1.0,0.7915702273958504,3.1846979912279836,0.0,0.0,0.0,0.0,0.0,0.0,103.03271484375,58.574745178222656,8.01812744140625,22.4549617767334,215.15231323242188,11.621395111083984,0.2454376220703125,0.0247344970703125,0.006103515625,0.0028533935546875,0.0404815673828125,0.2356414794921875,0.3166961669921875,0.1280517578125,0.6675893405242822,0.9084749414798126,0.7590779682397094,0.9797827526276717
1.0,0.99609375,0.0,1.0,1.0,0.7915702273958504,3.1846979912279836,0.0,0.0,0.0,0.0,0.0,0.0,97.54855346679688,63.603939056396484,8.801742553710938,23.620521545410156,212.318115234375,13.721362113952637,0.2994232177734375,0.0332794189453125,0.00714111328125,0.0025787353515625,0.02862548828125,0.1707763671875,0.29193115234375,0.1662445068359375,0.8664132106336695,0.846723224497861,0.483926615396466,0.9795860831477508
1.0,0.99609375,0.0,1.0,1.0,0.7915702273958504,3.1846979912279836,0.0,0.0,0.0,0.0,0.0,0.0,99.45600891113281,62.11026382446289,9.148605346679688,20.319631576538086,209.80267333984375,15.924422264099121,0.2805023193359375,0.03619384765625,0.0073394775390625,0.0030364990234375,0.0335845947265625,0.1781005859375,0.3006591796875,0.16058349609375,0.7470084741855223,0.86825810692211,0.6529194974930843,0.9841334376606947
1.0,0.99609375,0.0,1.0,1.0,0.7915702273958504,3.1846979912279836,0.0,0.0,0.0,0.0,0.0,0.0,89.55790710449219,56.716583251953125,11.234222412109375,28.079025268554688,219.80068969726562,17.63140106201172,0.293426513671875,0.0347747802734375,0.0125579833984375,0.00726318359375,0.0908050537109375,0.3197479248046875,0.1780548095703125,0.0633697509765625,1.2321701927352582,0.8894450560485359,0.678300488174907,0.9814780902839552
1.0,0.99609375,0.0,1.0,1.0,0.7915702273958504,3.1846979912279836,0.0,0.0,0.0,0.0,0.0,0.0,91.4388427734375,58.36679458618164,7.5707855224609375,17.442176818847656,220.8256378173828,15.044235229492188,0.2818756103515625,0.0473175048828125,0.0115814208984375,0.006195068359375,0.07708740234375,0.2855987548828125,0.2031402587890625,0.0872039794921875,0.6126222942838975,0.9037102778047202,0.6887608857344787,0.9851798266752667
1.0,0.99609375,0.0,1.0,1.0,0.7915702273958504,3.1846979912279836,0.0,0.0,0.0,0.0,0.0,0.0,75.29275512695312,64.5162353515625,11.430450439453125,28.107789993286133,217.74850463867188,17.30661392211914,0.4191131591796875,0.069305419921875,0.016998291015625,0.0069580078125,0.0417327880859375,0.1507415771484375,0.1737213134765625,0.121429443359375,1.3658303086866643,0.8309070818323356,0.45527597528644975,0.9788291603389053
1.0,0.99609375,0.0,1.0,1.0,0.7915702273958504,3.1846979912279836,0.0,0.0,0.0,0.0,0.0,0.0,96.70512390136719,53.010643005371094,6.944183349609375,17.559104919433594,226.3977508544922,10.932624816894531,0.2276458740234375,0.0313568115234375,0.011932373046875,0.0072479248046875,0.10882568359375,0.3639678955078125,0.1942291259765625,0.0547943115234375,0.5910810006118842,0.8856917042075723,0.6837607285999394,0.9779427076739369
1.0,0.99609375,0.0,1.0,1.0,0.7915702273958504,3.1846979912279836,0.0,0.0,0.0,0.0,0.0,0.0,113.90483093261719,45.63772201538086,11.734024047851562,24.999998092651367,211.00869750976562,14.759064674377441,0.142852783203125,0.0188751220703125,0.00189208984375,0.001678466796875,0.04644775390625,0.4104156494140625,0.3107147216796875,0.0671234130859375,1.0124899900889455,0.8713679281222768,0.6428142300022044,0.9768315292899716
1.0,0.99609375,0.0,1.0,1.0,0.7915702273958504,3.1846979912279836,0.0,0.0,0.0,0.0,0.0,0.0,48.911041259765625,60.13258361816406,12.777618408203125,29.25615882873535,234.15663146972656,13.942262649536133,0.62786865234375,0.0978240966796875,0.009857177734375,0.0095672607421875,0.0153350830078125,0.051727294921875,0.0548095703125,0.1330108642578125,1.193688057372544,0.8598066176267607,0.46082703968464006,0.9777623410766423
1.0,0.99609375,0.0,1.0,1.0,0.7915702273958504,3.1846979912279836,0.0,0.0,0.0,0.0,0.0,0.0,45.785858154296875,59.116249084472656,12.655624389648438,31.47616195678711,235.38372802734375,14.909507751464844,0.6331939697265625,0.1264801025390625,0.011627197265625,0.0096588134765625,0.009979248046875,0.024383544921875,0.0418701171875,0.1428070068359375,2.1755378289949325,0.8481727456350869,0.511496138420864,0.966091962560349
1.0,0.99609375,0.0,1.0,1.0,0.7915702273958504,3.1846979912279836,0.0,0.0,0.0,0.0,0.0,0.0,60.4046630859375,67.772705078125,10.762619018554688,29.949296951293945,235.2104949951172,15.944766998291016,0.567901611328125,0.058807373046875,0.010345458984375,0.010406494140625,0.0164337158203125,0.068511962890625,0.0764312744140625,0.191162109375,2.4348553561667274,0.8722910268885768,0.505396387185852,0.9632365838814793
1.0,0.99609375,0.0,1.0,1.0,0.7915702273958504,3.1846979912279836,0.0,0.0,0.0,0.0,0.0,0.0,61.47575378417969,67.4887466430664,8.161285400390625,22.920997619628906,233.00511169433594,15.942601203918457,0.5439300537109375,0.0648956298828125,0.0134429931640625,0.0157928466796875,0.0232696533203125,0.073883056640625,0.079742431640625,0.1850433349609375,1.7149294254390357,0.8775168850129336,0.61865465586126,0.9665786953667419
1.0,0.99609375,0.0,1.0,1.0,0.7915702273958504,3.1846979912279836,0.0,0.0,0.0,0.0,0.0,0.0,43.82807922363281,57.43080139160156,13.82659912109375,33.444950103759766,234.6331787109375,14.072649002075195,0.64508056640625,0.1379547119140625,0.011383056640625,0.0091705322265625,0.008026123046875,0.012451171875,0.034393310546875,0.14154052734375,2.2084975739214845,0.85581586294963,0.5754890430224144,0.9620118545484242
1.0,0.99609375,0.0,1.0,1.0,0.7915702273958504,3.1846979912279836,0.0,0.0,0.0,0.0,0.0,0.0,72.47065734863281,71.69493865966797,8.1585693359375,21.756792068481445,231.7889862060547,12.795571327209473,0.5108184814453125,0.0685577392578125,0.006988525390625,0.0059356689453125,0.00921630859375,0.02655029296875,0.0802459716796875,0.29168701171875,1.4749429822131082,0.8772225573366406,0.5776411307471612,0.9608130189378119
1.0,0.99609375,0.0,1.0,1.0,0.7915702273958504,3.1846979912279836,0.0,0.0,0.0,0.0,0.0,0.0,84.15814208984375,73.93668365478516,11.263320922851562,26.131134033203125,231.01602172851562,7.102051734924316,0.4798126220703125,0.037109375,0.0016326904296875,0.0009002685546875,0.002288818359375,0.01519775390625,0.087921142578125,0.3751373291015625,1.2207866183603782,0.8841359699373423,0.5254616866326789,0.9407627309445811
1.0,0.99609375,0.0,1.0,1.0,0.7915702273958504,3.1846979912279836,0.0,0.0,0.0,0.0,0.0,0.0,66.64630126953125,70.4788818359375,10.854248046875,29.613950729370117,236.1926727294922,8.916309356689453,0.5411376953125,0.067535400390625,0.0089569091796875,0.007476806640625,0.0104827880859375,0.0370635986328125,0.0702056884765625,0.25714111328125,0.7701538015132474,0.9048899151465217,0.7574364084871237,0.9753652301527774
1.0,0.99609375,0.0,1.0,1.0,0.7915702273958504,3.1846979912279836,0.0,0.0,0.0,0.0,0.0,0.0,63.52546691894531,62.975955963134766,9.227569580078125,25.1994686126709,232.78443908691406,12.755531311035156,0.484649658203125,0.0491180419921875,0.0216217041015625,0.0308990478515625,0.0602264404296875,0.1648101806640625,0.083099365234375,0.1055755615234375,1.1939315838633953,0.8677658774754096,0.566092625108129,0.9714648312203251
1.0,0.99609375,0.0,1.0,1.0,0.7915702273958504,3.1846979912279836,0.0,0.0,0.0,0.0,0.0,0.0,76.56440734863281,71.27635192871094,7.674072265625,20.15755271911621,230.90948486328125,13.121745109558105,0.4630126953125,0.057525634765625,0.010406494140625,0.0088653564453125,0.019256591796875,0.06353759765625,0.115203857421875,0.2621917724609375,1.4335648567530386,0.8693483381745464,0.595612064792681,0.9596025751826726
1.0,0.99609375,0.0,1.0,1.0,0.7915702273958504,3.1846979912279836,0.0,0.0,0.0,0.0,0.0,0.0,68.51271057128906,69.13371276855469,9.98419189453125,25.316970825195312,235.51828002929688,12.419095039367676,0.518157958984375,0.0511474609375,0.008819580078125,0.01031494140625,0.0183258056640625,0.087249755859375,0.090667724609375,0.2153167724609375,0.9049608128014118,0.8913498577306138,0.548551520497426,0.9787797815942043
1.0,0.99609375,0.0,1.0,1.0,0.7915702273958504,3.1846979912279836,0.0,0.0,0.0,0.0,0.0,0.0,64.80648803710938,69.05923461914062,13.423065185546875,32.76957321166992,229.08522033691406,19.64510726928711,0.5455322265625,0.0791168212890625,0.0078125,0.0055694580078125,0.010345458984375,0.03924560546875,0.0797119140625,0.232666015625,2.1050872786320136,0.832562602717042,0.4867375906348273,0.9777335477731041
1.0,0.99609375,0.0,1.0,1.0,0.7915702273958504,3.1846979912279836,0.0,0.0,0.0,0.0,0.0,0.0,87.64530944824219,73.00902557373047,11.335845947265625,29.538904190063477,228.44175720214844,14.43838119506836,0.4398040771484375,0.0373992919921875,0.002349853515625,0.0010833740234375,0.0053558349609375,0.033660888671875,0.13250732421875,0.34783935546875,1.002584863633891,0.8704418608070598,0.527071591126778,0.9820844787605204
1.0,0.99609375,0.0,1.0,1.0,0.7915702273958504,3.1846979912279836,0.0,0.0,0.0,0.0,0.0,0.0,96.93205261230469,68.53985595703125,13.165557861328125,28.310998916625977,201.7303924560547,23.353498458862305,0.3474884033203125,0.029815673828125,0.00592041015625,0.0028839111328125,0.0156707763671875,0.090423583984375,0.2491912841796875,0.25860595703125,1.9734024583344256,0.8062962644793766,0.5319009386671952,0.9795677625166397
1.0,0.99609375,0.0,1.0,1.0,0.7915702273958504,3.1846979912279836,0.0,0.0,0.0,0.0,0.0,0.0,78.77940368652344,69.61713409423828,12.43902587890625,31.95029067993164,224.7809295654297,17.487674713134766,0.4564056396484375,0.0274810791015625,0.0068511962890625,0.0069580078125,0.028228759765625,0.1195068359375,0.13177490234375,0.2227935791015625,1.954808968832589,0.8378736282359434,0.41620711965883805,0.974753686308609
1.0,0.99609375,0.0,1.0,1.0,0.7915702273958504,3.1846979912279836,0.0,0.0,0.0,0.0,0.0,0.0,34.94429016113281,46.88396453857422,12.285552978515625,30.082275390625,232.44915771484375,14.055208206176758,0.7138214111328125,0.159881591796875,0.0052642822265625,0.001983642578125,0.0015716552734375,0.003662109375,0.0220794677734375,0.09173583984375,1.6777905494990653,0.8628087203789734,0.5061589142467311,0.9693669748586438
1.0,0.99609375,0.0,1.0,1.0,0.7915702273958504,3.1846979912279836,0.0,0.0,0.0,0.0,0.0,0.0,118.57659912109375,64.07246398925781,9.60626220703125,25.36049461364746,222.64398193359375,16.986488342285156,0.246826171875,0.0091552734375,0.000335693359375,0.000396728515625,0.0014495849609375,0.0279388427734375,0.2888946533203125,0.4250030517578125,1.2819024231489706,0.8808505633406564,0.5699941408896103,0.9781581584634866
1.0,0.99609375,0.0,1.0,1.0,0.7915702273958504,3.1846979912279836,0.0,0.0,0.0,0.0,0.0,0.0,96.71528625488281,72.45907592773438,11.948150634765625,31.110666275024414,227.03091430664062,12.579373359680176,0.3903961181640625,0.0231170654296875,0.0014801025390625,0.00067138671875,0.0025177001953125,0.0299835205078125,0.17169189453125,0.3801422119140625,1.5365195606746682,0.8712870269509643,0.6212291846282267,0.9681406463292039
1.0,0.99609375,0.0,1.0,1.0,0.7915702273958504,3.1846979912279836,0.0,0.0,0.0,0.0,0.0,0.0,97.48323059082031,61.52250671386719,23.641876220703125,39.19524002075195,194.65499877929688,28.548250198364258,0.3273162841796875,0.0146636962890625,0.001556396484375,0.0007171630859375,0.01739501953125,0.2144775390625,0.3011016845703125,0.122772216796875,2.659661656162225,0.7462530407185171,0.295840303461418,0.982235370626776
1.0,0.99609375,0.0,1.0,1.0,0.7915702273958504,3.1846979912279836,0.0,0.0,0.0,0.0,0.0,0.0,85.67718505859375,63.357566833496094,12.708297729492188,30.48018455505371,231.7420654296875,10.651461601257324,0.3680267333984375,0.0228118896484375,0.0077362060546875,0.0090789794921875,0.0498199462890625,0.240264892578125,0.166290283203125,0.1359710693359375,1.0031802857577707,0.86123708939638,0.6000486153412494,0.9741107897118573
1.0,0.99609375,0.0,1.0,1.0,0.7915702273958504,3.1846979912279836,0.0,0.0,0.0,0.0,0.0,0.0,79.98463439941406,72.52631378173828,9.330047607421875,25.678815841674805,231.2625732421875,14.363263130187988,0.4635009765625,0.0419158935546875,0.0076751708984375,0.0064239501953125,0.014495849609375,0.06048583984375,0.104095458984375,0.3014068603515625,1.9691292784877146,0.8434472168711816,0.55574212346658,0.9598204078299792
1.0,0.99609375,0.0,1.0,1.0,0.7915702273958504,3.1846979912279836,0.0,0.0,0.0,0.0,0.0,0.0,63.550994873046875,69.27976989746094,11.906387329101562,28.64439582824707,231.84463500976562,11.855948448181152,0.593048095703125,0.0707855224609375,0.001861572265625,0.0009307861328125,0.0016937255859375,0.0095367431640625,0.0595855712890625,0.2625579833984375,1.4546149452059918,0.8680694699640054,0.5338980936402999,0.9671646188444658
1.0,0.99609375,0.0,1.0,1.0,0.7915702273958504,3.1846979912279836,0.0,0.0,0.0,0.0,0.0,0.0,70.92362976074219,67.39861297607422,21.014404296875,38.23775100708008,194.36734008789062,27.652339935302734,0.4874420166015625,0.0807647705078125,0.008331298828125,0.0045318603515625,0.017364501953125,0.0728607177734375,0.1533050537109375,0.1753997802734375,2.2890814369037695,0.7768809042681095,0.32326623670986565,0.9835476398113276
1.0,0.99609375,0.0,1.0,1.0,0.7915702273958504,3.1846979912279836,0.0,0.0,0.0,0.0,0.0,0.0,77.73054504394531,69.8880615234375,21.405242919921875,38.62335205078125,194.32469177246094,24.05495834350586,0.4769744873046875,0.049468994140625,0.0048675537109375,0.0021514892578125,0.0114898681640625,0.06658935546875,0.1779327392578125,0.2105255126953125,1.9415681253569603,0.7919618221852814,0.29788929384367197,0.982824759152183
1.0,0.99609375,0.0,1.0,1.0,0.7915702273958504,3.1846979912279836,0.0,0.0,0.0,0.0,0.0,0.0,68.76168823242188,70.36186218261719,13.98785400390625,30.92737579345703,228.77793884277344,15.810744285583496,0.5658721923828125,0.0506439208984375,0.0025787353515625,0.001312255859375,0.00433349609375,0.0246429443359375,0.0824127197265625,0.2682037353515625,2.056836369441375,0.8573766713592763,0.5772691530540061,0.9667485737694838
1.0,0.99609375,0.0,1.0,1.0,0.7915702273958504,3.1846979912279836,0.0,0.0,0.0,0.0,0.0,0.0,70.43060302734375,69.94837951660156,11.372802734375,29.09016990661621,234.46713256835938,15.117879867553711,0.5100860595703125,0.056915283203125,0.007781982421875,0.007568359375,0.015289306640625,0.074005126953125,0.091033935546875,0.2373199462890625,1.293735628911358,0.8798685971787351,0.5481440910311847,0.9791778016454475
1.0,0.99609375,0.0,1.0,1.0,0.7915702273958504,3.1846979912279836,0.0,0.0,0.0,0.0,0.0,0.0,58.71592712402344,66.73233032226562,14.432754516601562,31.459884643554688,232.1869659423828,12.96684455871582,0.606842041015625,0.0829010009765625,0.0045166015625,0.00244140625,0.0045166015625,0.015838623046875,0.060333251953125,0.2226104736328125,1.1080513525561657,0.8625783543655713,0.5600830262912335,0.9791490392830433
1.0,0.99609375,0.0,1.0,1.0,0.7915702273958504,3.1846979912279836,0.0,0.0,0.0,0.0,0.0,0.0,88.66433715820312,73.92196655273438,12.611587524414062,31.165142059326172,228.3125762939453,23.16249656677246,0.4291534423828125,0.041778564453125,0.00372314453125,0.00244140625,0.0045013427734375,0.0265655517578125,0.11553955078125,0.3762969970703125,2.2245134360150165,0.8068209091183501,0.45613161852302997,0.9811563040249568
1.0,0.99609375,0.0,1.0,1.0,0.7915702273958504,3.1846979912279836,0.0,0.0,0.0,0.0,0.0,0.0,100.54930114746094,61.596031188964844,18.097900390625,33.072383880615234,193.81837463378906,22.965225219726562,0.2945404052734375,0.0280609130859375,0.003082275390625,0.0020751953125,0.025054931640625,0.181060791015625,0.311248779296875,0.154876708984375,2.037100758816936,0.7764200971273025,0.3232297015366759,0.9790101076939074
1.0,0.99609375,0.0,1.0,1.0,0.7915702273958504,3.1846979912279836,0.0,0.0,0.0,0.0,0.0,0.0,42.17509460449219,58.66025161743164,18.214797973632812,40.653499603271484,226.85903930664062,18.037967681884766,0.7414703369140625,0.068450927734375,0.000885009765625,0.000213623046875,0.0005340576171875,0.00244140625,0.0276947021484375,0.1583099365234375,3.343538770566532,0.8208049949552081,0.4447207089827195,0.9651751822612813
1.0,0.99609375,0.0,1.0,1.0,0.7915702273958504,3.1846979912279836,0.0,0.0,0.0,0.0,0.0,0.0,65.78604125976562,71.5300521850586,13.076309204101562,30.105382919311523,227.4610137939453,14.290555953979492,0.603302001953125,0.0446319580078125,0.0009307861328125,0.0004119873046875,0.001129150390625,0.0051727294921875,0.048828125,0.29559326171875,1.7722479364045518,0.8445647740728113,0.467771598389639,0.9657942291100157
1.0,0.99609375,0.0,1.0,1.0,0.7915702273958504,3.1846979912279836,0.0,0.0,0.0,0.0,0.0,0.0,60.591522216796875,68.22126007080078,9.70880126953125,26.756006240844727,237.0274200439453,12.204221725463867,0.562713623046875,0.08551025390625,0.0078277587890625,0.008056640625,0.0108642578125,0.0431976318359375,0.059539794921875,0.2222900390625,1.2181274136201532,0.8725726111058005,0.5643052932570928,0.9729598628318493
1.0,0.99609375,0.0,1.0,1.0,0.7915702273958504,3.1846979912279836,0.0,0.0,0.0,0.0,0.0,0.0,83.09211730957031,71.20755767822266,18.786285400390625,32.85221481323242,191.63101196289062,25.710596084594727,0.455322265625,0.0406646728515625,0.0034637451171875,0.0016021728515625,0.0105438232421875,0.05328369140625,0.1845855712890625,0.2505340576171875,1.5329245660267858,0.8333865176689266,0.4139124307680425,0.9868936442925285
1.0,0.99609375,0.0,1.0,1.0,0.7915702273958504,3.1846979912279836,0.0,0.0,0.0,0.0,0.0,0.0,51.908203125,63.0966796875,11.223175048828125,28.770898818969727,230.61463928222656,15.348512649536133,0.64111328125,0.105010986328125,0.004425048828125,0.0020294189453125,0.00238037109375,0.007720947265625,0.0401763916015625,0.1971435546875,1.523256218311626,0.8804824215990226,0.5075687729139307,0.9744798609143053
1.0,0.99609375,0.0,1.0,1.0,0.7915702273958504,3.1846979912279836,0.0,0.0,0.0,0.0,0.0,0.0,109.47825622558594,57.67151641845703,19.03631591796875,36.621307373046875,196.7785186767578,26.321348190307617,0.234039306640625,0.0239410400390625,0.0012359619140625,0.000701904296875,0.01531982421875,0.1850128173828125,0.3998260498046875,0.139923095703125,2.1141632909516392,0.8093511715523716,0.40698067495957246,0.9832281347293895
1.0,0.99609375,0.0,1.0,1.0,0.7915702273958504,3.1846979912279836,0.0,0.0,0.0,0.0,0.0,0.0,121.96968078613281,42.895606994628906,12.0255126953125,26.992435455322266,205.8375701904297,19.130088806152344,0.1214752197265625,0.004486083984375,0.00054931640625,0.0002288818359375,0.01513671875,0.3453521728515625,0.43707275390625,0.0756988525390625,1.8119950577043944,0.8238874935456634,0.4617561744664991,0.9729195721772403
1.0,0.99609375,0.0,1.0,1.0,0.7915702273958504,3.1846979912279836,0.0,0.0,0.0,0.0,0.0,0.0,95.46153259277344,71.48126983642578,15.046005249023438,34.926509857177734,224.3204803466797,19.70281219482422,0.391357421875,0.0210723876953125,0.001922607421875,0.0013580322265625,0.0054931640625,0.0500946044921875,0.178802490234375,0.3498992919921875,2.334423331231611,0.8415880747555906,0.5053035162246171,0.9737828623070721
1.0,0.99609375,0.0,1.0,1.0,0.7915702273958504,3.1846979912279836,0.0,0.0,0.0,0.0,0.0,0.0,101.23365783691406,64.75262451171875,17.294021606445312,31.74217414855957,192.32728576660156,30.13142204284668,0.316436767578125,0.020263671875,0.0019073486328125,0.001007080078125,0.0145721435546875,0.1324005126953125,0.311065673828125,0.2023468017578125,2.9647615184770326,0.7693197961726318,0.3270211784271673,0.9800195555821247
1.0,0.99609375,0.0,1.0,1.0,0.7915702273958504,3.1846979912279836,0.0,0.0,0.0,0.0,0.0,0.0,76.1845703125,70.31104278564453,20.791213989257812,36.806060791015625,196.18881225585938,25.075349807739258,0.4988861083984375,0.0425262451171875,0.0038299560546875,0.00189208984375,0.0080718994140625,0.0549774169921875,0.177642822265625,0.2121734619140625,2.6455728328211014,0.7817940073654813,0.327532558287684,0.9777526274263537
1.0,0.99609375,0.0,1.0,1.0,0.7915702273958504,3.1846979912279836,0.0,0.0,0.0,0.0,0.0,0.0,79.4599609375,73.32393646240234,12.385910034179688,30.28688621520996,229.95028686523438,14.68622875213623,0.4943695068359375,0.0469818115234375,0.00244140625,0.0013580322265625,0.0035858154296875,0.021636962890625,0.0955047607421875,0.3341217041015625,1.3326701714333644,0.8720253368333661,0.6152199570702701,0.9774158831213471
1.0,0.99609375,0.0,1.0,1.0,0.7915702273958504,3.1846979912279836,0.0,0.0,0.0,0.0,0.0,0.0,111.94732666015625,58.83489227294922,15.216201782226562,34.554317474365234,199.8680877685547,22.33296012878418,0.2328948974609375,0.0102996826171875,0.0019378662109375,0.0003814697265625,0.01214599609375,0.1697540283203125,0.39654541015625,0.1760406494140625,2.305896628647957,0.808875467120866,0.38155211538405465,0.9762957491180102
1.0,0.99609375,0.0,1.0,1.0,0.7915702273958504,3.1846979912279836,0.0,0.0,0.0,0.0,0.0,0.0,93.77847290039062,72.7800521850586,10.822341918945312,28.430585861206055,226.5150604248047,21.75153160095215,0.4019317626953125,0.0333709716796875,0.00128173828125,0.0006256103515625,0.0025482177734375,0.0289764404296875,0.1607666015625,0.3704986572265625,2.049996321416973,0.8743966623780843,0.6232718950082932,0.9793643168417567
1.0,0.99609375,0.0,1.0,1.0,0.7915702273958504,3.1846979912279836,0.0,0.0,0.0,0.0,0.0,0.0,81.01016235351562,74.50245666503906,9.975311279296875,25.944704055786133,233.52943420410156,9.597440719604492,0.495513916015625,0.042449951171875,0.001007080078125,0.00054931640625,0.00140380859375,0.0102691650390625,0.08477783203125,0.3640289306640625,1.0666772741055137,0.847431582374917,0.48159871984030833,0.9686519075732417
1.0,0.99609375,0.0,1.0,1.0,0.7915702273958504,3.1846979912279836,0.0,0.0,0.0,0.0,0.0,0.0,105.60490417480469,65.43231964111328,18.721878051757812,39.24323654174805,188.3719482421875,29.21990966796875,0.2982177734375,0.013519287109375,0.0034942626953125,0.0015411376953125,0.0115203857421875,0.10546875,0.3175048828125,0.2487335205078125,1.982011982242311,0.8103211629658713,0.3646232682265504,0.9869912321175358
1.0,0.99609375,0.0,1.0,1.0,0.7915702273958504,3.1846979912279836,0.0,0.0,0.0,0.0,0.0,0.0,90.24052429199219,63.85986328125,20.559234619140625,39.28104019165039,197.83384704589844,31.527132034301758,0.3570709228515625,0.034912109375,0.004425048828125,0.0020294189453125,0.0291748046875,0.1943511962890625,0.2360687255859375,0.1419677734375,2.743378415385118,0.7810176615982738,0.3713229240301913,0.9840720390832349
1.0,0.99609375,0.0,1.0,1.0,0.7915702273958504,3.1846979912279836,0.0,0.0,0.0,0.0,0.0,0.0,92.04545593261719,62.325252532958984,17.5970458984375,31.565380096435547,199.35269165039062,21.914684295654297,0.336456298828125,0.0380859375,0.0048828125,0.0030364990234375,0.0333251953125,0.2020263671875,0.2548370361328125,0.127349853515625,2.3155306171694603,0.7792384141765603,0.40992657293589885,0.974135948015329
1.0,0.99609375,0.0,1.0,1.0,0.7915702273958504,3.1846979912279836,0.0,0.0,0.0,0.0,0.0,0.0,108.02168273925781,58.08209228515625,12.1124267578125,26.491302490234375,208.70555114746094,19.481395721435547,0.2332000732421875,0.023834228515625,0.002105712890625,0.000762939453125,0.0161895751953125,0.2162322998046875,0.3688507080078125,0.138824462890625,1.506077204213444,0.8592787921702247,0.664246958646963,0.9781242974703694
1.0,0.99609375,0.0,1.0,1.0,0.7915702273958504,3.1846979912279836,0.0,0.0,0.0,0.0,0.0,0.0,107.91911315917969,59.022216796875,12.768478393554688,29.59591293334961,208.17942810058594,18.36976432800293,0.2449188232421875,0.0157623291015625,0.0024566650390625,0.0006256103515625,0.0141448974609375,0.20648193359375,0.369110107421875,0.1464996337890625,1.450559982365451,0.845295715148928,0.5123237400761746,0.9782741170833309
1.0,0.99609375,0.0,1.0,1.0,0.7915702273958504,3.1846979912279836,0.0,0.0,0.0,0.0,0.0,0.0,81.89720153808594,68.0208969116211,16.218246459960938,31.806425094604492,200.4041290283203,23.182382583618164,0.4243621826171875,0.0525665283203125,0.0071258544921875,0.00396728515625,0.0236053466796875,0.1098480224609375,0.1853790283203125,0.193145751953125,2.3721371303742544,0.7937935846592481,0.4100287759745755,0.9759620416481674
1.0,0.99609375,0.0,1.0,1.0,0.7915702273958504,3.1846979912279836,0.0,0.0,0.0,0.0,0.0,0.0,66.12554931640625,71.29421997070312,19.01556396484375,35.79767990112305,196.28076171875,22.721385955810547,0.572967529296875,0.055938720703125,0.002685546875,0.00048828125,0.00341796875,0.0230865478515625,0.1062774658203125,0.235137939453125,1.9460622560493377,0.7924874084945421,0.32807586096652,0.9803930132928613
1.0,0.99609375,0.0,1.0,1.0,0.7915702273958504,3.1846979912279836,0.0,0.0,0.0,0.0,0.0,0.0,94.39161682128906,71.51917266845703,16.051895141601562,30.769948959350586,194.4401092529297,20.363475799560547,0.394317626953125,0.021575927734375,0.0022430419921875,0.0009613037109375,0.0073699951171875,0.0564422607421875,0.2244720458984375,0.2926177978515625,1.3675544429415443,0.8049902658561101,0.43951676367870185,0.983066125142081
1.0,0.99609375,0.0,1.0,1.0,0.7915702273958504,3.1846979912279836,0.0,0.0,0.0,0.0,0.0,0.0,115.36526489257812,59.055999755859375,14.271591186523438,27.171424865722656,195.17405700683594,24.01963233947754,0.227935791015625,0.0104217529296875,0.000640869140625,0.000274658203125,0.00732421875,0.1314544677734375,0.404876708984375,0.217071533203125,1.8666617906645537,0.8119378506027081,0.34166847436464864,0.9807225474487705
1.0,0.99609375,0.0,1.0,1.0,0.7915702273958504,3.1846979912279836,0.0,0.0,0.0,0.0,0.0,0.0,96.05989074707031,70.06561279296875,16.492843627929688,31.674501419067383,199.69363403320312,20.88871955871582,0.37872314453125,0.0213623046875,0.0018463134765625,0.00079345703125,0.0075531005859375,0.06134033203125,0.2613983154296875,0.2669830322265625,1.5745471481230122,0.8308142347128957,0.4639685004892622,0.981488964057903
1.0,0.99609375,0.0,1.0,1.0,0.7915702273958504,3.1846979912279836,0.0,0.0,0.0,0.0,0.0,0.0,94.869384765625,71.23332977294922,15.485641479492188,30.916851043701172,195.93356323242188,20.79850959777832,0.390838623046875,0.01776123046875,0.001678466796875,0.0005035400390625,0.005706787109375,0.055023193359375,0.25054931640625,0.2779388427734375,1.8701197701234418,0.8148689423750686,0.3071670518079496,0.9768783019527483
1.0,0.99609375,0.0,1.0,1.0,0.7915702273958504,3.1846979912279836,0.0,0.0,0.0,0.0,0.0,0.0,113.90483093261719,45.63772201538086,11.734024047851562,24.999998092651367,211.00869750976562,14.759064674377441,0.142852783203125,0.0188751220703125,0.00189208984375,0.001678466796875,0.04644775390625,0.4104156494140625,0.3107147216796875,0.0671234130859375,1.0124899900889455,0.8713679281222768,0.6428142300022044,0.9768315292899716
1.0,0.99609375,0.0,1.0,1.0,0.7915702273958504,3.1846979912279836,0.0,0.0,0.0,0.0,0.0,0.0,48.911041259765625,60.13258361816406,12.777618408203125,29.25615882873535,234.15663146972656,13.942262649536133,0.62786865234375,0.0978240966796875,0.009857177734375,0.0095672607421875,0.0153350830078125,0.051727294921875,0.0548095703125,0.1330108642578125,1.193688057372544,0.8598066176267607,0.46082703968464006,0.9777623410766423
1.0,0.99609375,0.0,1.0,1.0,0.7915702273958504,3.1846979912279836,0.0,0.0,0.0,0.0,0.0,0.0,45.785858154296875,59.116249084472656,12.655624389648438,31.47616195678711,235.38372802734375,14.909507751464844,0.6331939697265625,0.1264801025390625,0.011627197265625,0.0096588134765625,0.009979248046875,0.024383544921875,0.0418701171875,0.1428070068359375,2.1755378289949325,0.8481727456350869,0.511496138420864,0.966091962560349
1.0,0.99609375,0.0,1.0,1.0,0.7915702273958504,3.1846979912279836,0.0,0.0,0.0,0.0,0.0,0.0,60.4046630859375,67.772705078125,10.762619018554688,29.949296951293945,235.2104949951172,15.944766998291016,0.567901611328125,0.058807373046875,0.010345458984375,0.010406494140625,0.0164337158203125,0.068511962890625,0.0764312744140625,0.191162109375,2.4348553561667274,0.8722910268885768,0.505396387185852,0.9632365838814793
1.0,0.99609375,0.0,1.0,1.0,0.7915702273958504,3.1846979912279836,0.0,0.0,0.0,0.0,0.0,0.0,61.47575378417969,67.4887466430664,8.161285400390625,22.920997619628906,233.00511169433594,15.942601203918457,0.5439300537109375,0.0648956298828125,0.0134429931640625,0.0157928466796875,0.0232696533203125,0.073883056640625,0.079742431640625,0.1850433349609375,1.7149294254390357,0.8775168850129336,0.61865465586126,0.9665786953667419
1.0,0.99609375,0.0,1.0,1.0,0.7915702273958504,3.1846979912279836,0.0,0.0,0.0,0.0,0.0,0.0,43.82807922363281,57.43080139160156,13.82659912109375,33.444950103759766,234.6331787109375,14.072649002075195,0.64508056640625,0.1379547119140625,0.011383056640625,0.0091705322265625,0.008026123046875,0.012451171875,0.034393310546875,0.14154052734375,2.2084975739214845,0.85581586294963,0.5754890430224144,0.9620118545484242
1.0,0.99609375,0.0,1.0,1.0,0.7915702273958504,3.1846979912279836,0.0,0.0,0.0,0.0,0.0,0.0,72.47065734863281,71.69493865966797,8.1585693359375,21.756792068481445,231.7889862060547,12.795571327209473,0.5108184814453125,0.0685577392578125,0.006988525390625,0.0059356689453125,0.00921630859375,0.02655029296875,0.0802459716796875,0.29168701171875,1.4749429822131082,0.8772225573366406,0.5776411307471612,0.9608130189378119
1.0,0.99609375,0.0,1.0,1.0,0.7915702273958504,3.1846979912279836,0.0,0.0,0.0,0.0,0.0,0.0,84.15814208984375,73.93668365478516,11.263320922851562,26.131134033203125,231.01602172851562,7.102051734924316,0.4798126220703125,0.037109375,0.0016326904296875,0.0009002685546875,0.002288818359375,0.01519775390625,0.087921142578125,0.3751373291015625,1.2207866183603782,0.8841359699373423,0.5254616866326789,0.9407627309445811
1.0,0.99609375,0.0,1.0,1.0,0.7915702273958504,3.1846979912279836,0.0,0.0,0.0,0.0,0.0,0.0,66.64630126953125,70.4788818359375,10.854248046875,29.613950729370117,236.1926727294922,8.916309356689453,0.5411376953125,0.067535400390625,0.0089569091796875,0.007476806640625,0.0104827880859375,0.0370635986328125,0.0702056884765625,0.25714111328125,0.7701538015132474,0.9048899151465217,0.7574364084871237,0.9753652301527774
1.0,0.99609375,0.0,1.0,1.0,0.7915702273958504,3.1846979912279836,0.0,0.0,0.0,0.0,0.0,0.0,63.52546691894531,62.975955963134766,9.227569580078125,25.1994686126709,232.78443908691406,12.755531311035156,0.484649658203125,0.0491180419921875,0.0216217041015625,0.0308990478515625,0.0602264404296875,0.1648101806640625,0.083099365234375,0.1055755615234375,1.1939315838633953,0.8677658774754096,0.566092625108129,0.9714648312203251
1.0,0.99609375,0.0,1.0,1.0,0.7915702273958504,3.1846979912279836,0.0,0.0,0.0,0.0,0.0,0.0,76.56440734863281,71.27635192871094,7.674072265625,20.15755271911621,230.90948486328125,13.121745109558105,0.4630126953125,0.057525634765625,0.010406494140625,0.0088653564453125,0.019256591796875,0.06353759765625,0.115203857421875,0.2621917724609375,1.4335648567530386,0.8693483381745464,0.595612064792681,0.9596025751826726
1.0,0.99609375,0.0,1.0,1.0,0.7915702273958504,3.1846979912279836,0.0,0.0,0.0,0.0,0.0,0.0,68.51271057128906,69.13371276855469,9.98419189453125,25.316970825195312,235.51828002929688,12.419095039367676,0.518157958984375,0.0511474609375,0.008819580078125,0.01031494140625,0.0183258056640625,0.087249755859375,0.090667724609375,0.2153167724609375,0.9049608128014118,0.8913498577306138,0.548551520497426,0.9787797815942043
1.0,0.99609375,0.0,1.0,1.0,0.7915702273958504,3.1846979912279836,0.0,0.0,0.0,0.0,0.0,0.0,64.80648803710938,69.05923461914062,13.423065185546875,32.76957321166992,229.08522033691406,19.64510726928711,0.5455322265625,0.0791168212890625,0.0078125,0.0055694580078125,0.010345458984375,0.03924560546875,0.0797119140625,0.232666015625,2.1050872786320136,0.832562602717042,0.4867375906348273,0.9777335477731041
1.0,0.99609375,0.0,1.0,1.0,0.7915702273958504,3.1846979912279836,0.0,0.0,0.0,0.0,0.0,0.0,87.64530944824219,73.00902557373047,11.335845947265625,29.538904190063477,228.44175720214844,14.43838119506836,0.4398040771484375,0.0373992919921875,0.002349853515625,0.0010833740234375,0.0053558349609375,0.033660888671875,0.13250732421875,0.34783935546875,1.002584863633891,0.8704418608070598,0.527071591126778,0.9820844787605204
1.0,0.99609375,0.0,1.0,1.0,0.7915702273958504,3.1846979912279836,0.0,0.0,0.0,0.0,0.0,0.0,96.93205261230469,68.53985595703125,13.165557861328125,28.310998916625977,201.7303924560547,23.353498458862305,0.3474884033203125,0.029815673828125,0.00592041015625,0.0028839111328125,0.0156707763671875,0.090423583984375,0.2491912841796875,0.25860595703125,1.9734024583344256,0.8062962644793766,0.5319009386671952,0.9795677625166397
1.0,0.99609375,0.0,1.0,1.0,0.7915702273958504,3.1846979912279836,0.0,0.0,0.0,0.0,0.0,0.0,78.77940368652344,69.61713409423828,12.43902587890625,31.95029067993164,224.7809295654297,17.487674713134766,0.4564056396484375,0.0274810791015625,0.0068511962890625,0.0069580078125,0.028228759765625,0.1195068359375,0.13177490234375,0.2227935791015625,1.954808968832589,0.8378736282359434,0.41620711965883805,0.974753686308609
1.0,0.99609375,0.0,1.0,1.0,0.7915702273958504,3.1846979912279836,0.0,0.0,0.0,0.0,0.0,0.0,34.94429016113281,46.88396453857422,12.285552978515625,30.082275390625,232.44915771484375,14.055208206176758,0.7138214111328125,0.159881591796875,0.0052642822265625,0.001983642578125,0.0015716552734375,0.003662109375,0.0220794677734375,0.09173583984375,1.6777905494990653,0.8628087203789734,0.5061589142467311,0.9693669748586438
1.0,0.99609375,0.0,1.0,1.0,0.7915702273958504,3.1846979912279836,0.0,0.0,0.0,0.0,0.0,0.0,118.57659912109375,64.07246398925781,9.60626220703125,25.36049461364746,222.64398193359375,16.986488342285156,0.246826171875,0.0091552734375,0.000335693359375,0.000396728515625,0.0014495849609375,0.0279388427734375,0.2888946533203125,0.4250030517578125,1.2819024231489706,0.8808505633406564,0.5699941408896103,0.9781581584634866
1.0,0.99609375,0.0,1.0,1.0,0.7915702273958504,3.1846979912279836,0.0,0.0,0.0,0.0,0.0,0.0,96.71528625488281,72.45907592773438,11.948150634765625,31.110666275024414,227.03091430664062,12.579373359680176,0.3903961181640625,0.0231170654296875,0.0014801025390625,0.00067138671875,0.0025177001953125,0.0299835205078125,0.17169189453125,0.3801422119140625,1.5365195606746682,0.8712870269509643,0.6212291846282267,0.9681406463292039
1.0,0.99609375,0.0,1.0,1.0,0.7915702273958504,3.1846979912279836,0.0,0.0,0.0,0.0,0.0,0.0,97.48323059082031,61.52250671386719,23.641876220703125,39.19524002075195,194.65499877929688,28.548250198364258,0.3273162841796875,0.0146636962890625,0.001556396484375,0.0007171630859375,0.01739501953125,0.2144775390625,0.3011016845703125,0.122772216796875,2.659661656162225,0.7462530407185171,0.295840303461418,0.982235370626776
1.0,0.99609375,0.0,1.0,1.0,0.7915702273958504,3.1846979912279836,0.0,0.0,0.0,0.0,0.0,0.0,85.67718505859375,63.357566833496094,12.708297729492188,30.48018455505371,231.7420654296875,10.651461601257324,0.3680267333984375,0.0228118896484375,0.0077362060546875,0.0090789794921875,0.0498199462890625,0.240264892578125,0.166290283203125,0.1359710693359375,1.0031802857577707,0.86123708939638,0.6000486153412494,0.9741107897118573
1.0,0.99609375,0.0,1.0,1.0,0.7915702273958504,3.1846979912279836,0.0,0.0,0.0,0.0,0.0,0.0,79.98463439941406,72.52631378173828,9.330047607421875,25.678815841674805,231.2625732421875,14.363263130187988,0.4635009765625,0.0419158935546875,0.0076751708984375,0.0064239501953125,0.014495849609375,0.06048583984375,0.104095458984375,0.3014068603515625,1.9691292784877146,0.8434472168711816,0.55574212346658,0.9598204078299792
1.0,0.99609375,0.0,1.0,1.0,0.7915702273958504,3.1846979912279836,0.0,0.0,0.0,0.0,0.0,0.0,63.550994873046875,69.27976989746094,11.906387329101562,28.64439582824707,231.84463500976562,11.855948448181152,0.593048095703125,0.0707855224609375,0.001861572265625,0.0009307861328125,0.0016937255859375,0.0095367431640625,0.0595855712890625,0.2625579833984375,1.4546149452059918,0.8680694699640054,0.5338980936402999,0.9671646188444658
1.0,0.99609375,0.0,1.0,1.0,0.7915702273958504,3.1846979912279836,0.0,0.0,0.0,0.0,0.0,0.0,70.92362976074219,67.39861297607422,21.014404296875,38.23775100708008,194.36734008789062,27.652339935302734,0.4874420166015625,0.0807647705078125,0.008331298828125,0.0045318603515625,0.017364501953125,0.0728607177734375,0.1533050537109375,0.1753997802734375,2.2890814369037695,0.7768809042681095,0.32326623670986565,0.9835476398113276
1.0,0.99609375,0.0,1.0,1.0,0.7915702273958504,3.1846979912279836,0.0,0.0,0.0,0.0,0.0,0.0,77.73054504394531,69.8880615234375,21.405242919921875,38.62335205078125,194.32469177246094,24.05495834350586,0.4769744873046875,0.049468994140625,0.0048675537109375,0.0021514892578125,0.0114898681640625,0.06658935546875,0.1779327392578125,0.2105255126953125,1.9415681253569603,0.7919618221852814,0.29788929384367197,0.982824759152183
1.0,0.99609375,0.0,1.0,1.0,0.7915702273958504,3.1846979912279836,0.0,0.0,0.0,0.0,0.0,0.0,68.76168823242188,70.36186218261719,13.98785400390625,30.92737579345703,228.77793884277344,15.810744285583496,0.5658721923828125,0.0506439208984375,0.0025787353515625,0.001312255859375,0.00433349609375,0.0246429443359375,0.0824127197265625,0.2682037353515625,2.056836369441375,0.8573766713592763,0.5772691530540061,0.9667485737694838
1.0,0.99609375,0.0,1.0,1.0,0.7915702273958504,3.1846979912279836,0.0,0.0,0.0,0.0,0.0,0.0,70.43060302734375,69.94837951660156,11.372802734375,29.09016990661621,234.46713256835938,15.117879867553711,0.5100860595703125,0.056915283203125,0.007781982421875,0.007568359375,0.015289306640625,0.074005126953125,0.091033935546875,0.2373199462890625,1.293735628911358,0.8798685971787351,0.5481440910311847,0.9791778016454475
1.0,0.99609375,0.0,1.0,1.0,0.7915702273958504,3.1846979912279836,0.0,0.0,0.0,0.0,0.0,0.0,58.71592712402344,66.73233032226562,14.432754516601562,31.459884643554688,232.1869659423828,12.96684455871582,0.606842041015625,0.0829010009765625,0.0045166015625,0.00244140625,0.0045166015625,0.015838623046875,0.060333251953125,0.2226104736328125,1.1080513525561657,0.8625783543655713,0.5600830262912335,0.9791490392830433
1.0,0.99609375,0.0,1.0,1.0,0.7915702273958504,3.1846979912279836,0.0,0.0,0.0,0.0,0.0,0.0,88.66433715820312,73.92196655273438,12.611587524414062,31.165142059326172,228.3125762939453,23.16249656677246,0.4291534423828125,0.041778564453125,0.00372314453125,0.00244140625,0.0045013427734375,0.0265655517578125,0.11553955078125,0.3762969970703125,2.2245134360150165,0.8068209091183501,0.45613161852302997,0.9811563040249568
1.0,0.99609375,0.0,1.0,1.0,0.7915702273958504,3.1846979912279836,0.0,0.0,0.0,0.0,0.0,0.0,100.54930114746094,61.596031188964844,18.097900390625,33.072383880615234,193.81837463378906,22.965225219726562,0.2945404052734375,0.0280609130859375,0.003082275390625,0.0020751953125,0.025054931640625,0.181060791015625,0.311248779296875,0.154876708984375,2.037100758816936,0.7764200971273025,0.3232297015366759,0.9790101076939074
1.0,0.99609375,0.0,1.0,1.0,0.7915702273958504,3.1846979912279836,0.0,0.0,0.0,0.0,0.0,0.0,42.17509460449219,58.66025161743164,18.214797973632812,40.653499603271484,226.85903930664062,18.037967681884766,0.7414703369140625,0.068450927734375,0.000885009765625,0.000213623046875,0.0005340576171875,0.00244140625,0.0276947021484375,0.1583099365234375,3.343538770566532,0.8208049949552081,0.4447207089827195,0.9651751822612813
1.0,0.99609375,0.0,1.0,1.0,0.7915702273958504,3.1846979912279836,0.0,0.0,0.0,0.0,0.0,0.0,65.78604125976562,71.5300521850586,13.076309204101562,30.105382919311523,227.4610137939453,14.290555953979492,0.603302001953125,0.0446319580078125,0.0009307861328125,0.0004119873046875,0.001129150390625,0.0051727294921875,0.048828125,0.29559326171875,1.7722479364045518,0.8445647740728113,0.467771598389639,0.9657942291100157
1.0,0.99609375,0.0,1.0,1.0,0.7915702273958504,3.1846979912279836,0.0,0.0,0.0,0.0,0.0,0.0,60.591522216796875,68.22126007080078,9.70880126953125,26.756006240844727,237.0274200439453,12.204221725463867,0.562713623046875,0.08551025390625,0.0078277587890625,0.008056640625,0.0108642578125,0.0431976318359375,0.059539794921875,0.2222900390625,1.2181274136201532,0.8725726111058005,0.5643052932570928,0.9729598628318493
1.0,0.99609375,0.0,1.0,1.0,0.7915702273958504,3.1846979912279836,0.0,0.0,0.0,0.0,0.0,0.0,83.09211730957031,71.20755767822266,18.786285400390625,32.85221481323242,191.63101196289062,25.710596084594727,0.455322265625,0.0406646728515625,0.0034637451171875,0.0016021728515625,0.0105438232421875,0.05328369140625,0.1845855712890625,0.2505340576171875,1.5329245660267858,0.8333865176689266,0.4139124307680425,0.9868936442925285
1.0,0.99609375,0.0,1.0,1.0,0.7915702273958504,3.1846979912279836,0.0,0.0,0.0,0.0,0.0,0.0,51.908203125,63.0966796875,11.223175048828125,28.770898818969727,230.61463928222656,15.348512649536133,0.64111328125,0.105010986328125,0.004425048828125,0.0020294189453125,0.00238037109375,0.007720947265625,0.0401763916015625,0.1971435546875,1.523256218311626,0.8804824215990226,0.5075687729139307,0.9744798609143053
1.0,0.99609375,0.0,1.0,1.0,0.7915702273958504,3.1846979912279836,0.0,0.0,0.0,0.0,0.0,0.0,109.47825622558594,57.67151641845703,19.03631591796875,36.621307373046875,196.7785186767578,26.321348190307617,0.234039306640625,0.0239410400390625,0.0012359619140625,0.000701904296875,0.01531982421875,0.1850128173828125,0.3998260498046875,0.139923095703125,2.1141632909516392,0.8093511715523716,0.40698067495957246,0.9832281347293895
1.0,0.99609375,0.0,1.0,1.0,0.7915702273958504,3.1846979912279836,0.0,0.0,0.0,0.0,0.0,0.0,121.96968078613281,42.895606994628906,12.0255126953125,26.992435455322266,205.8375701904297,19.130088806152344,0.1214752197265625,0.004486083984375,0.00054931640625,0.0002288818359375,0.01513671875,0.3453521728515625,0.43707275390625,0.0756988525390625,1.8119950577043944,0.8238874935456634,0.4617561744664991,0.9729195721772403
1.0,0.99609375,0.0,1.0,1.0,0.7915702273958504,3.1846979912279836,0.0,0.0,0.0,0.0,0.0,0.0,95.46153259277344,71.48126983642578,15.046005249023438,34.926509857177734,224.3204803466797,19.70281219482422,0.391357421875,0.0210723876953125,0.001922607421875,0.0013580322265625,0.0054931640625,0.0500946044921875,0.178802490234375,0.3498992919921875,2.334423331231611,0.8415880747555906,0.5053035162246171,0.9737828623070721
1.0,0.99609375,0.0,1.0,1.0,0.7915702273958504,3.1846979912279836,0.0,0.0,0.0,0.0,0.0,0.0,101.23365783691406,64.75262451171875,17.294021606445312,31.74217414855957,192.32728576660156,30.13142204284668,0.316436767578125,0.020263671875,0.0019073486328125,0.001007080078125,0.0145721435546875,0.1324005126953125,0.311065673828125,0.2023468017578125,2.9647615184770326,0.7693197961726318,0.3270211784271673,0.9800195555821247
1.0,0.99609375,0.0,1.0,1.0,0.7915702273958504,3.1846979912279836,0.0,0.0,0.0,0.0,0.0,0.0,76.1845703125,70.31104278564453,20.791213989257812,36.806060791015625,196.18881225585938,25.075349807739258,0.4988861083984375,0.0425262451171875,0.0038299560546875,0.00189208984375,0.0080718994140625,0.0549774169921875,0.177642822265625,0.2121734619140625,2.6455728328211014,0.7817940073654813,0.327532558287684,0.9777526274263537
1.0,0.99609375,0.0,1.0,1.0,0.7915702273958504,3.1846979912279836,0.0,0.0,0.0,0.0,0.0,0.0,79.4599609375,73.32393646240234,12.385910034179688,30.28688621520996,229.95028686523438,14.68622875213623,0.4943695068359375,0.0469818115234375,0.00244140625,0.0013580322265625,0.0035858154296875,0.021636962890625,0.0955047607421875,0.3341217041015625,1.3326701714333644,0.8720253368333661,0.6152199570702701,0.9774158831213471
1.0,0.99609375,0.0,1.0,1.0,0.7915702273958504,3.1846979912279836,0.0,0.0,0.0,0.0,0.0,0.0,111.94732666015625,58.83489227294922,15.216201782226562,34.554317474365234,199.8680877685547,22.33296012878418,0.2328948974609375,0.0102996826171875,0.0019378662109375,0.0003814697265625,0.01214599609375,0.1697540283203125,0.39654541015625,0.1760406494140625,2.305896628647957,0.808875467120866,0.38155211538405465,0.9762957491180102
1.0,0.99609375,0.0,1.0,1.0,0.7915702273958504,3.1846979912279836,0.0,0.0,0.0,0.0,0.0,0.0,93.77847290039062,72.7800521850586,10.822341918945312,28.430585861206055,226.5150604248047,21.75153160095215,0.4019317626953125,0.0333709716796875,0.00128173828125,0.0006256103515625,0.0025482177734375,0.0289764404296875,0.1607666015625,0.3704986572265625,2.049996321416973,0.8743966623780843,0.6232718950082932,0.9793643168417567
1.0,0.99609375,0.0,1.0,1.0,0.7915702273958504,3.1846979912279836,0.0,0.0,0.0,0.0,0.0,0.0,81.01016235351562,74.50245666503906,9.975311279296875,25.944704055786133,233.52943420410156,9.597440719604492,0.495513916015625,0.042449951171875,0.001007080078125,0.00054931640625,0.00140380859375,0.0102691650390625,0.08477783203125,0.3640289306640625,1.0666772741055137,0.847431582374917,0.48159871984030833,0.9686519075732417
1.0,0.99609375,0.0,1.0,1.0,0.7915702273958504,3.1846979912279836,0.0,0.0,0.0,0.0,0.0,0.0,105.60490417480469,65.43231964111328,18.721878051757812,39.24323654174805,188.3719482421875,29.21990966796875,0.2982177734375,0.013519287109375,0.0034942626953125,0.0015411376953125,0.0115203857421875,0.10546875,0.3175048828125,0.2487335205078125,1.982011982242311,0.8103211629658713,0.3646232682265504,0.9869912321175358
1.0,0.99609375,0.0,1.0,1.0,0.7915702273958504,3.1846979912279836,0.0,0.0,0.0,0.0,0.0,0.0,90.24052429199219,63.85986328125,20.559234619140625,39.28104019165039,197.83384704589844,31.527132034301758,0.3570709228515625,0.034912109375,0.004425048828125,0.0020294189453125,0.0291748046875,0.1943511962890625,0.2360687255859375,0.1419677734375,2.743378415385118,0.7810176615982738,0.3713229240301913,0.9840720390832349
1.0,0.99609375,0.0,1.0,1.0,0.7915702273958504,3.1846979912279836,0.0,0.0,0.0,0.0,0.0,0.0,92.04545593261719,62.325252532958984,17.5970458984375,31.565380096435547,199.35269165039062,21.914684295654297,0.336456298828125,0.0380859375,0.0048828125,0.0030364990234375,0.0333251953125,0.2020263671875,0.2548370361328125,0.127349853515625,2.3155306171694603,0.7792384141765603,0.40992657293589885,0.974135948015329
1.0,0.99609375,0.0,1.0,1.0,0.7915702273958504,3.1846979912279836,0.0,0.0,0.0,0.0,0.0,0.0,108.02168273925781,58.08209228515625,12.1124267578125,26.491302490234375,208.70555114746094,19.481395721435547,0.2332000732421875,0.023834228515625,0.002105712890625,0.000762939453125,0.0161895751953125,0.2162322998046875,0.3688507080078125,0.138824462890625,1.506077204213444,0.8592787921702247,0.664246958646963,0.9781242974703694
1.0,0.99609375,0.0,1.0,1.0,0.7915702273958504,3.1846979912279836,0.0,0.0,0.0,0.0,0.0,0.0,107.91911315917969,59.022216796875,12.768478393554688,29.59591293334961,208.17942810058594,18.36976432800293,0.2449188232421875,0.0157623291015625,0.0024566650390625,0.0006256103515625,0.0141448974609375,0.20648193359375,0.369110107421875,0.1464996337890625,1.450559982365451,0.845295715148928,0.5123237400761746,0.9782741170833309
1.0,0.99609375,0.0,1.0,1.0,0.7915702273958504,3.1846979912279836,0.0,0.0,0.0,0.0,0.0,0.0,81.89720153808594,68.0208969116211,16.218246459960938,31.806425094604492,200.4041290283203,23.182382583618164,0.4243621826171875,0.0525665283203125,0.0071258544921875,0.00396728515625,0.0236053466796875,0.1098480224609375,0.1853790283203125,0.193145751953125,2.3721371303742544,0.7937935846592481,0.4100287759745755,0.9759620416481674
1.0,0.99609375,0.0,1.0,1.0,0.7915702273958504,3.1846979912279836,0.0,0.0,0.0,0.0,0.0,0.0,66.12554931640625,71.29421997070312,19.01556396484375,35.79767990112305,196.28076171875,22.721385955810547,0.572967529296875,0.055938720703125,0.002685546875,0.00048828125,0.00341796875,0.0230865478515625,0.1062774658203125,0.235137939453125,1.9460622560493377,0.7924874084945421,0.32807586096652,0.9803930132928613
1.0,0.99609375,0.0,1.0,1.0,0.7915702273958504,3.1846979912279836,0.0,0.0,0.0,0.0,0.0,0.0,94.39161682128906,71.51917266845703,16.051895141601562,30.769948959350586,194.4401092529297,20.363475799560547,0.394317626953125,0.021575927734375,0.0022430419921875,0.0009613037109375,0.0073699951171875,0.0564422607421875,0.2244720458984375,0.2926177978515625,1.3675544429415443,0.8049902658561101,0.43951676367870185,0.983066125142081
1.0,0.99609375,0.0,1.0,1.0,0.7915702273958504,3.1846979912279836,0.0,0.0,0.0,0.0,0.0,0.0,115.36526489257812,59.055999755859375,14.271591186523438,27.171424865722656,195.17405700683594,24.01963233947754,0.227935791015625,0.0104217529296875,0.000640869140625,0.000274658203125,0.00732421875,0.1314544677734375,0.404876708984375,0.217071533203125,1.8666617906645537,0.8119378506027081,0.34166847436464864,0.9807225474487705
1.0,0.99609375,0.0,1.0,1.0,0.7915702273958504,3.1846979912279836,0.0,0.0,0.0,0.0,0.0,0.0,96.05989074707031,70.06561279296875,16.492843627929688,31.674501419067383,199.69363403320312,20.88871955871582,0.37872314453125,0.0213623046875,0.0018463134765625,0.00079345703125,0.0075531005859375,0.06134033203125,0.2613983154296875,0.2669830322265625,1.5745471481230122,0.8308142347128957,0.4639685004892622,0.981488964057903
1.0,0.99609375,0.0,1.0,1.0,0.7915702273958504,3.1846979912279836,0.0,0.0,0.0,0.0,0.0,0.0,94.869384765625,71.23332977294922,15.485641479492188,30.916851043701172,195.93356323242188,20.79850959777832,0.390838623046875,0.01776123046875,0.001678466796875,0.0005035400390625,0.005706787109375,0.055023193359375,0.25054931640625,0.2779388427734375,1.8701197701234418,0.8148689423750686,0.3071670518079496,0.9768783019527483
1.0,0.99609375,0.0,1.0,1.0,0.7915702273958504,3.1846979912279836,0.0,0.0,0.0,0.0,0.0,0.0,99.20755004882812,52.57050704956055,15.696884155273438,35.07500076293945,209.8433380126953,20.643596649169922,0.23577880859375,0.019927978515625,0.0047149658203125,0.00439453125,0.090728759765625,0.3950958251953125,0.1810760498046875,0.0682830810546875,1.993087196536178,0.824444950921623,0.5092221634711583,0.9777487145162425
1.0,0.99609375,0.0,1.0,1.0,0.7915702273958504,3.1846979912279836,0.0,0.0,0.0,0.0,0.0,0.0,102.37153625488281,54.04231643676758,14.530029296875,30.825119018554688,209.40267944335938,18.579931259155273,0.236114501953125,0.018402099609375,0.0038604736328125,0.00274658203125,0.05694580078125,0.3546295166015625,0.2398834228515625,0.0874176025390625,1.4240865296324872,0.8415823517723373,0.457391325167085,0.9800700057622134
1.0,0.99609375,0.0,1.0,1.0,0.7915702273958504,3.1846979912279836,0.0,0.0,0.0,0.0,0.0,0.0,110.54022216796875,51.2672233581543,11.837615966796875,24.616655349731445,213.4383544921875,17.057485580444336,0.1888580322265625,0.0159149169921875,0.0017852783203125,0.0012664794921875,0.0316162109375,0.3474884033203125,0.3255462646484375,0.0875244140625,1.224798614181354,0.8416119959873148,0.581659868994238,0.9779240168939103
1.0,0.99609375,0.0,1.0,1.0,0.7915702273958504,3.1846979912279836,0.0,0.0,0.0,0.0,0.0,0.0,114.60237121582031,41.856239318847656,12.083023071289062,22.428361892700195,208.56015014648438,16.734941482543945,0.1326904296875,0.0120391845703125,0.0005645751953125,0.000762939453125,0.0343780517578125,0.5174407958984375,0.2685699462890625,0.0335540771484375,0.942727405858389,0.8534531361974199,0.45758272137068545,0.9811793677628806
1.0,0.99609375,0.0,1.0,1.0,0.7915702273958504,3.1846979912279836,0.0,0.0,0.0,0.0,0.0,0.0,112.038818359375,55.350730895996094,14.188949584960938,25.303142547607422,203.94049072265625,16.698293685913086,0.206390380859375,0.026947021484375,0.000640869140625,0.000244140625,0.0117340087890625,0.2236328125,0.4097442626953125,0.12066650390625,1.2813152729540243,0.8251375883560287,0.36873071084672315,0.975660580142157
1.0,0.99609375,0.0,1.0,1.0,0.7915702273958504,3.1846979912279836,0.0,0.0,0.0,0.0,0.0,0.0,106.9027099609375,61.86554718017578,10.861129760742188,23.040512084960938,212.8621368408203,15.02155876159668,0.26416015625,0.02154541015625,0.003021240234375,0.0016021728515625,0.01611328125,0.1447296142578125,0.35198974609375,0.19683837890625,1.2726830280446668,0.8256954043914306,0.5493068499265735,0.97232739854819
1.0,0.99609375,0.0,1.0,1.0,0.7915702273958504,3.1846979912279836,0.0,0.0,0.0,0.0,0.0,0.0,104.47984313964844,60.59138107299805,10.79656982421875,23.358705520629883,212.9340362548828,14.830825805664062,0.2587432861328125,0.0275115966796875,0.0046844482421875,0.00311279296875,0.0254669189453125,0.1933441162109375,0.3150787353515625,0.17205810546875,0.8852151554792281,0.8498261653186268,0.526448039322648,0.9802945733306178
1.0,0.99609375,0.0,1.0,1.0,0.7915702273958504,3.1846979912279836,0.0,0.0,0.0,0.0,0.0,0.0,75.19873046875,71.33067321777344,12.430496215820312,24.633697509765625,205.75428771972656,17.799442291259766,0.4997100830078125,0.052886962890625,0.0029296875,0.000946044921875,0.0063934326171875,0.043212890625,0.166748046875,0.2271728515625,0.9465322669071158,0.8538034492101916,0.4807253015863503,0.9839463323181292
1.0,0.99609375,0.0,1.0,1.0,0.7915702273958504,3.1846979912279836,0.0,0.0,0.0,0.0,0.0,0.0,88.350341796875,72.86284637451172,11.607284545898438,21.03856086730957,206.44264221191406,11.9287691116333,0.433349609375,0.02984619140625,0.0017852783203125,0.0005645751953125,0.004150390625,0.0428466796875,0.2083892822265625,0.2790679931640625,0.542701459750379,0.8589254175315001,0.4060272284394637,0.9818952684106046
1.0,0.99609375,0.0,1.0,1.0,0.7915702273958504,3.1846979912279836,0.0,0.0,0.0,0.0,0.0,0.0,118.53355407714844,61.80531311035156,14.057235717773438,28.05885887145996,197.2329559326172,16.28476333618164,0.2370758056640625,0.004974365234375,0.00054931640625,0.0001678466796875,0.0025177001953125,0.0590362548828125,0.4141387939453125,0.2815399169921875,1.1066448886372382,0.831355806244527,0.3705808093430053,0.9801064203999896
1.0,0.99609375,0.0,1.0,1.0,0.7915702273958504,3.1846979912279836,0.0,0.0,0.0,0.0,0.0,0.0,101.42019653320312,51.689571380615234,13.307449340820312,31.32200813293457,213.25601196289062,14.82357406616211,0.219146728515625,0.0182342529296875,0.003875732421875,0.0032501220703125,0.0873870849609375,0.4126739501953125,0.18280029296875,0.0726318359375,1.5508518462428664,0.8533921453232758,0.5893283451553092,0.9701929185544048
1.0,0.99609375,0.0,1.0,1.0,0.7915702273958504,3.1846979912279836,0.0,0.0,0.0,0.0,0.0,0.0,108.45042419433594,46.348636627197266,12.297149658203125,27.045576095581055,211.95529174804688,20.884355545043945,0.1670684814453125,0.0152740478515625,0.0027923583984375,0.0018310546875,0.0649871826171875,0.4728240966796875,0.2240142822265625,0.05120849609375,1.436003186803466,0.837835495212232,0.5880264969852863,0.9816363416938156
1.0,0.99609375,0.0,1.0,1.0,0.7915702273958504,3.1846979912279836,0.0,0.0,0.0,0.0,0.0,0.0,110.07850646972656,43.28011703491211,13.570785522460938,26.762550354003906,206.97775268554688,19.08934211730957,0.14959716796875,0.0150909423828125,0.001434326171875,0.0012054443359375,0.065643310546875,0.5248565673828125,0.208282470703125,0.0338897705078125,1.0471578481962367,0.8519773176935596,0.45601770143124687,0.9842837072948067
1.0,0.99609375,0.0,1.0,1.0,0.7915702273958504,3.1846979912279836,0.0,0.0,0.0,0.0,0.0,0.0,111.32791137695312,40.11568832397461,11.9222412109375,23.733837127685547,207.92417907714844,19.565427780151367,0.117462158203125,0.023040771484375,0.001373291015625,0.001007080078125,0.0713348388671875,0.5923614501953125,0.1642303466796875,0.0291900634765625,1.693589146305532,0.8221405353419351,0.4259622746575509,0.9736358862036678
1.0,0.99609375,0.0,1.0,1.0,0.7915702273958504,3.1846979912279836,0.0,0.0,0.0,0.0,0.0,0.0,109.78970336914062,56.582183837890625,13.869232177734375,27.98178482055664,200.81307983398438,16.676183700561523,0.2171173095703125,0.0282135009765625,0.0013427734375,0.0009613037109375,0.0186920166015625,0.22003173828125,0.381866455078125,0.13177490234375,0.990893507627399,0.8331622925114149,0.3634393225499168,0.9819733841582352
1.0,0.99609375,0.0,1.0,1.0,0.7915702273958504,3.1846979912279836,0.0,0.0,0.0,0.0,0.0,0.0,95.30158996582031,66.12049865722656,14.954360961914062,32.213748931884766,199.46302795410156,33.015602111816406,0.3357696533203125,0.0367889404296875,0.00653076171875,0.0033721923828125,0.0204010009765625,0.127166748046875,0.2683563232421875,0.2016143798828125,2.8207431655801694,0.8041440644253661,0.42611243717823166,0.9836572300432014
1.0,0.99609375,0.0,1.0,1.0,0.7915702273958504,3.1846979912279836,0.0,0.0,0.0,0.0,0.0,0.0,92.38984680175781,63.828975677490234,12.408187866210938,29.079608917236328,205.2864227294922,22.05707359313965,0.31982421875,0.046661376953125,0.0103912353515625,0.006134033203125,0.0435028076171875,0.1806793212890625,0.227752685546875,0.1650543212890625,2.2067859709030087,0.8215196206300859,0.4789654842306791,0.9750521592398504
1.0,0.99609375,0.0,1.0,1.0,0.7915702273958504,3.1846979912279836,0.0,0.0,0.0,0.0,0.0,0.0,69.19493103027344,70.70890808105469,12.81793212890625,28.05419921875,201.19888305664062,20.080230712890625,0.523834228515625,0.082489013671875,0.007415771484375,0.003082275390625,0.0062408447265625,0.0230865478515625,0.1033172607421875,0.2505340576171875,1.4497672150286456,0.8043474238505718,0.5229472868539384,0.9807622726143703
1.0,0.99609375,0.0,1.0,1.0,0.7915702273958504,3.1846979912279836,0.0,0.0,0.0,0.0,0.0,0.0,87.81532287597656,73.2015151977539,12.235733032226562,27.46666145324707,199.1313018798828,19.04328155517578,0.4267425537109375,0.0426788330078125,0.004730224609375,0.0019989013671875,0.006256103515625,0.036346435546875,0.1639251708984375,0.31732177734375,1.617943035114599,0.8258076569760661,0.4452557775465471,0.9764428568520427
1.0,0.99609375,0.0,1.0,1.0,0.7915702273958504,3.1846979912279836,0.0,0.0,0.0,0.0,0.0,0.0,109.70706176757812,65.25975799560547,13.570419311523438,27.49404525756836,191.92474365234375,19.18779754638672,0.278228759765625,0.021087646484375,0.0014190673828125,0.0006256103515625,0.0050811767578125,0.0691680908203125,0.3479766845703125,0.2764129638671875,0.8464949109091312,0.8450485571810962,0.3595286542886144,0.9872611284836179
1.0,0.99609375,0.0,1.0,1.0,0.7915702273958504,3.1846979912279836,0.0,0.0,0.0,0.0,0.0,0.0,105.97959899902344,44.71570587158203,15.988616943359375,33.509395599365234,211.88516235351562,17.404827117919922,0.1725616455078125,0.010772705078125,0.001983642578125,0.0020751953125,0.0886077880859375,0.5296478271484375,0.1604461669921875,0.033905029296875,1.4611719161493162,0.8221338835298001,0.5208678495529455,0.9784421788439926
1.0,0.99609375,0.0,1.0,1.0,0.7915702273958504,3.1846979912279836,0.0,0.0,0.0,0.0,0.0,0.0,107.57514953613281,44.490234375,14.097396850585938,28.55099105834961,209.9879913330078,20.232627868652344,0.157196044921875,0.0205078125,0.0024261474609375,0.001861572265625,0.0830078125,0.517669677734375,0.1758880615234375,0.04144287109375,1.5138301228565252,0.8172903864759813,0.46563575236197186,0.9798321008638037
1.0,0.99609375,0.0,1.0,1.0,0.7915702273958504,3.1846979912279836,0.0,0.0,0.0,0.0,0.0,0.0,109.17678833007812,39.59033203125,12.88287353515625,24.67275619506836,208.14126586914062,18.209287643432617,0.11834716796875,0.0273284912109375,0.00177001953125,0.001556396484375,0.0911865234375,0.6150970458984375,0.1231842041015625,0.0215301513671875,1.1179265531618912,0.8408785401881524,0.46389077365155107,0.9808711317873529
1.0,0.99609375,0.0,1.0,1.0,0.7915702273958504,3.1846979912279836,0.0,0.0,0.0,0.0,0.0,0.0,105.68661499023438,57.667564392089844,16.2498779296875,29.363039016723633,197.9149932861328,20.51197052001953,0.243133544921875,0.0314483642578125,0.0016021728515625,0.0010833740234375,0.022003173828125,0.227691650390625,0.349700927734375,0.1233367919921875,1.064577883543792,0.8315763995132752,0.3404251027556172,0.9861636858696152
1.0,0.99609375,0.0,1.0,1.0,0.7915702273958504,3.1846979912279836,0.0,0.0,0.0,0.0,0.0,0.0,107.72270202636719,55.759246826171875,15.359420776367188,30.527257919311523,200.56219482421875,18.547218322753906,0.220550537109375,0.029632568359375,0.0028533935546875,0.0017547607421875,0.02813720703125,0.2495574951171875,0.34912109375,0.1183929443359375,1.273228613103686,0.8067611104826599,0.33758027006201075,0.9809777331472547
1.0,0.99609375,0.0,1.0,1.0,0.7915702273958504,3.1846979912279836,0.0,0.0,0.0,0.0,0.0,0.0,96.66194152832031,60.94595718383789,14.587936401367188,26.912736892700195,196.86204528808594,33.00290298461914,0.292633056640625,0.0397796630859375,0.0067596435546875,0.0040435791015625,0.039276123046875,0.212799072265625,0.2716064453125,0.1331024169921875,1.5127683774267602,0.8400405856365386,0.39471388352860914,0.9909100938494523
1.0,0.99609375,0.0,1.0,1.0,0.7915702273958504,3.1846979912279836,0.0,0.0,0.0,0.0,0.0,0.0,99.31581115722656,57.16096878051758,12.71881103515625,26.492462158203125,203.02035522460938,24.890472412109375,0.2548065185546875,0.0292816162109375,0.0088653564453125,0.00726318359375,0.064544677734375,0.27337646484375,0.2562713623046875,0.1055908203125,1.4978494046507662,0.8249699958463054,0.44829110620496504,0.9855317180328913
1.0,0.99609375,0.0,1.0,1.0,0.7915702273958504,3.1846979912279836,0.0,0.0,0.0,0.0,0.0,0.0,79.3883056640625,69.57876586914062,13.44580078125,29.192394256591797,198.92630004882812,20.16488265991211,0.4412689208984375,0.064422607421875,0.0095367431640625,0.004852294921875,0.0172576904296875,0.0742340087890625,0.164703369140625,0.223724365234375,1.5032716534472776,0.8093143546056865,0.36904194387667744,0.9802389349826293
1.0,0.99609375,0.0,1.0,1.0,0.7915702273958504,3.1846979912279836,0.0,0.0,0.0,0.0,0.0,0.0,93.03890991210938,68.1055908203125,12.140823364257812,26.061691284179688,196.80140686035156,21.561168670654297,0.35675048828125,0.042938232421875,0.0068817138671875,0.0040283203125,0.0197296142578125,0.0977325439453125,0.2371826171875,0.2347564697265625,1.7307442697399087,0.7963347443658245,0.4438084261100367,0.9786996004181965
1.0,0.99609375,0.0,1.0,1.0,0.7915702273958504,3.1846979912279836,0.0,0.0,0.0,0.0,0.0,0.0,107.85496520996094,60.94503402709961,13.449508666992188,26.02560806274414,191.45877075195312,19.300161361694336,0.2418975830078125,0.0405120849609375,0.002777099609375,0.001800537109375,0.0163116455078125,0.1377410888671875,0.3634033203125,0.195556640625,1.0993543586798613,0.834762973575605,0.3519645194158122,0.983125897709622
1.0,0.99609375,0.0,1.0,1.0,0.7915702273958504,3.1846979912279836,0.0,0.0,0.0,0.0,0.0,0.0,82.07209777832031,69.69955444335938,15.453384399414062,34.59649658203125,206.48728942871094,25.929969787597656,0.4365386962890625,0.0467681884765625,0.005889892578125,0.0025634765625,0.014923095703125,0.087127685546875,0.1929779052734375,0.2132110595703125,2.6875225721063005,0.805578079668463,0.4317427378838845,0.978652225728627
1.0,0.99609375,0.0,1.0,1.0,0.7915702273958504,3.1846979912279836,0.0,0.0,0.0,0.0,0.0,0.0,78.76956176757812,70.1147232055664,16.064544677734375,30.865747451782227,206.2213134765625,19.189298629760742,0.4782257080078125,0.0387420654296875,0.0030975341796875,0.0010986328125,0.0103607177734375,0.071868896484375,0.1898040771484375,0.2068023681640625,2.3428494083229956,0.7804825183366167,0.41804481780953084,0.9685868745960863
1.0,0.99609375,0.0,1.0,1.0,0.7915702273958504,3.1846979912279836,0.0,0.0,0.0,0.0,0.0,0.0,108.79570007324219,58.86796188354492,12.605438232421875,30.027956008911133,205.6764373779297,19.319786071777344,0.239166259765625,0.0135345458984375,0.0021209716796875,0.001190185546875,0.0230712890625,0.211700439453125,0.344573974609375,0.164642333984375,1.8856433443658878,0.8082326722870735,0.39803318377296254,0.9744200349923409
1.0,0.99609375,0.0,1.0,1.0,0.7915702273958504,3.1846979912279836,0.0,0.0,0.0,0.0,0.0,0.0,105.05775451660156,66.93321990966797,13.05670166015625,26.849952697753906,200.19789123535156,18.235671997070312,0.307586669921875,0.018951416015625,0.0013427734375,0.0005035400390625,0.0073699951171875,0.0869293212890625,0.3154754638671875,0.2618408203125,1.647808668703703,0.8083125253205401,0.3152224648358801,0.973709802671987
1.0,0.99609375,0.0,1.0,1.0,0.7915702273958504,3.1846979912279836,0.0,0.0,0.0,0.0,0.0,0.0,105.18144226074219,59.17793655395508,13.666290283203125,29.30796241760254,206.04315185546875,18.94610595703125,0.25811767578125,0.0167694091796875,0.0033416748046875,0.00225830078125,0.029144287109375,0.2117462158203125,0.3316650390625,0.1469573974609375,1.2373374685792324,0.8479305673764029,0.4667540624566325,0.9827496215663489
1.0,0.99609375,0.0,1.0,1.0,0.7915702273958504,3.1846979912279836,0.0,0.0,0.0,0.0,0.0,0.0,69.91865539550781,72.20033264160156,15.535781860351562,28.272737503051758,200.654052734375,23.774412155151367,0.54345703125,0.05865478515625,0.00244140625,0.000640869140625,0.002960205078125,0.0223846435546875,0.1228485107421875,0.246612548828125,2.494779376766461,0.7963519155079889,0.3373669390952341,0.9742352522887313
1.0,0.99609375,0.0,1.0,1.0,0.7915702273958504,3.1846979912279836,0.0,0.0,0.0,0.0,0.0,0.0,75.07699584960938,72.1939926147461,11.455322265625,24.424636840820312,206.2023162841797,19.800655364990234,0.4919586181640625,0.0630645751953125,0.00616455078125,0.001983642578125,0.0078582763671875,0.0377197265625,0.136260986328125,0.2549896240234375,1.7362332042216142,0.8205397516566416,0.4173348749252178,0.9749937805518337
1.0,0.99609375,0.0,1.0,1.0,0.7915702273958504,3.1846979912279836,0.0,0.0,0.0,0.0,0.0,0.0,47.965606689453125,63.72623062133789,13.243240356445312,26.188827514648438,201.8185272216797,17.474510192871094,0.6854248046875,0.0706024169921875,0.00274658203125,0.0007781982421875,0.001953125,0.011688232421875,0.061859130859375,0.164947509765625,1.2014152995935845,0.8294937131017284,0.41791164142847714,0.9796168676242775
1.0,0.99609375,0.0,1.0,1.0,0.7915702273958504,3.1846979912279836,0.0,0.0,0.0,0.0,0.0,0.0,69.90138244628906,73.43353271484375,13.068252563476562,25.393707275390625,196.5010223388672,23.1068058013916,0.555511474609375,0.048553466796875,0.0019378662109375,0.0005645751953125,0.0021209716796875,0.0165557861328125,0.107452392578125,0.267303466796875,1.776736116555707,0.8203090553265662,0.41414934677530335,0.9795920702933489
1.0,0.99609375,0.0,1.0,1.0,0.7915702273958504,3.1846979912279836,0.0,0.0,0.0,0.0,0.0,0.0,99.32171630859375,73.68761444091797,14.536575317382812,30.42875099182129,190.44627380371094,22.82467269897461,0.383026123046875,0.0123138427734375,0.0009918212890625,0.000274658203125,0.002716064453125,0.02850341796875,0.2149505615234375,0.3572235107421875,2.073176226536736,0.817599844189363,0.3066991405664185,0.9774398276553663
1.0,0.99609375,0.0,1.0,1.0,0.7915702273958504,3.1846979912279836,0.0,0.0,0.0,0.0,0.0,0.0,89.70590209960938,64.93058013916016,16.86798095703125,34.2849235534668,201.91201782226562,30.861560821533203,0.3589019775390625,0.0374298095703125,0.0077667236328125,0.0045928955078125,0.034332275390625,0.163818359375,0.2313995361328125,0.1617584228515625,2.924119634463368,0.7827833489059406,0.49648260296575175,0.9821374792459856
1.0,0.99609375,0.0,1.0,1.0,0.7915702273958504,3.1846979912279836,0.0,0.0,0.0,0.0,0.0,0.0,86.20957946777344,65.38514709472656,17.21099853515625,31.118450164794922,204.52967834472656,19.72029685974121,0.387725830078125,0.0436859130859375,0.0076904296875,0.00408935546875,0.0323944091796875,0.1472930908203125,0.2136688232421875,0.1634521484375,1.995976542785502,0.7526486154940941,0.4291446582958699,0.9748584326238179
1.0,0.99609375,0.0,1.0,1.0,0.7915702273958504,3.1846979912279836,0.0,0.0,0.0,0.0,0.0,0.0,101.78388977050781,55.90555953979492,13.581375122070312,30.723154067993164,204.82846069335938,21.695459365844727,0.2340545654296875,0.031402587890625,0.006561279296875,0.0050201416015625,0.0647735595703125,0.293304443359375,0.258880615234375,0.1060028076171875,1.9269180681650968,0.8068462479533649,0.4646072390895807,0.9778996881915145
1.0,0.99609375,0.0,1.0,1.0,0.7915702273958504,3.1846979912279836,0.0,0.0,0.0,0.0,0.0,0.0,100.15866088867188,62.54715347290039,14.541061401367188,29.12498664855957,200.67593383789062,20.99166488647461,0.292327880859375,0.0334014892578125,0.003448486328125,0.0022125244140625,0.0269012451171875,0.1801910400390625,0.2894134521484375,0.1721038818359375,1.7578832827920223,0.7851842439861489,0.3896328229561784,0.9782704543290056
1.0,0.99609375,0.0,1.0,1.0,0.7915702273958504,3.1846979912279836,0.0,0.0,0.0,0.0,0.0,0.0,83.66123962402344,68.85160827636719,16.025634765625,27.271839141845703,198.286865234375,24.016643524169922,0.392974853515625,0.0869903564453125,0.005889892578125,0.0026702880859375,0.0140838623046875,0.08087158203125,0.20745849609375,0.2090606689453125,1.5840255132989083,0.7750555175342377,0.3500492047913081,0.9837338376968804
1.0,0.99609375,0.0,1.0,1.0,0.7915702273958504,3.1846979912279836,0.0,0.0,0.0,0.0,0.0,0.0,89.67015075683594,64.81873321533203,13.733657836914062,31.66398811340332,207.13465881347656,16.302589416503906,0.3450164794921875,0.051513671875,0.007568359375,0.0041961669921875,0.034393310546875,0.167877197265625,0.2272796630859375,0.1621551513671875,1.0090379207640563,0.8646050333922932,0.472659213031585,0.9830197943726038
1.0,0.99609375,0.0,1.0,1.0,0.7915702273958504,3.1846979912279836,0.0,0.0,0.0,0.0,0.0,0.0,87.41427612304688,68.01219177246094,12.909133911132812,26.414329528808594,202.947021484375,22.097352981567383,0.376251220703125,0.0626220703125,0.00775146484375,0.0038909912109375,0.02197265625,0.10101318359375,0.21807861328125,0.2084197998046875,1.6112122157704987,0.8093070072270402,0.41015930206908646,0.9811372082603103
1.0,0.99609375,0.0,1.0,1.0,0.7915702273958504,3.1846979912279836,0.0,0.0,0.0,0.0,0.0,0.0,75.367431640625,71.10868835449219,13.50616455078125,26.41827392578125,198.5738983154297,21.302478790283203,0.488861083984375,0.060302734375,0.006805419921875,0.0026092529296875,0.009857177734375,0.0468292236328125,0.14971923828125,0.235015869140625,1.0291713516809011,0.8256505723127627,0.3985200563488729,0.9870875591836143
1.0,0.99609375,0.0,1.0,1.0,0.7915702273958504,3.1846979912279836,0.0,0.0,0.0,0.0,0.0,0.0,81.6416015625,72.11683654785156,14.765594482421875,28.1085262298584,195.6629638671875,23.31795310974121,0.454010009765625,0.0561370849609375,0.0038909912109375,0.0012359619140625,0.0070648193359375,0.0455322265625,0.1710205078125,0.2611083984375,1.7046704664021752,0.7892733240716132,0.3726721987167081,0.9816627359007897
1.0,0.99609375,0.0,1.0,1.0,0.7915702273958504,3.1846979912279836,0.0,0.0,0.0,0.0,0.0,0.0,92.44342041015625,72.29936981201172,16.097366333007812,31.712923049926758,194.06687927246094,22.68117904663086,0.4085540771484375,0.022735595703125,0.00250244140625,0.001007080078125,0.00634765625,0.0490264892578125,0.2101287841796875,0.2996978759765625,2.1223402515233687,0.7877295465632332,0.3457583876172877,0.9779679882567474
1.0,0.99609375,0.0,1.0,1.0,0.7915702273958504,3.1846979912279836,0.0,0.0,0.0,0.0,0.0,0.0,56.71185302734375,65.89583587646484,14.477310180664062,29.16446876525879,197.8218994140625,17.954238891601562,0.5959320068359375,0.0950469970703125,0.0079803466796875,0.003448486328125,0.00885009765625,0.024566650390625,0.0770111083984375,0.187164306640625,1.1324770674462186,0.8403008307917104,0.47530928061563094,0.982500128975268
1.0,0.99609375,0.0,1.0,1.0,0.7915702273958504,3.1846979912279836,0.0,0.0,0.0,0.0,0.0,0.0,75.05311584472656,71.30851745605469,14.963775634765625,30.649768829345703,198.20155334472656,13.454380989074707,0.4918975830078125,0.066070556640625,0.0052947998046875,0.00250244140625,0.00775146484375,0.0394287109375,0.1370697021484375,0.2499847412109375,1.0932463426114074,0.8422340822473129,0.3912919165030512,0.9752692630361337
1.0,0.99609375,0.0,1.0,1.0,0.7915702273958504,3.1846979912279836,0.0,0.0,0.0,0.0,0.0,0.0,101.05265808105469,69.219482421875,14.4561767578125,28.979764938354492,189.523681640625,17.755699157714844,0.33868408203125,0.0257415771484375,0.0032958984375,0.001495361328125,0.0087738037109375,0.0638580322265625,0.260772705078125,0.2973785400390625,1.184087339801862,0.842897319651476,0.3344837216756849,0.9806127242420785
1.0,0.99609375,0.0,1.0,1.0,0.7915702273958504,3.1846979912279836,0.0,0.0,0.0,0.0,0.0,0.0,110.029296875,51.7678108215332,12.486297607421875,27.445470809936523,214.64796447753906,16.65526008605957,0.1969757080078125,0.011749267578125,0.0022125244140625,0.0015411376953125,0.03546142578125,0.3304595947265625,0.3287200927734375,0.0928802490234375,1.7953909501274632,0.811833200481395,0.5568022011885442,0.969711006715338
1.0,0.99609375,0.0,1.0,1.0,0.7915702273958504,3.1846979912279836,0.0,0.0,0.0,0.0,0.0,0.0,99.20755004882812,52.57050704956055,15.696884155273438,35.07500076293945,209.8433380126953,20.643596649169922,0.23577880859375,0.019927978515625,0.0047149658203125,0.00439453125,0.090728759765625,0.3950958251953125,0.1810760498046875,0.0682830810546875,1.993087196536178,0.824444950921623,0.5092221634711583,0.9777487145162425
1.0,0.99609375,0.0,1.0,1.0,0.7915702273958504,3.1846979912279836,0.0,0.0,0.0,0.0,0.0,0.0,102.37153625488281,54.04231643676758,14.530029296875,30.825119018554688,209.40267944335938,18.579931259155273,0.236114501953125,0.018402099609375,0.0038604736328125,0.00274658203125,0.05694580078125,0.3546295166015625,0.2398834228515625,0.0874176025390625,1.4240865296324872,0.8415823517723373,0.457391325167085,0.9800700057622134
1.0,0.99609375,0.0,1.0,1.0,0.7915702273958504,3.1846979912279836,0.0,0.0,0.0,0.0,0.0,0.0,110.54022216796875,51.2672233581543,11.837615966796875,24.616655349731445,213.4383544921875,17.057485580444336,0.1888580322265625,0.0159149169921875,0.0017852783203125,0.0012664794921875,0.0316162109375,0.3474884033203125,0.3255462646484375,0.0875244140625,1.224798614181354,0.8416119959873148,0.581659868994238,0.9779240168939103
1.0,0.99609375,0.0,1.0,1.0,0.7915702273958504,3.1846979912279836,0.0,0.0,0.0,0.0,0.0,0.0,114.60237121582031,41.856239318847656,12.083023071289062,22.428361892700195,208.56015014648438,16.734941482543945,0.1326904296875,0.0120391845703125,0.0005645751953125,0.000762939453125,0.0343780517578125,0.5174407958984375,0.2685699462890625,0.0335540771484375,0.942727405858389,0.8534531361974199,0.45758272137068545,0.9811793677628806
1.0,0.99609375,0.0,1.0,1.0,0.7915702273958504,3.1846979912279836,0.0,0.0,0.0,0.0,0.0,0.0,112.038818359375,55.350730895996094,14.188949584960938,25.303142547607422,203.94049072265625,16.698293685913086,0.206390380859375,0.026947021484375,0.000640869140625,0.000244140625,0.0117340087890625,0.2236328125,0.4097442626953125,0.12066650390625,1.2813152729540243,0.8251375883560287,0.36873071084672315,0.975660580142157
1.0,0.99609375,0.0,1.0,1.0,0.7915702273958504,3.1846979912279836,0.0,0.0,0.0,0.0,0.0,0.0,106.9027099609375,61.86554718017578,10.861129760742188,23.040512084960938,212.8621368408203,15.02155876159668,0.26416015625,0.02154541015625,0.003021240234375,0.0016021728515625,0.01611328125,0.1447296142578125,0.35198974609375,0.19683837890625,1.2726830280446668,0.8256954043914306,0.5493068499265735,0.97232739854819
1.0,0.99609375,0.0,1.0,1.0,0.7915702273958504,3.1846979912279836,0.0,0.0,0.0,0.0,0.0,0.0,104.47984313964844,60.59138107299805,10.79656982421875,23.358705520629883,212.9340362548828,14.830825805664062,0.2587432861328125,0.0275115966796875,0.0046844482421875,0.00311279296875,0.0254669189453125,0.1933441162109375,0.3150787353515625,0.17205810546875,0.8852151554792281,0.8498261653186268,0.526448039322648,0.9802945733306178
1.0,0.99609375,0.0,1.0,1.0,0.7915702273958504,3.1846979912279836,0.0,0.0,0.0,0.0,0.0,0.0,75.19873046875,71.33067321777344,12.430496215820312,24.633697509765625,205.75428771972656,17.799442291259766,0.4997100830078125,0.052886962890625,0.0029296875,0.000946044921875,0.0063934326171875,0.043212890625,0.166748046875,0.2271728515625,0.9465322669071158,0.8538034492101916,0.4807253015863503,0.9839463323181292
1.0,0.99609375,0.0,1.0,1.0,0.7915702273958504,3.1846979912279836,0.0,0.0,0.0,0.0,0.0,0.0,88.350341796875,72.86284637451172,11.607284545898438,21.03856086730957,206.44264221191406,11.9287691116333,0.433349609375,0.02984619140625,0.0017852783203125,0.0005645751953125,0.004150390625,0.0428466796875,0.2083892822265625,0.2790679931640625,0.542701459750379,0.8589254175315001,0.4060272284394637,0.9818952684106046
1.0,0.99609375,0.0,1.0,1.0,0.7915702273958504,3.1846979912279836,0.0,0.0,0.0,0.0,0.0,0.0,118.53355407714844,61.80531311035156,14.057235717773438,28.05885887145996,197.2329559326172,16.28476333618164,0.2370758056640625,0.004974365234375,0.00054931640625,0.0001678466796875,0.0025177001953125,0.0590362548828125,0.4141387939453125,0.2815399169921875,1.1066448886372382,0.831355806244527,0.3705808093430053,0.9801064203999896
1.0,0.99609375,0.0,1.0,1.0,0.7915702273958504,3.1846979912279836,0.0,0.0,0.0,0.0,0.0,0.0,101.42019653320312,51.689571380615234,13.307449340820312,31.32200813293457,213.25601196289062,14.82357406616211,0.219146728515625,0.0182342529296875,0.003875732421875,0.0032501220703125,0.0873870849609375,0.4126739501953125,0.18280029296875,0.0726318359375,1.5508518462428664,0.8533921453232758,0.5893283451553092,0.9701929185544048
1.0,0.99609375,0.0,1.0,1.0,0.7915702273958504,3.1846979912279836,0.0,0.0,0.0,0.0,0.0,0.0,108.45042419433594,46.348636627197266,12.297149658203125,27.045576095581055,211.95529174804688,20.884355545043945,0.1670684814453125,0.0152740478515625,0.0027923583984375,0.0018310546875,0.0649871826171875,0.4728240966796875,0.2240142822265625,0.05120849609375,1.436003186803466,0.837835495212232,0.5880264969852863,0.9816363416938156
1.0,0.99609375,0.0,1.0,1.0,0.7915702273958504,3.1846979912279836,0.0,0.0,0.0,0.0,0.0,0.0,110.07850646972656,43.28011703491211,13.570785522460938,26.762550354003906,206.97775268554688,19.08934211730957,0.14959716796875,0.0150909423828125,0.001434326171875,0.0012054443359375,0.065643310546875,0.5248565673828125,0.208282470703125,0.0338897705078125,1.0471578481962367,0.8519773176935596,0.45601770143124687,0.9842837072948067
1.0,0.99609375,0.0,1.0,1.0,0.7915702273958504,3.1846979912279836,0.0,0.0,0.0,0.0,0.0,0.0,111.32791137695312,40.11568832397461,11.9222412109375,23.733837127685547,207.92417907714844,19.565427780151367,0.117462158203125,0.023040771484375,0.001373291015625,0.001007080078125,0.0713348388671875,0.5923614501953125,0.1642303466796875,0.0291900634765625,1.693589146305532,0.8221405353419351,0.4259622746575509,0.9736358862036678
1.0,0.99609375,0.0,1.0,1.0,0.7915702273958504,3.1846979912279836,0.0,0.0,0.0,0.0,0.0,0.0,109.78970336914062,56.582183837890625,13.869232177734375,27.98178482055664,200.81307983398438,16.676183700561523,0.2171173095703125,0.0282135009765625,0.0013427734375,0.0009613037109375,0.0186920166015625,0.22003173828125,0.381866455078125,0.13177490234375,0.990893507627399,0.8331622925114149,0.3634393225499168,0.9819733841582352
1.0,0.99609375,0.0,1.0,1.0,0.7915702273958504,3.1846979912279836,0.0,0.0,0.0,0.0,0.0,0.0,95.30158996582031,66.12049865722656,14.954360961914062,32.213748931884766,199.46302795410156,33.015602111816406,0.3357696533203125,0.0367889404296875,0.00653076171875,0.0033721923828125,0.0204010009765625,0.127166748046875,0.2683563232421875,0.2016143798828125,2.8207431655801694,0.8041440644253661,0.42611243717823166,0.9836572300432014
1.0,0.99609375,0.0,1.0,1.0,0.7915702273958504,3.1846979912279836,0.0,0.0,0.0,0.0,0.0,0.0,92.38984680175781,63.828975677490234,12.408187866210938,29.079608917236328,205.2864227294922,22.05707359313965,0.31982421875,0.046661376953125,0.0103912353515625,0.006134033203125,0.0435028076171875,0.1806793212890625,0.227752685546875,0.1650543212890625,2.2067859709030087,0.8215196206300859,0.4789654842306791,0.9750521592398504
1.0,0.99609375,0.0,1.0,1.0,0.7915702273958504,3.1846979912279836,0.0,0.0,0.0,0.0,0.0,0.0,69.19493103027344,70.70890808105469,12.81793212890625,28.05419921875,201.19888305664062,20.080230712890625,0.523834228515625,0.082489013671875,0.007415771484375,0.003082275390625,0.0062408447265625,0.0230865478515625,0.1033172607421875,0.2505340576171875,1.4497672150286456,0.8043474238505718,0.5229472868539384,0.9807622726143703
1.0,0.99609375,0.0,1.0,1.0,0.7915702273958504,3.1846979912279836,0.0,0.0,0.0,0.0,0.0,0.0,87.81532287597656,73.2015151977539,12.235733032226562,27.46666145324707,199.1313018798828,19.04328155517578,0.4267425537109375,0.0426788330078125,0.004730224609375,0.0019989013671875,0.006256103515625,0.036346435546875,0.1639251708984375,0.31732177734375,1.617943035114599,0.8258076569760661,0.4452557775465471,0.9764428568520427
1.0,0.99609375,0.0,1.0,1.0,0.7915702273958504,3.1846979912279836,0.0,0.0,0.0,0.0,0.0,0.0,109.70706176757812,65.25975799560547,13.570419311523438,27.49404525756836,191.92474365234375,19.18779754638672,0.278228759765625,0.021087646484375,0.0014190673828125,0.0006256103515625,0.0050811767578125,0.0691680908203125,0.3479766845703125,0.2764129638671875,0.8464949109091312,0.8450485571810962,0.3595286542886144,0.9872611284836179
1.0,0.99609375,0.0,1.0,1.0,0.7915702273958504,3.1846979912279836,0.0,0.0,0.0,0.0,0.0,0.0,105.97959899902344,44.71570587158203,15.988616943359375,33.509395599365234,211.88516235351562,17.404827117919922,0.1725616455078125,0.010772705078125,0.001983642578125,0.0020751953125,0.0886077880859375,0.5296478271484375,0.1604461669921875,0.033905029296875,1.4611719161493162,0.8221338835298001,0.5208678495529455,0.9784421788439926
1.0,0.99609375,0.0,1.0,1.0,0.7915702273958504,3.1846979912279836,0.0,0.0,0.0,0.0,0.0,0.0,107.57514953613281,44.490234375,14.097396850585938,28.55099105834961,209.9879913330078,20.232627868652344,0.157196044921875,0.0205078125,0.0024261474609375,0.001861572265625,0.0830078125,0.517669677734375,0.1758880615234375,0.04144287109375,1.5138301228565252,0.8172903864759813,0.46563575236197186,0.9798321008638037
1.0,0.99609375,0.0,1.0,1.0,0.7915702273958504,3.1846979912279836,0.0,0.0,0.0,0.0,0.0,0.0,109.17678833007812,39.59033203125,12.88287353515625,24.67275619506836,208.14126586914062,18.209287643432617,0.11834716796875,0.0273284912109375,0.00177001953125,0.001556396484375,0.0911865234375,0.6150970458984375,0.1231842041015625,0.0215301513671875,1.1179265531618912,0.8408785401881524,0.46389077365155107,0.9808711317873529
1.0,0.99609375,0.0,1.0,1.0,0.7915702273958504,3.1846979912279836,0.0,0.0,0.0,0.0,0.0,0.0,105.68661499023438,57.667564392089844,16.2498779296875,29.363039016723633,197.9149932861328,20.51197052001953,0.243133544921875,0.0314483642578125,0.0016021728515625,0.0010833740234375,0.022003173828125,0.227691650390625,0.349700927734375,0.1233367919921875,1.064577883543792,0.8315763995132752,0.3404251027556172,0.9861636858696152
1.0,0.99609375,0.0,1.0,1.0,0.7915702273958504,3.1846979912279836,0.0,0.0,0.0,0.0,0.0,0.0,107.72270202636719,55.759246826171875,15.359420776367188,30.527257919311523,200.56219482421875,18.547218322753906,0.220550537109375,0.029632568359375,0.0028533935546875,0.0017547607421875,0.02813720703125,0.2495574951171875,0.34912109375,0.1183929443359375,1.273228613103686,0.8067611104826599,0.33758027006201075,0.9809777331472547
1.0,0.99609375,0.0,1.0,1.0,0.7915702273958504,3.1846979912279836,0.0,0.0,0.0,0.0,0.0,0.0,96.66194152832031,60.94595718383789,14.587936401367188,26.912736892700195,196.86204528808594,33.00290298461914,0.292633056640625,0.0397796630859375,0.0067596435546875,0.0040435791015625,0.039276123046875,0.212799072265625,0.2716064453125,0.1331024169921875,1.5127683774267602,0.8400405856365386,0.39471388352860914,0.9909100938494523
1.0,0.99609375,0.0,1.0,1.0,0.7915702273958504,3.1846979912279836,0.0,0.0,0.0,0.0,0.0,0.0,99.31581115722656,57.16096878051758,12.71881103515625,26.492462158203125,203.02035522460938,24.890472412109375,0.2548065185546875,0.0292816162109375,0.0088653564453125,0.00726318359375,0.064544677734375,0.27337646484375,0.2562713623046875,0.1055908203125,1.4978494046507662,0.8249699958463054,0.44829110620496504,0.9855317180328913
1.0,0.99609375,0.0,1.0,1.0,0.7915702273958504,3.1846979912279836,0.0,0.0,0.0,0.0,0.0,0.0,79.3883056640625,69.57876586914062,13.44580078125,29.192394256591797,198.92630004882812,20.16488265991211,0.4412689208984375,0.064422607421875,0.0095367431640625,0.004852294921875,0.0172576904296875,0.0742340087890625,0.164703369140625,0.223724365234375,1.5032716534472776,0.8093143546056865,0.36904194387667744,0.9802389349826293
1.0,0.99609375,0.0,1.0,1.0,0.7915702273958504,3.1846979912279836,0.0,0.0,0.0,0.0,0.0,0.0,93.03890991210938,68.1055908203125,12.140823364257812,26.061691284179688,196.80140686035156,21.561168670654297,0.35675048828125,0.042938232421875,0.0068817138671875,0.0040283203125,0.0197296142578125,0.0977325439453125,0.2371826171875,0.2347564697265625,1.7307442697399087,0.7963347443658245,0.4438084261100367,0.9786996004181965
1.0,0.99609375,0.0,1.0,1.0,0.7915702273958504,3.1846979912279836,0.0,0.0,0.0,0.0,0.0,0.0,107.85496520996094,60.94503402709961,13.449508666992188,26.02560806274414,191.45877075195312,19.300161361694336,0.2418975830078125,0.0405120849609375,0.002777099609375,0.001800537109375,0.0163116455078125,0.1377410888671875,0.3634033203125,0.195556640625,1.0993543586798613,0.834762973575605,0.3519645194158122,0.983125897709622
1.0,0.99609375,0.0,1.0,1.0,0.7915702273958504,3.1846979912279836,0.0,0.0,0.0,0.0,0.0,0.0,82.07209777832031,69.69955444335938,15.453384399414062,34.59649658203125,206.48728942871094,25.929969787597656,0.4365386962890625,0.0467681884765625,0.005889892578125,0.0025634765625,0.014923095703125,0.087127685546875,0.1929779052734375,0.2132110595703125,2.6875225721063005,0.805578079668463,0.4317427378838845,0.978652225728627
1.0,0.99609375,0.0,1.0,1.0,0.7915702273958504,3.1846979912279836,0.0,0.0,0.0,0.0,0.0,0.0,78.76956176757812,70.1147232055664,16.064544677734375,30.865747451782227,206.2213134765625,19.189298629760742,0.4782257080078125,0.0387420654296875,0.0030975341796875,0.0010986328125,0.0103607177734375,0.071868896484375,0.1898040771484375,0.2068023681640625,2.3428494083229956,0.7804825183366167,0.41804481780953084,0.9685868745960863
1.0,0.99609375,0.0,1.0,1.0,0.7915702273958504,3.1846979912279836,0.0,0.0,0.0,0.0,0.0,0.0,108.79570007324219,58.86796188354492,12.605438232421875,30.027956008911133,205.6764373779297,19.319786071777344,0.239166259765625,0.0135345458984375,0.0021209716796875,0.001190185546875,0.0230712890625,0.211700439453125,0.344573974609375,0.164642333984375,1.8856433443658878,0.8082326722870735,0.39803318377296254,0.9744200349923409
1.0,0.99609375,0.0,1.0,1.0,0.7915702273958504,3.1846979912279836,0.0,0.0,0.0,0.0,0.0,0.0,105.05775451660156,66.93321990966797,13.05670166015625,26.849952697753906,200.19789123535156,18.235671997070312,0.307586669921875,0.018951416015625,0.0013427734375,0.0005035400390625,0.0073699951171875,0.0869293212890625,0.3154754638671875,0.2618408203125,1.647808668703703,0.8083125253205401,0.3152224648358801,0.973709802671987
1.0,0.99609375,0.0,1.0,1.0,0.7915702273958504,3.1846979912279836,0.0,0.0,0.0,0.0,0.0,0.0,105.18144226074219,59.17793655395508,13.666290283203125,29.30796241760254,206.04315185546875,18.94610595703125,0.25811767578125,0.0167694091796875,0.0033416748046875,0.00225830078125,0.029144287109375,0.2117462158203125,0.3316650390625,0.1469573974609375,1.2373374685792324,0.8479305673764029,0.4667540624566325,0.9827496215663489
1.0,0.99609375,0.0,1.0,1.0,0.7915702273958504,3.1846979912279836,0.0,0.0,0.0,0.0,0.0,0.0,69.91865539550781,72.20033264160156,15.535781860351562,28.272737503051758,200.654052734375,23.774412155151367,0.54345703125,0.05865478515625,0.00244140625,0.000640869140625,0.002960205078125,0.0223846435546875,0.1228485107421875,0.246612548828125,2.494779376766461,0.7963519155079889,0.3373669390952341,0.9742352522887313
1.0,0.99609375,0.0,1.0,1.0,0.7915702273958504,3.1846979912279836,0.0,0.0,0.0,0.0,0.0,0.0,75.07699584960938,72.1939926147461,11.455322265625,24.424636840820312,206.2023162841797,19.800655364990234,0.4919586181640625,0.0630645751953125,0.00616455078125,0.001983642578125,0.0078582763671875,0.0377197265625,0.136260986328125,0.2549896240234375,1.7362332042216142,0.8205397516566416,0.4173348749252178,0.9749937805518337
1.0,0.99609375,0.0,1.0,1.0,0.7915702273958504,3.1846979912279836,0.0,0.0,0.0,0.0,0.0,0.0,47.965606689453125,63.72623062133789,13.243240356445312,26.188827514648438,201.8185272216797,17.474510192871094,0.6854248046875,0.0706024169921875,0.00274658203125,0.0007781982421875,0.001953125,0.011688232421875,0.061859130859375,0.164947509765625,1.2014152995935845,0.8294937131017284,0.41791164142847714,0.9796168676242775
1.0,0.99609375,0.0,1.0,1.0,0.7915702273958504,3.1846979912279836,0.0,0.0,0.0,0.0,0.0,0.0,69.90138244628906,73.43353271484375,13.068252563476562,25.393707275390625,196.5010223388672,23.1068058013916,0.555511474609375,0.048553466796875,0.0019378662109375,0.0005645751953125,0.0021209716796875,0.0165557861328125,0.107452392578125,0.267303466796875,1.776736116555707,0.8203090553265662,0.41414934677530335,0.9795920702933489
1.0,0.99609375,0.0,1.0,1.0,0.7915702273958504,3.1846979912279836,0.0,0.0,0.0,0.0,0.0,0.0,99.32171630859375,73.68761444091797,14.536575317382812,30.42875099182129,190.44627380371094,22.82467269897461,0.383026123046875,0.0123138427734375,0.0009918212890625,0.000274658203125,0.002716064453125,0.02850341796875,0.2149505615234375,0.3572235107421875,2.073176226536736,0.817599844189363,0.3066991405664185,0.9774398276553663
1.0,0.99609375,0.0,1.0,1.0,0.7915702273958504,3.1846979912279836,0.0,0.0,0.0,0.0,0.0,0.0,89.70590209960938,64.93058013916016,16.86798095703125,34.2849235534668,201.91201782226562,30.861560821533203,0.3589019775390625,0.0374298095703125,0.0077667236328125,0.0045928955078125,0.034332275390625,0.163818359375,0.2313995361328125,0.1617584228515625,2.924119634463368,0.7827833489059406,0.49648260296575175,0.9821374792459856
1.0,0.99609375,0.0,1.0,1.0,0.7915702273958504,3.1846979912279836,0.0,0.0,0.0,0.0,0.0,0.0,86.20957946777344,65.38514709472656,17.21099853515625,31.118450164794922,204.52967834472656,19.72029685974121,0.387725830078125,0.0436859130859375,0.0076904296875,0.00408935546875,0.0323944091796875,0.1472930908203125,0.2136688232421875,0.1634521484375,1.995976542785502,0.7526486154940941,0.4291446582958699,0.9748584326238179
1.0,0.99609375,0.0,1.0,1.0,0.7915702273958504,3.1846979912279836,0.0,0.0,0.0,0.0,0.0,0.0,101.78388977050781,55.90555953979492,13.581375122070312,30.723154067993164,204.82846069335938,21.695459365844727,0.2340545654296875,0.031402587890625,0.006561279296875,0.0050201416015625,0.0647735595703125,0.293304443359375,0.258880615234375,0.1060028076171875,1.9269180681650968,0.8068462479533649,0.4646072390895807,0.9778996881915145
1.0,0.99609375,0.0,1.0,1.0,0.7915702273958504,3.1846979912279836,0.0,0.0,0.0,0.0,0.0,0.0,100.15866088867188,62.54715347290039,14.541061401367188,29.12498664855957,200.67593383789062,20.99166488647461,0.292327880859375,0.0334014892578125,0.003448486328125,0.0022125244140625,0.0269012451171875,0.1801910400390625,0.2894134521484375,0.1721038818359375,1.7578832827920223,0.7851842439861489,0.3896328229561784,0.9782704543290056
1.0,0.99609375,0.0,1.0,1.0,0.7915702273958504,3.1846979912279836,0.0,0.0,0.0,0.0,0.0,0.0,83.66123962402344,68.85160827636719,16.025634765625,27.271839141845703,198.286865234375,24.016643524169922,0.392974853515625,0.0869903564453125,0.005889892578125,0.0026702880859375,0.0140838623046875,0.08087158203125,0.20745849609375,0.2090606689453125,1.5840255132989083,0.7750555175342377,0.3500492047913081,0.9837338376968804
1.0,0.99609375,0.0,1.0,1.0,0.7915702273958504,3.1846979912279836,0.0,0.0,0.0,0.0,0.0,0.0,89.67015075683594,64.81873321533203,13.733657836914062,31.66398811340332,207.13465881347656,16.302589416503906,0.3450164794921875,0.051513671875,0.007568359375,0.0041961669921875,0.034393310546875,0.167877197265625,0.2272796630859375,0.1621551513671875,1.0090379207640563,0.8646050333922932,0.472659213031585,0.9830197943726038
1.0,0.99609375,0.0,1.0,1.0,0.7915702273958504,3.1846979912279836,0.0,0.0,0.0,0.0,0.0,0.0,87.41427612304688,68.01219177246094,12.909133911132812,26.414329528808594,202.947021484375,22.097352981567383,0.376251220703125,0.0626220703125,0.00775146484375,0.0038909912109375,0.02197265625,0.10101318359375,0.21807861328125,0.2084197998046875,1.6112122157704987,0.8093070072270402,0.41015930206908646,0.9811372082603103
1.0,0.99609375,0.0,1.0,1.0,0.7915702273958504,3.1846979912279836,0.0,0.0,0.0,0.0,0.0,0.0,75.367431640625,71.10868835449219,13.50616455078125,26.41827392578125,198.5738983154297,21.302478790283203,0.488861083984375,0.060302734375,0.006805419921875,0.0026092529296875,0.009857177734375,0.0468292236328125,0.14971923828125,0.235015869140625,1.0291713516809011,0.8256505723127627,0.3985200563488729,0.9870875591836143
1.0,0.99609375,0.0,1.0,1.0,0.7915702273958504,3.1846979912279836,0.0,0.0,0.0,0.0,0.0,0.0,81.6416015625,72.11683654785156,14.765594482421875,28.1085262298584,195.6629638671875,23.31795310974121,0.454010009765625,0.0561370849609375,0.0038909912109375,0.0012359619140625,0.0070648193359375,0.0455322265625,0.1710205078125,0.2611083984375,1.7046704664021752,0.7892733240716132,0.3726721987167081,0.9816627359007897
1.0,0.99609375,0.0,1.0,1.0,0.7915702273958504,3.1846979912279836,0.0,0.0,0.0,0.0,0.0,0.0,92.44342041015625,72.29936981201172,16.097366333007812,31.712923049926758,194.06687927246094,22.68117904663086,0.4085540771484375,0.022735595703125,0.00250244140625,0.001007080078125,0.00634765625,0.0490264892578125,0.2101287841796875,0.2996978759765625,2.1223402515233687,0.7877295465632332,0.3457583876172877,0.9779679882567474
1.0,0.99609375,0.0,1.0,1.0,0.7915702273958504,3.1846979912279836,0.0,0.0,0.0,0.0,0.0,0.0,56.71185302734375,65.89583587646484,14.477310180664062,29.16446876525879,197.8218994140625,17.954238891601562,0.5959320068359375,0.0950469970703125,0.0079803466796875,0.003448486328125,0.00885009765625,0.024566650390625,0.0770111083984375,0.187164306640625,1.1324770674462186,0.8403008307917104,0.47530928061563094,0.982500128975268
1.0,0.99609375,0.0,1.0,1.0,0.7915702273958504,3.1846979912279836,0.0,0.0,0.0,0.0,0.0,0.0,75.05311584472656,71.30851745605469,14.963775634765625,30.649768829345703,198.20155334472656,13.454380989074707,0.4918975830078125,0.066070556640625,0.0052947998046875,0.00250244140625,0.00775146484375,0.0394287109375,0.1370697021484375,0.2499847412109375,1.0932463426114074,0.8422340822473129,0.3912919165030512,0.9752692630361337
1.0,0.99609375,0.0,1.0,1.0,0.7915702273958504,3.1846979912279836,0.0,0.0,0.0,0.0,0.0,0.0,101.05265808105469,69.219482421875,14.4561767578125,28.979764938354492,189.523681640625,17.755699157714844,0.33868408203125,0.0257415771484375,0.0032958984375,0.001495361328125,0.0087738037109375,0.0638580322265625,0.260772705078125,0.2973785400390625,1.184087339801862,0.842897319651476,0.3344837216756849,0.9806127242420785
1.0,0.99609375,0.0,1.0,1.0,0.7915702273958504,3.1846979912279836,0.0,0.0,0.0,0.0,0.0,0.0,110.029296875,51.7678108215332,12.486297607421875,27.445470809936523,214.64796447753906,16.65526008605957,0.1969757080078125,0.011749267578125,0.0022125244140625,0.0015411376953125,0.03546142578125,0.3304595947265625,0.3287200927734375,0.0928802490234375,1.7953909501274632,0.811833200481395,0.5568022011885442,0.969711006715338
